,am,aspect,polarities
0,ግሩም ምግብ፣ ጥሩ አስተናጋጅነት፣ ጥሩ መንፈስ ና ከሁሉ የተሻለው ቢራ!,ከባቢ አየር,positive
4,ግሩም ምግብ፣ ጥሩ አስተናጋጅነት፣ ጥሩ መንፈስ ና ከሁሉ የተሻለው ቢራ!,አስተናጋጆች,positive
8,ግሩም ምግብ፣ ጥሩ አስተናጋጅነት፣ ጥሩ መንፈስ ና ከሁሉ የተሻለው ቢራ!,ቢራ,positive
12,ግሩም ምግብ፣ ጥሩ አስተናጋጅነት፣ ጥሩ መንፈስ ና ከሁሉ የተሻለው ቢራ!,ምግብ,positive
16,ምግቡ ከፍተኛ ደረጃ ላይ የሚገኝ ከመሆኑም በላይ አገልግሎቱ በትኩረት የሚከናውን ከመሆኑም በላይ ከባቢ አየር በጣም አስደሳች ነው።,አገልግሎት,positive
20,ምግቡ ከፍተኛ ደረጃ ላይ የሚገኝ ከመሆኑም በላይ አገልግሎቱ በትኩረት የሚከናውን ከመሆኑም በላይ ከባቢ አየር በጣም አስደሳች ነው።,ከባቢ አየር,positive
24,ምግቡ ከፍተኛ ደረጃ ላይ የሚገኝ ከመሆኑም በላይ አገልግሎቱ በትኩረት የሚከናውን ከመሆኑም በላይ ከባቢ አየር በጣም አስደሳች ነው።,ምግብ,positive
28,አስተናጋጇ የተሳሳተውን መግቢያ የምታወጣበት፣ ከዚያም የ80 ዓመት ሴት አያትህን በቃል የምትደበድበው እና (በነገራችን ላይ በትህትና ስላደረገችው) ከንፈሯን ስለመመለስ ምን ማለት ትችላለህ?,entrée,neutral
31,አስተናጋጇ የተሳሳተውን መግቢያ የምታወጣበት፣ ከዚያም የ80 ዓመት ሴት አያትህን በቃል የምትደበድበው እና (በነገራችን ላይ በትህትና ስላደረገችው) ከንፈሯን ስለመመለስ ምን ማለት ትችላለህ?,አስተናጋጅ,negative
33,አገልግሎቱ በዙሪያው በጣም ድሃ ነበር፣ ምግቡ ከዋጋው ጋር ሲታይ ከአማካይ በጣም ዝቅተኛ ነበር፣ እናም ከውጭ ደግሞ ቦታውን ለቅቆ የሚወጣን እያንዳንዱን ደንበኛ የሚያስቸግር እብድ እብጠት አለ።,ዋጋ,negative
35,አገልግሎቱ በዙሪያው በጣም ድሃ ነበር፣ ምግቡ ከዋጋው ጋር ሲታይ ከአማካይ በጣም ዝቅተኛ ነበር፣ እናም ከውጭ ደግሞ ቦታውን ለቅቆ የሚወጣን እያንዳንዱን ደንበኛ የሚያስቸግር እብድ እብጠት አለ።,አገልግሎት,negative
39,አገልግሎቱ በዙሪያው በጣም ድሃ ነበር፣ ምግቡ ከዋጋው ጋር ሲታይ ከአማካይ በጣም ዝቅተኛ ነበር፣ እናም ከውጭ ደግሞ ቦታውን ለቅቆ የሚወጣን እያንዳንዱን ደንበኛ የሚያስቸግር እብድ እብጠት አለ።,ምግብ,negative
43,ምናልባት በኒው ዮርክ ከሁሉ የከፋ የመግብያ ልምድ ይኖረኛል፣ እናም ቀደም ሲል አስተናጋጅ ስለሆንኩ ስለምን እየተናገርኩ እንዳለሁ አውቃለሁ።,የመምገኛ ልምድ,negative
46,ምናልባት በኒው ዮርክ ከሁሉ የከፋ የመግብያ ልምድ ይኖረኛል፣ እናም ቀደም ሲል አስተናጋጅ ስለሆንኩ ስለምን እየተናገርኩ እንዳለሁ አውቃለሁ።,አስተናጋጅ,neutral
48,"አዲሱ ሜኑ ጥቂት የፈጠራ እቃዎች አሉት, አንዳንድ አሮጌ የሚወዷቸውን ነገሮች (ነገር ግን ዋጋቸውን ከፍ ከፍ ለማድረግ በቂ ነበሩ), ሠራተኞቹ አብዛኛውን ጊዜ ወዳጃዊ ናቸው, ነገር ግን ስለሚወዷቸው ቃላቶች ከጻፈው ሰው ጋር መስማማት አለብኝ ምንም, አይችሉም, ይቅርታ..., ልጅ, ለማንም ደንቦቹን አይጎነጨፉም.",ዋጋዎች,negative
52,"አዲሱ ሜኑ ጥቂት የፈጠራ እቃዎች አሉት, አንዳንድ አሮጌ የሚወዷቸውን ነገሮች (ነገር ግን ዋጋቸውን ከፍ ከፍ ለማድረግ በቂ ነበሩ), ሠራተኞቹ አብዛኛውን ጊዜ ወዳጃዊ ናቸው, ነገር ግን ስለሚወዷቸው ቃላቶች ከጻፈው ሰው ጋር መስማማት አለብኝ ምንም, አይችሉም, ይቅርታ..., ልጅ, ለማንም ደንቦቹን አይጎነጨፉም.",አዲስ ሜኑ,positive
56,አብዛኛውን ጊዜ አንድ የቬትናም የበሬ ኑደል ሾርባ እሰጣለሁ ።,የቬትናም የበሬ ኑደል ሾርባ,neutral
58,እዚህ የሚኖሩት ዳክዬዎቻቸውም በጣም ጣፋጭ ናቸው።,ዳክዬ,positive
61,ጉርሜት ምግቦችን በፍጥነት መመገብ ትችላለህ ።,ምግብ,positive
64,ጉርሜት ምግቦችን በፍጥነት መመገብ ትችላለህ ።,ዋጋ,positive
66,ምሽት ላይ የከባቢ ውሃ ይለዋወጣል። ይህ የተደበቀ ጌጥ ይለዋወጣል።,atmoshere,positive
69,ቡቲክ የሚመረጠው የወይን ጠጅ ምንም ዓይነት ጫና ሳይደረግበት የተለያዩ ዓይነቶችን ይሸፍናል ።,ቡቲክ የወይን ጠጅ ምርጫ,neutral
72,ፒሳዎች ከምቾቶችና ከዋና ዋና ኮርሶች በተጨማሪ በጣም ጥሩ ነበሩ።,ዋና ኮርሶች,positive
74,ፒሳዎች ከምቾቶችና ከዋና ዋና ኮርሶች በተጨማሪ በጣም ጥሩ ነበሩ።,ቅመማ ቅመማ,positive
76,ፒሳዎች ከምቾቶችና ከዋና ዋና ኮርሶች በተጨማሪ በጣም ጥሩ ነበሩ።,ፒሳ,positive
79,ካላማሪን ፣ ማንኛውንም ፓስታ ሌላው ቀርቶ ስቴክ ኢንትሬን ለመሞከር ሞክር ።,ካላማሪ,positive
82,ካላማሪን ፣ ማንኛውንም ፓስታ ሌላው ቀርቶ ስቴክ ኢንትሬን ለመሞከር ሞክር ።,ፓስታ,positive
85,ካላማሪን ፣ ማንኛውንም ፓስታ ሌላው ቀርቶ ስቴክ ኢንትሬን ለመሞከር ሞክር ።,የተቆራረጠ ስቴክ entrée,positive
88,ከጥንት ጀምሮ ወዳጃዊ ስሜት ያላቸው ሠራተኞች ያነጋግሩን የነበረ ሲሆን በቼልሲ ፒርስ የነበረው የመኪና ማቆሚያ ጀልባው ላይ ለመድረስ ቀላል እንዲሆንልን አድርጓል።,የመኪና ማቆሚያ,positive
92,ከጥንት ጀምሮ ወዳጃዊ ስሜት ያላቸው ሠራተኞች ያነጋግሩን የነበረ ሲሆን በቼልሲ ፒርስ የነበረው የመኪና ማቆሚያ ጀልባው ላይ ለመድረስ ቀላል እንዲሆንልን አድርጓል።,የሠራተኞች ሜሜበር,positive
96,አንድ ጊዜ በመርከብ ከሄድን በኋላ በጣም ታዋቂ የሆኑት ምግቦችና መዝናኛዎች ፈጽሞ የማይረሳ ምሽት ላይ ሸጡን።,የቀጥታ መዝናኛ,positive
99,አንድ ጊዜ በመርከብ ከሄድን በኋላ በጣም ታዋቂ የሆኑት ምግቦችና መዝናኛዎች ፈጽሞ የማይረሳ ምሽት ላይ ሸጡን።,ምግብ,positive
102,በማንኛውም ጊዜና በአካባቢዬ ስሆን ወደ ሱሺ ሮዝ በመሄድ ትኩስ ሱሺ እና ብዙ ምግብ በተመጣጣኝ ዋጋ እሰጣለሁ።,የተወሰኑ ክፍሎች,positive
106,በማንኛውም ጊዜና በአካባቢዬ ስሆን ወደ ሱሺ ሮዝ በመሄድ ትኩስ ሱሺ እና ብዙ ምግብ በተመጣጣኝ ዋጋ እሰጣለሁ።,ዋጋ,positive
110,በማንኛውም ጊዜና በአካባቢዬ ስሆን ወደ ሱሺ ሮዝ በመሄድ ትኩስ ሱሺ እና ብዙ ምግብ በተመጣጣኝ ዋጋ እሰጣለሁ።,ሱሺ,positive
114,የእንጉዳይ ገብስ ሾርባ በጣም የሚያስደንቅ ነው።,የእንጉዳይ ገብስ ሾርባ,positive
117,ዓርብ ዕለት እዚህ እራት የበላሁ ሲሆን ምግቡም በጣም አስደሳች ነበር ።,እራት,neutral
119,ዓርብ ዕለት እዚህ እራት የበላሁ ሲሆን ምግቡም በጣም አስደሳች ነበር ።,ምግብ,positive
122,እራት ከበላሁ በኋላ ሙዚቃ ሲጫወት ሰማሁና ፎቅ ላይ አንድ ሳሎን እንዳለ ተገነዘብኩ ።,ሙዚቃ,neutral
124,እራት ከበላሁ በኋላ ሙዚቃ ሲጫወት ሰማሁና ፎቅ ላይ አንድ ሳሎን እንዳለ ተገነዘብኩ ።,እራት,neutral
126,እራት ከበላሁ በኋላ ሙዚቃ ሲጫወት ሰማሁና ፎቅ ላይ አንድ ሳሎን እንዳለ ተገነዘብኩ ።,ሳሎን,neutral
128,ምግቡ ጥሩ ነበር፣ አገልግሎቱ ንፋስ ነበር፣ ዋጋውም በጣም ምክንያታዊ ነበር። ,አገልግሎት,positive
132,ምግቡ ጥሩ ነበር፣ አገልግሎቱ ንፋስ ነበር፣ ዋጋውም በጣም ምክንያታዊ ነበር። ,ዋጋ,positive
136,ምግቡ ጥሩ ነበር፣ አገልግሎቱ ንፋስ ነበር፣ ዋጋውም በጣም ምክንያታዊ ነበር። ,ምግብ,positive
140,የፓስታ ፕሪማቬራ በጣም አስደናቂ ከመሆኑም በላይ ብዙ ትኩስ የአትክልቶች ዝርያዎችም ነበሩ።,አዲስ የተንደላቀቀ,positive
144,የፓስታ ፕሪማቬራ በጣም አስደናቂ ከመሆኑም በላይ ብዙ ትኩስ የአትክልቶች ዝርያዎችም ነበሩ።,ፓስታ ፕሪማቬራ,positive
148,"በሚያሳዝን ሁኔታ, የእኛን ትርዒት ቲኬቶች, ምንም ጣፋጭ ምግብ ናሙና ለመውሰድ ጊዜ አልነበረንም.",ጣፋጭ ምግብ,neutral
150,ጎረቤት ከሆንክ ለታላቅ ምግብ አጠገቡ እንደምትመጣ ምንም ጥርጥር የለውም።,ምግብ,positive
153,ከአንድ ሰዓት በላይ ስትጠብቅ ከ20-30 ደቂቃ እንደሚፈጀው ሲነግሩህ ሥራ አስኪያጁ የከፈልከውን መጠጥ እንዲያፈስልህ ለባርኔቱ ነግሮት ያውቃል?,ይጠብቅ,negative
155,ከአንድ ሰዓት በላይ ስትጠብቅ ከ20-30 ደቂቃ እንደሚፈጀው ሲነግሩህ ሥራ አስኪያጁ የከፈልከውን መጠጥ እንዲያፈስልህ ለባርኔቱ ነግሮት ያውቃል?,ባርቴንደር,neutral
157,ከአንድ ሰዓት በላይ ስትጠብቅ ከ20-30 ደቂቃ እንደሚፈጀው ሲነግሩህ ሥራ አስኪያጁ የከፈልከውን መጠጥ እንዲያፈስልህ ለባርኔቱ ነግሮት ያውቃል?,ሥራ አስኪያጅ,negative
159,ከአንድ ሰዓት በላይ ስትጠብቅ ከ20-30 ደቂቃ እንደሚፈጀው ሲነግሩህ ሥራ አስኪያጁ የከፈልከውን መጠጥ እንዲያፈስልህ ለባርኔቱ ነግሮት ያውቃል?,መጠጦች,neutral
161,ይህ የሆነው ግርማ በጎደለው ሥራ አስኪያጅና አክብሮት በጎደለው አንድ ባርቴንደር ምክንያት ሲሆን ይህ ሰው 20 ደቂቃ እንድንጠጣ ካደረገናን በኋላ እንድንቀዘቅዝ ነገረን ።,ሥራ አስኪያጅ,negative
165,ይህ የሆነው ግርማ በጎደለው ሥራ አስኪያጅና አክብሮት በጎደለው አንድ ባርቴንደር ምክንያት ሲሆን ይህ ሰው 20 ደቂቃ እንድንጠጣ ካደረገናን በኋላ እንድንቀዘቅዝ ነገረን ።,ባርቴንደር,negative
169,ይህ የሆነው ግርማ በጎደለው ሥራ አስኪያጅና አክብሮት በጎደለው አንድ ባርቴንደር ምክንያት ሲሆን ይህ ሰው 20 ደቂቃ እንድንጠጣ ካደረገናን በኋላ እንድንቀዘቅዝ ነገረን ።,መጠባበቂያ,negative
173,ይህ የሆነው ግርማ በጎደለው ሥራ አስኪያጅና አክብሮት በጎደለው አንድ ባርቴንደር ምክንያት ሲሆን ይህ ሰው 20 ደቂቃ እንድንጠጣ ካደረገናን በኋላ እንድንቀዘቅዝ ነገረን ።,መጠጦች,neutral
177,ፈጽሞ አትጨነቁ - መጠጦቹ አስፈሪ ነበሩ ፣ ነገር ግን ይህንን በመመገብ ረገድ ከሁሉ የከፋ ተሞክሮ ያደረጉት በዚያ የሚሠሩት ሰዎች ነበሩ ።,መጠጦች,negative
181,ፈጽሞ አትጨነቁ - መጠጦቹ አስፈሪ ነበሩ ፣ ነገር ግን ይህንን በመመገብ ረገድ ከሁሉ የከፋ ተሞክሮ ያደረጉት በዚያ የሚሠሩት ሰዎች ነበሩ ።,ማዕድ,negative
185,ፈጽሞ አትጨነቁ - መጠጦቹ አስፈሪ ነበሩ ፣ ነገር ግን ይህንን በመመገብ ረገድ ከሁሉ የከፋ ተሞክሮ ያደረጉት በዚያ የሚሠሩት ሰዎች ነበሩ ።,ሰዎች,negative
189,በዚያ የሚሠራ ሁሉ (አስተናጋጅ፣ ባርቴንደር፣ ሰርቨሮች) በጣም ይረዳል።,አስተናጋጅ,positive
192,በዚያ የሚሠራ ሁሉ (አስተናጋጅ፣ ባርቴንደር፣ ሰርቨሮች) በጣም ይረዳል።,ባርቴንደር,positive
195,በዚያ የሚሠራ ሁሉ (አስተናጋጅ፣ ባርቴንደር፣ ሰርቨሮች) በጣም ይረዳል።,ሰርቨሮች,positive
198,ምግቡም በጣም አስደናቂ ነው።,ምግብ,positive
201,በጣም የሚወዱት የሚከተሉት ናቸው - ድንች ስፒናች ግኖኪ እና ጠቦት።,የበግ ጠቦት,positive
204,በጣም የሚወዱት የሚከተሉት ናቸው - ድንች ስፒናች ግኖኪ እና ጠቦት።,ድንች ስፒናች ግኖኪ,positive
207,ግማሽ ዶሮ በተራራ ሩዝና ባቄላ በ6.25 ብር።,ሩዝ,neutral
209,ግማሽ ዶሮ በተራራ ሩዝና ባቄላ በ6.25 ብር።,ዶሮ,neutral
211,ግማሽ ዶሮ በተራራ ሩዝና ባቄላ በ6.25 ብር።,ባቄላ,neutral
213,አገልግሎቱ በጣም ግሩም ከመሆኑም በላይ ያለ አየር ሁልጊዜ ትምህርት ሰጪ ነው ።,አገልግሎት,positive
216,በእርግጥ እመለሳለሁ-- በጥቁር ሰሌዳ ላይ ካሉት ለየት ያሉ ማርቲኒዎች መካከል ለአንዳንዶቹ ቢሆን ኖሮ።,ማርቲኒስ,positive
219,የ AC እጥረት እና አንድ ሚሊዮን የህወሓት አካላት መኖራቸው (ሁሉም ሰው ትህትና ያለው እና ማንም የሚገፋው ባይሆንም) ትንሽ ማጥፋት ነው.,የ AC,negative
222,ይሁን እንጂ ከቤት ውጭ መሆን፣ በታላቅ የዓለማቀፍ አቀማመጥ፣ ወደዚህ ቦታ መሄድ የሚያስቆጭ የአልኮል መጠጥ በመጠጣት ረገድ በጣም የሚያስደስት ነገር አለ።,ቦታ,positive
224,ይሁን እንጂ ከቤት ውጭ መሆን፣ በታላቅ የዓለማቀፍ አቀማመጥ፣ ወደዚህ ቦታ መሄድ የሚያስቆጭ የአልኮል መጠጥ በመጠጣት ረገድ በጣም የሚያስደስት ነገር አለ።,ከቤት ውጭ,positive
228,ይሁን እንጂ ከቤት ውጭ መሆን፣ በታላቅ የዓለማቀፍ አቀማመጥ፣ ወደዚህ ቦታ መሄድ የሚያስቆጭ የአልኮል መጠጥ በመጠጣት ረገድ በጣም የሚያስደስት ነገር አለ።,ተራ መጠጥ,positive
232,ሐሳብ መስጠት ስላቃተኝ ምግብ ለማግኘት ወደዚያ አልሄድኩም።,ምግብ,neutral
234,አንድ ማጭበርበር ቀስ በቀስ የባር አገልግሎት ነበር።,ባር አገልግሎት,negative
237,እኔና ጓደኞቼ የኪፕስ ቤይ የፊልም ቲያትር ቤት ከመምጣቴ በፊት ፒሳ ለመግጠም እዚህ ቆምን።,ፒሳ,neutral
239,ፒሳውን ሁልጊዜ እናስደስታለን።,ፒሳ,positive
242,አገልግሎቱ በጣም ጥሩ ነው።,አገልግሎት,positive
245,"ሁለት ቅሬታዎች- የምግብ ምርጫቸው ሽሙጥ, ሜኑ ላይ አንዳንድ mozzarella እንጨቶች ማግኘት ጥሩ ነው.",ሞዛሬላ እንጨቶች,neutral
247,"ሁለት ቅሬታዎች- የምግብ ምርጫቸው ሽሙጥ, ሜኑ ላይ አንዳንድ mozzarella እንጨቶች ማግኘት ጥሩ ነው.",ሜኑ,negative
249,"ሁለት ቅሬታዎች- የምግብ ምርጫቸው ሽሙጥ, ሜኑ ላይ አንዳንድ mozzarella እንጨቶች ማግኘት ጥሩ ነው.",የቅመማ ቅመማ ምርጫ,negative
252,ማራኪ ያልሆነው መብራት ለመገጣጠም አነሳሳኝ፣ ምግቡ ከልክ ያለፈ ዋጋ ነበረው፣ በጣም አስፈሪ የሆነ የዲስኮ ፖፕ ዱዮ ትርዒት ነበር- እና ስካርጎቴ ከሳህኑ ላይ የሚንሸራተት ይመስል ነበር።,ዲስኮ ፖፕ ዱዮ,negative
256,ማራኪ ያልሆነው መብራት ለመገጣጠም አነሳሳኝ፣ ምግቡ ከልክ ያለፈ ዋጋ ነበረው፣ በጣም አስፈሪ የሆነ የዲስኮ ፖፕ ዱዮ ትርዒት ነበር- እና ስካርጎቴ ከሳህኑ ላይ የሚንሸራተት ይመስል ነበር።,መብራት,negative
260,ማራኪ ያልሆነው መብራት ለመገጣጠም አነሳሳኝ፣ ምግቡ ከልክ ያለፈ ዋጋ ነበረው፣ በጣም አስፈሪ የሆነ የዲስኮ ፖፕ ዱዮ ትርዒት ነበር- እና ስካርጎቴ ከሳህኑ ላይ የሚንሸራተት ይመስል ነበር።,ኤስካርጎት,negative
262,ማራኪ ያልሆነው መብራት ለመገጣጠም አነሳሳኝ፣ ምግቡ ከልክ ያለፈ ዋጋ ነበረው፣ በጣም አስፈሪ የሆነ የዲስኮ ፖፕ ዱዮ ትርዒት ነበር- እና ስካርጎቴ ከሳህኑ ላይ የሚንሸራተት ይመስል ነበር።,ምግብ,negative
266,ከዚህ በፊት በህይወቴ ምግብ መልሼ አልላክሁም ፤ ሆኖም እንዲህ ማድረግ ነበረብኝ ፤ አስተናጋጁም በዚህ ጉዳይ ላይ ተከራከረልኝ ።,አስተናጋጅ,negative
268,ከዚህ በፊት በህይወቴ ምግብ መልሼ አልላክሁም ፤ ሆኖም እንዲህ ማድረግ ነበረብኝ ፤ አስተናጋጁም በዚህ ጉዳይ ላይ ተከራከረልኝ ።,ምግብ,negative
270,"አገልግሎቱ ታላቅ ነው, የእኔ ሾርባ ሁሌም ጥሩ እና ትኩስ ይደርሳል.",ሾርባ,positive
273,"አገልግሎቱ ታላቅ ነው, የእኔ ሾርባ ሁሌም ጥሩ እና ትኩስ ይደርሳል.",አገልግሎት,positive
276,ብቸኛው ቅሬታዬ የሀብት ኩኪዎች ሊሆን ይችላል - ካርን ከመጎብኘቴ በፊት ኩኪ መጥፎ ዕድል እንደሚተነብየኝ ተናግሬ አላውቅም ።,ኩኪ,negative
278,ብቸኛው ቅሬታዬ የሀብት ኩኪዎች ሊሆን ይችላል - ካርን ከመጎብኘቴ በፊት ኩኪ መጥፎ ዕድል እንደሚተነብየኝ ተናግሬ አላውቅም ።,የጥንቆላ ኩኪዎች,negative
281,"መሰረታዊ የፒዛ መገጣጠሚያ ነው, ብዙ ለመመልከት አይደለም, ነገር ግን እኔ የምሄደው ፒዛ ነው.",ፒሳ,positive
284,ስጋው ደስ የሚያሰኝና ጣዕም ያለው ከመሆኑም በላይ ፍሬው ጥሩና የተንቆጠቆጠ ነው።,የሸርጣን,positive
288,ስጋው ደስ የሚያሰኝና ጣዕም ያለው ከመሆኑም በላይ ፍሬው ጥሩና የተንቆጠቆጠ ነው።,ስጋ,positive
292,በተመሳሳይም በጣም ስስ የሸርጣን ወይም ትልቅ ቁርጥራጭ የምትወዱ ከሆነ ኒክ እና ጆ የምትወዱት ላይሆኑ ይችላሉ።,ስስ ፍርፍር,negative
294,በተመሳሳይም በጣም ስስ የሸርጣን ወይም ትልቅ ቁርጥራጭ የምትወዱ ከሆነ ኒክ እና ጆ የምትወዱት ላይሆኑ ይችላሉ።,ቆራረጣዎች,negative
296,የምግብ ምርጫ በጣም ግሩም ነው (በምግብ ቤቶች ውስጥ ብዙ ምርጫ ለማድረግ አልለመድኩም)፣ እናም ከባቢ አየር በጣም ጥሩ ነው።,ከባቢ አየር,positive
300,የምግብ ምርጫ በጣም ግሩም ነው (በምግብ ቤቶች ውስጥ ብዙ ምርጫ ለማድረግ አልለመድኩም)፣ እናም ከባቢ አየር በጣም ጥሩ ነው።,የምግብ ምርጫ,positive
304,በየወቅቱ የሚለዋወጠዉ ሜኑ አካባቢያዊም ሆነ ዓለም አቀፍ ተጽእኖዎችን ያሳያል።,ሜኑ,neutral
307,ሊትል ፒ ኩባንያን እንደ ማንኛውም ሰው ሁሉ እወደዋለሁ፣ ነገር ግን ከሁለት የሽያጭ ሰዎች በሚሰጡት የሩድ አገልግሎት ምክንያት ማንኛውንም ሰው ግራንድ ሴንትራል ቦታውን እንዳይጎበኝ መከልከል አለብኝ።,የሽያጭ ሰዎች,negative
310,ሊትል ፒ ኩባንያን እንደ ማንኛውም ሰው ሁሉ እወደዋለሁ፣ ነገር ግን ከሁለት የሽያጭ ሰዎች በሚሰጡት የሩድ አገልግሎት ምክንያት ማንኛውንም ሰው ግራንድ ሴንትራል ቦታውን እንዳይጎበኝ መከልከል አለብኝ።,አገልግሎት,negative
313,የገዛሁትን ገንዘብ ከከፈልኩ በኋላ የምበላበትን ዕቃ እንዳልሰጡኝ አስተዋልኩ።,ፓይ,neutral
315,የገዛሁትን ገንዘብ ከከፈልኩ በኋላ የምበላበትን ዕቃ እንዳልሰጡኝ አስተዋልኩ።,መገልገያዎች,neutral
317,ለሹካ ሶስተኛ ሰራተኛ ባንዲራ መጣል ነበረብኝ... ስለዚህ አሁን ተሰናብቶታል ሊትል ሩድ ፒ ኩባንያ።,ሠራተኞች,neutral
319,ለሹካ ሶስተኛ ሰራተኛ ባንዲራ መጣል ነበረብኝ... ስለዚህ አሁን ተሰናብቶታል ሊትል ሩድ ፒ ኩባንያ።,ፎርክ,neutral
321,ምግቡ በጣም ጥሩ ነው፤ ጌጣጌጠኑም ጥሩ ነው።,décor,positive
325,ምግቡ በጣም ጥሩ ነው፤ ጌጣጌጠኑም ጥሩ ነው።,ምግብ,positive
329,አገልግሎቱ ግን ከምግብ ጥራት (አሰቃቂ ባርቴንደር) በታች አንድ ወይም ሁለት ፔግ ነው። ደንበኞቹም በአብዛኛው ለአሲ/ዲሲ ኮንሰርት ወይም ለክኒክስ ጨዋታ ተጭነው የሚጭኑ ናፋቂና ጮክ ብለው የሚጓዙ (ይህ ከሰራተኞቹ ላይ ያለውን መጥፎ ዝንባሌ ሊያስረዳ ይችላል) ናቸው።,ደንበኛ,negative
333,አገልግሎቱ ግን ከምግብ ጥራት (አሰቃቂ ባርቴንደር) በታች አንድ ወይም ሁለት ፔግ ነው። ደንበኞቹም በአብዛኛው ለአሲ/ዲሲ ኮንሰርት ወይም ለክኒክስ ጨዋታ ተጭነው የሚጭኑ ናፋቂና ጮክ ብለው የሚጓዙ (ይህ ከሰራተኞቹ ላይ ያለውን መጥፎ ዝንባሌ ሊያስረዳ ይችላል) ናቸው።,ባርቴንደር,negative
337,አገልግሎቱ ግን ከምግብ ጥራት (አሰቃቂ ባርቴንደር) በታች አንድ ወይም ሁለት ፔግ ነው። ደንበኞቹም በአብዛኛው ለአሲ/ዲሲ ኮንሰርት ወይም ለክኒክስ ጨዋታ ተጭነው የሚጭኑ ናፋቂና ጮክ ብለው የሚጓዙ (ይህ ከሰራተኞቹ ላይ ያለውን መጥፎ ዝንባሌ ሊያስረዳ ይችላል) ናቸው።,የምግብ ጥራት,positive
339,አገልግሎቱ ግን ከምግብ ጥራት (አሰቃቂ ባርቴንደር) በታች አንድ ወይም ሁለት ፔግ ነው። ደንበኞቹም በአብዛኛው ለአሲ/ዲሲ ኮንሰርት ወይም ለክኒክስ ጨዋታ ተጭነው የሚጭኑ ናፋቂና ጮክ ብለው የሚጓዙ (ይህ ከሰራተኞቹ ላይ ያለውን መጥፎ ዝንባሌ ሊያስረዳ ይችላል) ናቸው።,አገልግሎት,negative
343,አገልግሎቱ ግን ከምግብ ጥራት (አሰቃቂ ባርቴንደር) በታች አንድ ወይም ሁለት ፔግ ነው። ደንበኞቹም በአብዛኛው ለአሲ/ዲሲ ኮንሰርት ወይም ለክኒክስ ጨዋታ ተጭነው የሚጭኑ ናፋቂና ጮክ ብለው የሚጓዙ (ይህ ከሰራተኞቹ ላይ ያለውን መጥፎ ዝንባሌ ሊያስረዳ ይችላል) ናቸው።,በትር,negative
347,የሕወሓት ቱና እና የጥጃ ጉበቴ የምወዳቸው ናቸው!,ይሎውፊን ቱና,positive
350,የሕወሓት ቱና እና የጥጃ ጉበቴ የምወዳቸው ናቸው!,የጥጃ ጉበት,positive
353,በእማኝ ዳኝነት ስራ ላይ ነበርኩ፣ በምሳ እረፍት ላይ በብስክሌቴ ወደ ሴንተር ጎዳና ሄድኩ እና ይህችን ታላቅ ትንሽ ቦታ በአስደናቂ የዶሮ ታኮ እና በሂቢስከስ ሎሚ አገኘሁት።,ሂቢስከስ ሎሚ,positive
357,በእማኝ ዳኝነት ስራ ላይ ነበርኩ፣ በምሳ እረፍት ላይ በብስክሌቴ ወደ ሴንተር ጎዳና ሄድኩ እና ይህችን ታላቅ ትንሽ ቦታ በአስደናቂ የዶሮ ታኮ እና በሂቢስከስ ሎሚ አገኘሁት።,ቦታ,positive
361,በእማኝ ዳኝነት ስራ ላይ ነበርኩ፣ በምሳ እረፍት ላይ በብስክሌቴ ወደ ሴንተር ጎዳና ሄድኩ እና ይህችን ታላቅ ትንሽ ቦታ በአስደናቂ የዶሮ ታኮ እና በሂቢስከስ ሎሚ አገኘሁት።,የዶሮ ታኮዎች,positive
365,ከካሪንቲያ አይብ ራቪዮሊ ከዱር እንጉዳዮች ጋር አንስቶ በካቪየር አናት ላይ እስከሚገኘው ስተራርጌን ድረስ ደማቅ አረንጓዴ ከሆነው የስፒናች ቮድካ ስጎ ጋር ውብ በሆነ መንገድ ተወዳድሮ መሥራት እንደሚቻል የተረጋገጠ ነው።,ካቪየር-አናት ያለው ስተርጅን,positive
367,ከካሪንቲያ አይብ ራቪዮሊ ከዱር እንጉዳዮች ጋር አንስቶ በካቪየር አናት ላይ እስከሚገኘው ስተራርጌን ድረስ ደማቅ አረንጓዴ ከሆነው የስፒናች ቮድካ ስጎ ጋር ውብ በሆነ መንገድ ተወዳድሮ መሥራት እንደሚቻል የተረጋገጠ ነው።,አረንጓዴ ስፒናች-ቮድካ ስጋ,positive
371,ከካሪንቲያ አይብ ራቪዮሊ ከዱር እንጉዳዮች ጋር አንስቶ በካቪየር አናት ላይ እስከሚገኘው ስተራርጌን ድረስ ደማቅ አረንጓዴ ከሆነው የስፒናች ቮድካ ስጎ ጋር ውብ በሆነ መንገድ ተወዳድሮ መሥራት እንደሚቻል የተረጋገጠ ነው።,ካሪንቲያ ቺዝ ራቪዮሊ ከዱር እንጉዳይ ጋር,positive
375,ሜኑስ እንደ ጣፋጭ የበቆሎ ፎይ ግራስ ብሩሊ ያሉ በየወቅቱ የሚመረጡ ምርጦች አሉት።,ጣፋጭ የበቆሎ-ፎይ ግራስ brulee,neutral
377,ሜኑስ እንደ ጣፋጭ የበቆሎ ፎይ ግራስ ብሩሊ ያሉ በየወቅቱ የሚመረጡ ምርጦች አሉት።,ሜኑስ,neutral
380,አገልግሎቱ ፍፁም ነው በዚህ የጣሊያን/ፈረንሳይ ምግብ ቤት ምንም ስህተት የለውም,አገልግሎት,positive
383,ፎይ ግራስ ጣፋጭና ጣፋጭ ነበር።,ፎይ ግራስ,positive
386,ምንም እንኳ ብዙም የማመሳከሪያ ጽሑፍ ባይኖረኝም የእኔ የዳክዬ ምት በጣም ጠንካራ ነበር።,ዳክዬ ምስጢር,positive
389,የመጠበቂያ ግንቡ ሠራተኞች ጨዋነት የጎደለው ወይም ጨዋነት የጎደለው ካልሆነ በጣም ተግባቢ ናቸው....... ባለፈው ቅዳሜና እሁድ በሊዮን የምንመገበው ምግብ በጣም አስደሳች ነበር ።,የመጠበቅ ሠራተኞች,positive
393,የመጠበቂያ ግንቡ ሠራተኞች ጨዋነት የጎደለው ወይም ጨዋነት የጎደለው ካልሆነ በጣም ተግባቢ ናቸው....... ባለፈው ቅዳሜና እሁድ በሊዮን የምንመገበው ምግብ በጣም አስደሳች ነበር ።,ምግብ,positive
397,የሳልሞኖቻቸውን ማናቸውንም የሳልሞኖች ምግቦቻቸውን እመክራለሁ......,ሳልሞኖች,positive
400,ግሩም ምግብ ቢሆንም አገልግሎቱ በጣም አስፈሪ ነበር!,አገልግሎት,negative
404,ግሩም ምግብ ቢሆንም አገልግሎቱ በጣም አስፈሪ ነበር!,ምግብ,positive
408,ሁለቱ አስተናጋጅ ሎሚ ሲጠቡ የነበሩ ይመስል ነበር።,አስተናጋጇ,negative
410,አገልግሎቱ በጣም አዝጋሚ ነበር (ቦታው ግማሽ ብቻ ሙሉ ነበር) እና ፈገግታ ጥሩ ይሆን ነበር...,አገልግሎት,negative
413,ምግብ ቤቱ ከፍተኛ ደረጃ ላይ በሚደርስበት ጊዜ በሕዝብ የተጨናነቀ ከመሆኑም በላይ ጠረጴዛዎቹ በጣም ይከብዳሉ።,ጠረጴዛዎች,negative
416,በቅድሚያ ምግብ ለመታየት እዚህ ከሆናችሁ፣ ታክሲ ውስጥ ዘልላችሁ ተጨማሪ 10 ደቂቃ ወስዳችሁ ወደ ከተማው ቦታ ሂዱ።,ቅድመ-ማሳያ ምግብ,neutral
418,ሁሉም ነገር ብቻ ነው... ምግቡ፣ ከባቢ አየር... ተአማኒነት የሌለበት ደግ እንግዳ ተቀባይ።,ከባቢ አየር,positive
420,ሁሉም ነገር ብቻ ነው... ምግቡ፣ ከባቢ አየር... ተአማኒነት የሌለበት ደግ እንግዳ ተቀባይ።,አስተናጋጇ,positive
423,ሁሉም ነገር ብቻ ነው... ምግቡ፣ ከባቢ አየር... ተአማኒነት የሌለበት ደግ እንግዳ ተቀባይ።,ምግብ,positive
425,ትንሽ ጮክ ብሎ የነበረ ቢሆንም አሁንም ቢሆን ጥሩና የፍቅር ስሜት ነበረው ።,ambiance,positive
428,ይሁን እንጂ በምግቡ በጣም አዝነን ነበር ።,ምግብ,negative
431,"ጥቁር የተጠበሰ ኮድፊሽን እመክራለሁ, ምሽት ላይ ምርጥ ምግነው.",ጥቁር የተጠበሰ ኮድፊሽ,positive
434,"ጥቁር የተጠበሰ ኮድፊሽን እመክራለሁ, ምሽት ላይ ምርጥ ምግነው.",dish,positive
437,ጣፋጭ የሽሪምፕ ክሪዮል ነበረኝ።,ሽሪምፕ ክሪዮል,positive
440,የዶሮ እራት በጣም ጥሩ ነበር ።,የዶሮ እራት,positive
443,ምግቡ ግን ጣፋጭ ነበር ።,ምግብ,positive
446,ቦታው በስሜት ውስጥ የተለመደ ነው ።,ቦታ,neutral
449,እንደ ንጉሡ ሸርጣን ሰላጣ ናፍቆት ያለው የፍራፍሬ ቫይናይግሬት እና ፌቱሲን በሮዝሜሪ ብርቱካንማ ስጎ ውስጥ የተጠበሰ የባሕር ምግቦች ያልተጠበቁ ንጥረ ነገሮች ናቸው።,bistro ሜኑ,neutral
453,እንደ ንጉሡ ሸርጣን ሰላጣ ናፍቆት ያለው የፍራፍሬ ቫይናይግሬት እና ፌቱሲን በሮዝሜሪ ብርቱካንማ ስጎ ውስጥ የተጠበሰ የባሕር ምግቦች ያልተጠበቁ ንጥረ ነገሮች ናቸው።,የንጉሥ ሸርጣን ሰላጣ በስሜት ፍሬ vinaigrette,positive
457,እንደ ንጉሡ ሸርጣን ሰላጣ ናፍቆት ያለው የፍራፍሬ ቫይናይግሬት እና ፌቱሲን በሮዝሜሪ ብርቱካንማ ስጎ ውስጥ የተጠበሰ የባሕር ምግቦች ያልተጠበቁ ንጥረ ነገሮች ናቸው።,የምጣኔ ሃሳቦች,positive
461,እንደ ንጉሡ ሸርጣን ሰላጣ ናፍቆት ያለው የፍራፍሬ ቫይናይግሬት እና ፌቱሲን በሮዝሜሪ ብርቱካንማ ስጎ ውስጥ የተጠበሰ የባሕር ምግቦች ያልተጠበቁ ንጥረ ነገሮች ናቸው።,fettuccine በሮዝሜሪ-ብርቱካን ስጎ ውስጥ የተፈጨ የባህር ምግቦች,positive
465,የሞንትፓርናሴ ጣፋጭ ምግቦች በተለይም የሐር ክሬም ብሩል እና በወረቀት ላይ የሚንጠለጠለው ፖም ታርት ምግብ ቤቱ ለጉዞው ዋጋ እንዲኖረው ለማድረግ በራሳቸው ጥሩ ናቸው።,ጣፋጭ ምግብ,positive
469,የሞንትፓርናሴ ጣፋጭ ምግቦች በተለይም የሐር ክሬም ብሩል እና በወረቀት ላይ የሚንጠለጠለው ፖም ታርት ምግብ ቤቱ ለጉዞው ዋጋ እንዲኖረው ለማድረግ በራሳቸው ጥሩ ናቸው።,ፖም ታርት,positive
473,የሞንትፓርናሴ ጣፋጭ ምግቦች በተለይም የሐር ክሬም ብሩል እና በወረቀት ላይ የሚንጠለጠለው ፖም ታርት ምግብ ቤቱ ለጉዞው ዋጋ እንዲኖረው ለማድረግ በራሳቸው ጥሩ ናቸው።,ክሬም brulee,positive
477,በዚህ ቅዳሜና እሁድ ወደ ፊልሞች ከመሄዴ በፊት ጥሩ ምግብ ተመገብኩ!,ምግብ,positive
480,ከጥቂት ጊዜ በኋላ ክሬፕ ምን ያህል ጣፋጭ ሊሆን እንደሚችል ረሳሁ ።,ክሬፕ,positive
483,ምግቡ–ባብዛኛው ጠለቅ ያለ ቢሆንም ቀላልና አርኪ ነው።,ምግብ,positive
486,ምግብ የሚመገቡ ሰዎች ከሰላጣ ጋር ተጣብቀው ይጣበባሉ አሊያም በአትዮጵያ ውስጥ የሚበሉ ምግቦችን ይመገባሉ።,ሰላጣ,positive
488,ምግብ የሚመገቡ ሰዎች ከሰላጣ ጋር ተጣብቀው ይጣበባሉ አሊያም በአትዮጵያ ውስጥ የሚበሉ ምግቦችን ይመገባሉ።,የአትዮጵያ ሳህን,positive
490,"ክሬሚ የሚባለው ንጥረ ነገር-ታራማሳላታ, እንቁላል ሰላጣ እና የግሪክ እርጎ (ከኩከምበር, ዲል እና ነጭ ሽንኩርት ጋር) በሞቃት ፒታዎች ላይ በሚመገብበት ጊዜ በጣም ጥሩ ጣዕም አለው.",taramasalata,positive
494,"ክሬሚ የሚባለው ንጥረ ነገር-ታራማሳላታ, እንቁላል ሰላጣ እና የግሪክ እርጎ (ከኩከምበር, ዲል እና ነጭ ሽንኩርት ጋር) በሞቃት ፒታዎች ላይ በሚመገብበት ጊዜ በጣም ጥሩ ጣዕም አለው.",ክሬሚ የቅመማ ቅመማ,positive
498,"ክሬሚ የሚባለው ንጥረ ነገር-ታራማሳላታ, እንቁላል ሰላጣ እና የግሪክ እርጎ (ከኩከምበር, ዲል እና ነጭ ሽንኩርት ጋር) በሞቃት ፒታዎች ላይ በሚመገብበት ጊዜ በጣም ጥሩ ጣዕም አለው.",የግሪክ እርጎ (ከኩከምበር፣ ከዲል እና ከነጭ ሽንኩርት ጋር),positive
500,"ክሬሚ የሚባለው ንጥረ ነገር-ታራማሳላታ, እንቁላል ሰላጣ እና የግሪክ እርጎ (ከኩከምበር, ዲል እና ነጭ ሽንኩርት ጋር) በሞቃት ፒታዎች ላይ በሚመገብበት ጊዜ በጣም ጥሩ ጣዕም አለው.",ሙቅ ፒታዎች,neutral
504,"ክሬሚ የሚባለው ንጥረ ነገር-ታራማሳላታ, እንቁላል ሰላጣ እና የግሪክ እርጎ (ከኩከምበር, ዲል እና ነጭ ሽንኩርት ጋር) በሞቃት ፒታዎች ላይ በሚመገብበት ጊዜ በጣም ጥሩ ጣዕም አለው.",እንቁላል ሰላጣ,positive
508,ምክንያቱም አስተናጋጆቹ ከባድ የአቲቱ ማስተካከያ ማድረግ ያስፈልጋቸዋል ።,አስተናጋጆች,negative
510,አስተናጋጆቹ ሁልጊዜ የተናደዱ ይመስላሉ፤ አልፎ ተርፎም በቋሚነት የሚንቀሳቀሰውን ነገር ችላ ይሉታል።,አስተናጋጆች,negative
513,ብዙ ጊዜ አስተናጋጆቹ ሥራቸውን ቀላል እንዳልሆነ ስለሚያውቁ መጥፎ ምግባር ማሳየት ንገራቸው።,አስተናጋጆች,negative
516,በመጨረሻም መጥፎ አገልግሎት በመመሥረቴ ናፍቆት ናፍቆኝ ነበር ።,አገልግሎት,negative
519,ባህላዊ፣ ቀለል ያለ የጣሊያን ምግብ ነው።,የጣሊያን ምግብ,positive
522,"ጥሩ ምግብ ብቻ ነው, ምንም ተጨማሪ እና እኛ የምንፈልገው ይህ ብቻ ነው!",ምግብ,positive
525,የወይን ጠጅ ዝርዝር ሰፊ፣ ጥሩ ዋጋ ያለውና ብዙ አካባቢዎችን የሚሸፍን ነው።,የወይን ጠጅ ዝርዝር,positive
529,የወይን ጠጅ ዝርዝር ሰፊ፣ ጥሩ ዋጋ ያለውና ብዙ አካባቢዎችን የሚሸፍን ነው።,ዋጋ,positive
533,ጥሩ ምግብ ጥሩ የወይን ጠጅ ነው።,ወይን ጠጅ,positive
537,ጥሩ ምግብ ጥሩ የወይን ጠጅ ነው።,ምግብ,positive
541,ለምግቡ የሚሰጠውን ቀላልነትና አክብሮት እወደዋለሁ፤ እንዲሁም ሠራተኞቹ ተግባቢና በደንብ የሚያውቁ ነበሩ።,በትር,positive
544,ለምግቡ የሚሰጠውን ቀላልነትና አክብሮት እወደዋለሁ፤ እንዲሁም ሠራተኞቹ ተግባቢና በደንብ የሚያውቁ ነበሩ።,ምግብ,positive
547,ምግቡ መካከለኛ ከመሆኑም በላይ አገልግሎቱ በጣም አዝጋሚ ነበር ።,ምግብ,neutral
551,ምግቡ መካከለኛ ከመሆኑም በላይ አገልግሎቱ በጣም አዝጋሚ ነበር ።,አገልግሎት,negative
555,2 ኛ ኮርሶቻችንን ለማቅረብ 2 1/2 ሰዓት ያህል ፈጅቶናል።,ኮርሶች,neutral
557,2 ኛ ኮርሶቻችንን ለማቅረብ 2 1/2 ሰዓት ያህል ፈጅቶናል።,ያገለገለ,negative
559,አንድ ብርጭቆ የወይን ጠጅ ካዘዝን በኋላ የወይን ጠጁ ከመምጣቱ በፊት መብላትና መክፈል ጨርሰን ነበር ።,ብርጭቆ የወይን ጠጅ,neutral
561,የተቀመጥኩበት የተጣጠፈ ወንበር ይከብደኝ ነበር ።,የተጣጠፈ ወንበር,negative
564,አስተናጋጁ ተግባቢ ነበር እናም አብሮት የሚሠራ ድጋፍ ሰጪ ሠራተኛ ስላልነበረው ያሳፍራል።,በትር,negative
566,አስተናጋጁ ተግባቢ ነበር እናም አብሮት የሚሠራ ድጋፍ ሰጪ ሠራተኛ ስላልነበረው ያሳፍራል።,አስተናጋጅ,positive
569,ለምግብ ቤት ሳምንት ሄድኩና ፕሪክስ ፊክስ ማውጫውን አዘዝኩ,prix fixe ሜኑ,neutral
571,የመጠበቂያ ግንባሩ ሠራተኞች በትኩረት የሚከታተሉና ትህትና ያላቸው ነበሩ ።,የመጠበቅ ሠራተኞች,positive
574,ጥራት ያለው ወደብ ያለው በብልሃት የተመረጠው የፖርቹጋል አይብ ጋሪ ፍጹም የሆነ ፍጻሜውን ይዟል።,ፖርቱጋል አይብ ጋሪ,positive
578,ጥራት ያለው ወደብ ያለው በብልሃት የተመረጠው የፖርቹጋል አይብ ጋሪ ፍጹም የሆነ ፍጻሜውን ይዟል።,ወደብ,positive
582,መጠጡ ትልቅና ትንሽ የሚያናውጥ ቢሆንም በጣም ግሩም ከመሆኑም በላይ ምግቡ በጣም ግሩም ነበር።,መጠጦች,positive
586,መጠጡ ትልቅና ትንሽ የሚያናውጥ ቢሆንም በጣም ግሩም ከመሆኑም በላይ ምግቡ በጣም ግሩም ነበር።,ምግብ,positive
590,ዋጋው አስከፊ አይደለም ።,ዋጋዎች,positive
593,አገልግሎቱ በጣም አስደሳች ከመሆኑም በላይ ለልደት ቀን በጣም ብዙ ነገር አላቸው ።,አገልግሎት,positive
596,"በሌሎቹ ጊዜያት ሄጃለሁ የፍቅር ቀን ሰማይ ነው, እርስዎ በመስኮቶች አጠገብ ዳስ ማግኘት, እንደ VIP በማይጨናነቅ ቦታ, ታላቅ ምግብ እና አገልግሎት ጋር መታየት ይችላሉ.",አገልግሎት,positive
600,"በሌሎቹ ጊዜያት ሄጃለሁ የፍቅር ቀን ሰማይ ነው, እርስዎ በመስኮቶች አጠገብ ዳስ ማግኘት, እንደ VIP በማይጨናነቅ ቦታ, ታላቅ ምግብ እና አገልግሎት ጋር መታየት ይችላሉ.",ምግብ,positive
604,"በሌሎቹ ጊዜያት ሄጃለሁ የፍቅር ቀን ሰማይ ነው, እርስዎ በመስኮቶች አጠገብ ዳስ ማግኘት, እንደ VIP በማይጨናነቅ ቦታ, ታላቅ ምግብ እና አገልግሎት ጋር መታየት ይችላሉ.",በመስኮት አጠገብ ዳስ,neutral
606,"በሌሎቹ ጊዜያት ሄጃለሁ የፍቅር ቀን ሰማይ ነው, እርስዎ በመስኮቶች አጠገብ ዳስ ማግኘት, እንደ VIP በማይጨናነቅ ቦታ, ታላቅ ምግብ እና አገልግሎት ጋር መታየት ይችላሉ.",ቦታ,positive
610,"ትኩስ አትክልቶች, ሁሉም ዓይነት የመካከለኛው ምስራቅ ዝርጋታ, አይብ እና ፋላፌል, ሾርባ, ዓሣ, ሩዝ, ሥር አትክልቶች, ሩዝ ሜድሌይ, አንዳንድ ስፒናች ነገር, የበግ ኬባብ, አይብ baclava ... በጣም ብዙ ፉድ፣ እና ሁሉ ጣፋጭ ነው።",አይብ,positive
613,"ትኩስ አትክልቶች, ሁሉም ዓይነት የመካከለኛው ምስራቅ ዝርጋታ, አይብ እና ፋላፌል, ሾርባ, ዓሣ, ሩዝ, ሥር አትክልቶች, ሩዝ ሜድሌይ, አንዳንድ ስፒናች ነገር, የበግ ኬባብ, አይብ baclava ... በጣም ብዙ ፉድ፣ እና ሁሉ ጣፋጭ ነው።",አዲስ የተንቆጠቆጠ,positive
614,"ትኩስ አትክልቶች, ሁሉም ዓይነት የመካከለኛው ምስራቅ ዝርጋታ, አይብ እና ፋላፌል, ሾርባ, ዓሣ, ሩዝ, ሥር አትክልቶች, ሩዝ ሜድሌይ, አንዳንድ ስፒናች ነገር, የበግ ኬባብ, አይብ baclava ... በጣም ብዙ ፉድ፣ እና ሁሉ ጣፋጭ ነው።",ዓሣ,positive
617,"ትኩስ አትክልቶች, ሁሉም ዓይነት የመካከለኛው ምስራቅ ዝርጋታ, አይብ እና ፋላፌል, ሾርባ, ዓሣ, ሩዝ, ሥር አትክልቶች, ሩዝ ሜድሌይ, አንዳንድ ስፒናች ነገር, የበግ ኬባብ, አይብ baclava ... በጣም ብዙ ፉድ፣ እና ሁሉ ጣፋጭ ነው።",fooood,positive
620,"ትኩስ አትክልቶች, ሁሉም ዓይነት የመካከለኛው ምስራቅ ዝርጋታ, አይብ እና ፋላፌል, ሾርባ, ዓሣ, ሩዝ, ሥር አትክልቶች, ሩዝ ሜድሌይ, አንዳንድ ስፒናች ነገር, የበግ ኬባብ, አይብ baclava ... በጣም ብዙ ፉድ፣ እና ሁሉ ጣፋጭ ነው።",የሥር አትክልቶች,positive
625,"ትኩስ አትክልቶች, ሁሉም ዓይነት የመካከለኛው ምስራቅ ዝርጋታ, አይብ እና ፋላፌል, ሾርባ, ዓሣ, ሩዝ, ሥር አትክልቶች, ሩዝ ሜድሌይ, አንዳንድ ስፒናች ነገር, የበግ ኬባብ, አይብ baclava ... በጣም ብዙ ፉድ፣ እና ሁሉ ጣፋጭ ነው።",የሩዝ መሀል,positive
628,"ትኩስ አትክልቶች, ሁሉም ዓይነት የመካከለኛው ምስራቅ ዝርጋታ, አይብ እና ፋላፌል, ሾርባ, ዓሣ, ሩዝ, ሥር አትክልቶች, ሩዝ ሜድሌይ, አንዳንድ ስፒናች ነገር, የበግ ኬባብ, አይብ baclava ... በጣም ብዙ ፉድ፣ እና ሁሉ ጣፋጭ ነው።",ስፒናች ነገር,positive
631,"ትኩስ አትክልቶች, ሁሉም ዓይነት የመካከለኛው ምስራቅ ዝርጋታ, አይብ እና ፋላፌል, ሾርባ, ዓሣ, ሩዝ, ሥር አትክልቶች, ሩዝ ሜድሌይ, አንዳንድ ስፒናች ነገር, የበግ ኬባብ, አይብ baclava ... በጣም ብዙ ፉድ፣ እና ሁሉ ጣፋጭ ነው።",ፋላፌል,positive
634,"ትኩስ አትክልቶች, ሁሉም ዓይነት የመካከለኛው ምስራቅ ዝርጋታ, አይብ እና ፋላፌል, ሾርባ, ዓሣ, ሩዝ, ሥር አትክልቶች, ሩዝ ሜድሌይ, አንዳንድ ስፒናች ነገር, የበግ ኬባብ, አይብ baclava ... በጣም ብዙ ፉድ፣ እና ሁሉ ጣፋጭ ነው።",መካከለኛው ምሥራቅ ተሰራጨ,positive
637,"ትኩስ አትክልቶች, ሁሉም ዓይነት የመካከለኛው ምስራቅ ዝርጋታ, አይብ እና ፋላፌል, ሾርባ, ዓሣ, ሩዝ, ሥር አትክልቶች, ሩዝ ሜድሌይ, አንዳንድ ስፒናች ነገር, የበግ ኬባብ, አይብ baclava ... በጣም ብዙ ፉድ፣ እና ሁሉ ጣፋጭ ነው።",በግ kebabs,positive
640,"ትኩስ አትክልቶች, ሁሉም ዓይነት የመካከለኛው ምስራቅ ዝርጋታ, አይብ እና ፋላፌል, ሾርባ, ዓሣ, ሩዝ, ሥር አትክልቶች, ሩዝ ሜድሌይ, አንዳንድ ስፒናች ነገር, የበግ ኬባብ, አይብ baclava ... በጣም ብዙ ፉድ፣ እና ሁሉ ጣፋጭ ነው።",ሾርባ,positive
643,"ትኩስ አትክልቶች, ሁሉም ዓይነት የመካከለኛው ምስራቅ ዝርጋታ, አይብ እና ፋላፌል, ሾርባ, ዓሣ, ሩዝ, ሥር አትክልቶች, ሩዝ ሜድሌይ, አንዳንድ ስፒናች ነገር, የበግ ኬባብ, አይብ baclava ... በጣም ብዙ ፉድ፣ እና ሁሉ ጣፋጭ ነው።",ቺዝ ባክላቫ,positive
646,"ትኩስ አትክልቶች, ሁሉም ዓይነት የመካከለኛው ምስራቅ ዝርጋታ, አይብ እና ፋላፌል, ሾርባ, ዓሣ, ሩዝ, ሥር አትክልቶች, ሩዝ ሜድሌይ, አንዳንድ ስፒናች ነገር, የበግ ኬባብ, አይብ baclava ... በጣም ብዙ ፉድ፣ እና ሁሉ ጣፋጭ ነው።",ሩዝ,positive
649,ይሁን እንጂ ከ10 ወይም ከ20 ቡድኖች ጋር ስትጨዋወት ማን ያስተውላል?,አገልግሎት,negative
652,እስከ ዛሬ ካጋጠሙኝ አገልግሎቶች ሁሉ የከፋው እና ምግቡ ከአማካይ በታች ነበር (በእርግጥ ለሰዎች ያዘዙትን ምግብ ሲሰጡ)።,አገልግሎት,negative
656,እስከ ዛሬ ካጋጠሙኝ አገልግሎቶች ሁሉ የከፋው እና ምግቡ ከአማካይ በታች ነበር (በእርግጥ ለሰዎች ያዘዙትን ምግብ ሲሰጡ)።,ምግብ,neutral
658,እስከ ዛሬ ካጋጠሙኝ አገልግሎቶች ሁሉ የከፋው እና ምግቡ ከአማካይ በታች ነበር (በእርግጥ ለሰዎች ያዘዙትን ምግብ ሲሰጡ)።,ምግብ,negative
662,ወደ ውስጥ ለመግባት ሦስት ሰዓት መጠበቅም አስደሳች ነበር ።,ኢንችስ,neutral
664,ወደ ውስጥ ለመግባት ሦስት ሰዓት መጠበቅም አስደሳች ነበር ።,መጠበቅ,negative
666,ምግቡ የተዋጣና ጥሩ ቢሆንም በማንሃተን ከሁሉ የተሻለ ምግብ የሚል ስም ያገኘሁት እንዴት ነው?,ምግብ,positive
669,ከመጠን በላይ አሉታዊ መስሎ ከመታየት ይልቅ ከዴልቫሪዎች ይጠንቀሳቀሱ።,delivary,negative
672,እንደ እውነቱ ከሆነ ምግቡ ብዙውን ጊዜ በጣም ሥራ የሚበዛበት ቢሆንም እንኳ አሁንም ቢሆን ጥሩ ነው፤ አገልግሎቱም ፈጣንና ፈጣን ነው።,አገልግሎት,positive
676,እንደ እውነቱ ከሆነ ምግቡ ብዙውን ጊዜ በጣም ሥራ የሚበዛበት ቢሆንም እንኳ አሁንም ቢሆን ጥሩ ነው፤ አገልግሎቱም ፈጣንና ፈጣን ነው።,ምግብ,positive
680,"አገልግሎት በጣም ግሩም ነው, አይጠብቅም, እና ዋጋ ብዙ ታገኛለህ.",አገልግሎት,positive
684,"አገልግሎት በጣም ግሩም ነው, አይጠብቅም, እና ዋጋ ብዙ ታገኛለህ.",ይጠብቅ,positive
688,"አገልግሎት በጣም ግሩም ነው, አይጠብቅም, እና ዋጋ ብዙ ታገኛለህ.",ዋጋ,positive
690,አስተናጋጆች በጣም ተግባቢ ሲሆኑ ፓስታውም ከዚህ ዓለም ውጭ ነው።,ፓስታ,positive
694,አስተናጋጆች በጣም ተግባቢ ሲሆኑ ፓስታውም ከዚህ ዓለም ውጭ ነው።,አስተናጋጆች,positive
698,በጣም አስደሳች የሆነ መቀርቀሪያና ጥሩ ምግብ የያዘ ድብቅ ደስታ ነው።,ምግብ,positive
702,በጣም አስደሳች የሆነ መቀርቀሪያና ጥሩ ምግብ የያዘ ድብቅ ደስታ ነው።,ባር,positive
706,ከጓደኞቼ ጋር ለመሄድ የሚያስችል ጥሩ ቦታ ነው ።,ቦታ,positive
709,i በተለይ ለስላሳ የሸርጣን ሳንድዊች በጥብስ ጋር ይወዳሉ.,ለስላሳ ዛጎል ሸርጣን ሳንድዊች በጥብስ,positive
712,ለአማርኛ፣ ካላማሪያቸው አሸናፊ ነው።,ቅመማ ቅመማ,neutral
715,ለአማርኛ፣ ካላማሪያቸው አሸናፊ ነው።,ካላማሪ,positive
718,"ብዙ ክፍሎች, ከፍተኛ እና በትኩረት አገልግሎት, እንዲሁም በጣም ጥሩ ዋጋ.",የተወሰኑ ክፍሎች,positive
722,"ብዙ ክፍሎች, ከፍተኛ እና በትኩረት አገልግሎት, እንዲሁም በጣም ጥሩ ዋጋ.",አገልግሎት,positive
726,"ብዙ ክፍሎች, ከፍተኛ እና በትኩረት አገልግሎት, እንዲሁም በጣም ጥሩ ዋጋ.",ዋጋዎች,positive
730,ቀዝቃዛ ከባቢ አየር ቢሆንም እንዲህ ያለ ሁኔታ ይከናነፍ ነበር።,ከባቢ አየር,positive
733,አስተናጋጆቻችን በጣም አሰቃቂ ነበሩ፤ በጣም ጨዋነት የጎደለውና ፍላጎት የጎደለው ነው።,አስተናጋጅ,negative
736,የሳንግሪያው ውኃ አቃጠለ ።,ሳንግሪያ,negative
739,"ሜኑ - ያልገባ, ትንሽ.",ሜኑ,negative
742,ዋጋው የማይገባው ምግብ ።,ዋጋ,negative
745,ዋጋው የማይገባው ምግብ ።,ምግብ,negative
748,የወጥ ቤት አስተናጋጅው ቤት ውስጥ ባይኖርም እንኳ ምግቡና አገልግሎቱ ዒላማው ላይ ነው።,አገልግሎት,positive
751,የወጥ ቤት አስተናጋጅው ቤት ውስጥ ባይኖርም እንኳ ምግቡና አገልግሎቱ ዒላማው ላይ ነው።,ምግብ,positive
754,የወጥ ቤት አስተናጋጅው ቤት ውስጥ ባይኖርም እንኳ ምግቡና አገልግሎቱ ዒላማው ላይ ነው።,የወጥ ቤት ኃላፊ,neutral
756,ለመተዳደሪያ ስለምመገብ፣ በምግብ ቤቶች ውስጥ ስለምመገበው ምግብ በጣም እጨቃጨቃለሁ።,ምግብ,neutral
759,የወጥ ቤት አስተናጋጅ ቫልዲ ሁሌም ይለካል።,የወጥ ቤት ኃላፊ,positive
761,"የተጨሰውን ትራውት ለመሞከር እርግጠኛ ሁን ... በግ Chops, Veal Chops, ጥንቸል, ድንች gratin, ላይ እና ላይ ...",በግ ቾፕስ,positive
764,"የተጨሰውን ትራውት ለመሞከር እርግጠኛ ሁን ... በግ Chops, Veal Chops, ጥንቸል, ድንች gratin, ላይ እና ላይ ...",ድንች gratin,positive
767,"የተጨሰውን ትራውት ለመሞከር እርግጠኛ ሁን ... በግ Chops, Veal Chops, ጥንቸል, ድንች gratin, ላይ እና ላይ ...",ሲጋራ የጨሰ በትራውት,positive
770,"የተጨሰውን ትራውት ለመሞከር እርግጠኛ ሁን ... በግ Chops, Veal Chops, ጥንቸል, ድንች gratin, ላይ እና ላይ ...",ጥንቸል,positive
773,"የተጨሰውን ትራውት ለመሞከር እርግጠኛ ሁን ... በግ Chops, Veal Chops, ጥንቸል, ድንች gratin, ላይ እና ላይ ...",ቬል ቾፕስ,positive
776,በሜኑ ውስጥ ባሉት ምርጫዎች አይደላችሁም።,ሜኑ,positive
779,ባለቤቱና ሠራተኞቹ ምቾት እንዲሰማዎት ከፍተኛ ጥረት ያደርጋሉ።,ባለቤት,positive
781,ባለቤቱና ሠራተኞቹ ምቾት እንዲሰማዎት ከፍተኛ ጥረት ያደርጋሉ።,በትር,positive
783,በትልቁ መስኮት አጠገብ ያለውን ክብ የማዕዘን ጠረጴዛ ጠይቁ።,በትልቁ መስኮት አጠገብ ክብ ማዕዘን ጠረጴዛ,positive
785,ቀኑ ላይ ቦታው ጸጥ ሲል ሂዱ ያለው ማነው?,ቦታ,neutral
787,ብዙ አይደለም፣ ነገር ግን ታላቅ ትዕይንት እንዳለ በቂ ነው።,ትዕይንት,positive
790,ምግቡ በጣም ጥሩ ቢሆንም የበሰለው ምግብ ግን አስገረመን ።,የበሰለ ምግብ,positive
794,ምግቡ በጣም ጥሩ ቢሆንም የበሰለው ምግብ ግን አስገረመን ።,ሱሺ,positive
798,ምግቡ በጣም ጥሩ ቢሆንም የበሰለው ምግብ ግን አስገረመን ።,ምግብ,positive
802,አስተናጋጁ ያስቸገረንን ትዕዛዝ የምንወስድበት ጊዜ ሲደርስ፣ ከሄድን በኋላ ወረቀትና ብዕር ይዘን ተመልሰን የፈለግነውን እንድንጽፍልን... ይቅርታ አድርጉልኝ እንጂ የእሱ ሥራ አይደለም???,አስተናጋጅ,negative
804,ከዚያም ሥራ አስኪያጁ የፈለግነውን ምግብ ማዘዝ እንደምንችል ነገረን ፤ ሆኖም በዚያን ጊዜ በአስተናጋጁና በአስተናጋጁ በጣም ከመበሳጨታችን የተነሳ ወደ ሌላ ቦታ ሄድን ።,አስተናጋጅ,negative
807,ከዚያም ሥራ አስኪያጁ የፈለግነውን ምግብ ማዘዝ እንደምንችል ነገረን ፤ ሆኖም በዚያን ጊዜ በአስተናጋጁና በአስተናጋጁ በጣም ከመበሳጨታችን የተነሳ ወደ ሌላ ቦታ ሄድን ።,ሜኑ,neutral
809,ከዚያም ሥራ አስኪያጁ የፈለግነውን ምግብ ማዘዝ እንደምንችል ነገረን ፤ ሆኖም በዚያን ጊዜ በአስተናጋጁና በአስተናጋጁ በጣም ከመበሳጨታችን የተነሳ ወደ ሌላ ቦታ ሄድን ።,ሥራ አስኪያጅ,neutral
811,ምግቡ ጣፋጭና በጣም የሚመከር ነው ።,ምግብ,positive
814,ምግዙ ሲደርስ በአረንጓዴ ብርድ ልብ ይሞላ ነበር፤ ይህ ደግሞ ሰው ሊበለው እንደማይችል የታወቀ ነው።,አረንጓዴ chillis,negative
818,ምግዙ ሲደርስ በአረንጓዴ ብርድ ልብ ይሞላ ነበር፤ ይህ ደግሞ ሰው ሊበለው እንደማይችል የታወቀ ነው።,dish,negative
822,ለአስተናጋጁ ከዚያም ለሥራ አስኪያጁ ቅሬታ አሰማራሁ ፤ ሆኖም የእነሱ አክብሮት የጎደለው ባሕርይ እየጨመረ መጣ ።,ሥራ አስኪያጅ,negative
825,ለአስተናጋጁ ከዚያም ለሥራ አስኪያጁ ቅሬታ አሰማራሁ ፤ ሆኖም የእነሱ አክብሮት የጎደለው ባሕርይ እየጨመረ መጣ ።,አስተናጋጅ,negative
828,በአገልግሎታቸውና በምግባቸው በጣም አዝኜ ነበር ።,አገልግሎት,negative
831,በአገልግሎታቸውና በምግባቸው በጣም አዝኜ ነበር ።,ምግብ,negative
834,ባለፈው ቅዳሜ የሄድኩ ሲሆን የተፈጨ ድንች የተጠበሰ የበግ ጠቦት እመገብ ነበር።,የተፈጨ ድንች የበግ ጠቦት,positive
836,ባለፈው ቅዳሜ የሄድኩ ሲሆን የተፈጨ ድንች የተጠበሰ የበግ ጠቦት እመገብ ነበር።,ምግብ,positive
839,"እኔ እና እኔ መካከል ቢያንስ 80% ሜኑ ናሙና አድርገናል, እና ሁሉም ተመቶች ነበሩ.",ሜኑ,positive
841,ዲኮ እና አማራ በጣም የፍቅር ስሜት ነበር።,ዴኮ,positive
844,ዲኮ እና አማራ በጣም የፍቅር ስሜት ነበር።,ambiance,positive
847,"እኔ በሦስቱም ቦታዎች በልቻለሁ እና ሁልጊዜ እወደዋለሁ, ምግቡን እወዳለሁ, አገልግሎቱ ሁልጊዜ አስደናቂ ነው እና ዋጋው በእርግጥ ምክንያታዊ ነው.",ዋጋዎች,positive
851,"እኔ በሦስቱም ቦታዎች በልቻለሁ እና ሁልጊዜ እወደዋለሁ, ምግቡን እወዳለሁ, አገልግሎቱ ሁልጊዜ አስደናቂ ነው እና ዋጋው በእርግጥ ምክንያታዊ ነው.",አገልግሎት,positive
855,"እኔ በሦስቱም ቦታዎች በልቻለሁ እና ሁልጊዜ እወደዋለሁ, ምግቡን እወዳለሁ, አገልግሎቱ ሁልጊዜ አስደናቂ ነው እና ዋጋው በእርግጥ ምክንያታዊ ነው.",ምግብ,positive
859,ጥሩ ጣዕም መቅመስ የምትፈልግ ከሆነ ጥሩ ልምድ ያለው የላቲን ምግብ በካባና ተመገብና ልትሳሳት አትችልም ።,የላቲን ምግብ,positive
862,በአትክልት ስፍራው ውስጥ ያለው ምግብ (ከጣፋጭ ምግቦች አንስቶ እስከ ምግቡ ድረስ) በጣም የተወደደ ነበር ።,የአትክልት ቦታ,positive
866,በአትክልት ስፍራው ውስጥ ያለው ምግብ (ከጣፋጭ ምግቦች አንስቶ እስከ ምግቡ ድረስ) በጣም የተወደደ ነበር ።,አገልግሎት,positive
870,በአትክልት ስፍራው ውስጥ ያለው ምግብ (ከጣፋጭ ምግቦች አንስቶ እስከ ምግቡ ድረስ) በጣም የተወደደ ነበር ።,ቅመማ ቅመማ,positive
874,በአትክልት ስፍራው ውስጥ ያለው ምግብ (ከጣፋጭ ምግቦች አንስቶ እስከ ምግቡ ድረስ) በጣም የተወደደ ነበር ።,ኢንችስ,positive
878,በአትክልት ስፍራው ውስጥ ያለው ምግብ (ከጣፋጭ ምግቦች አንስቶ እስከ ምግቡ ድረስ) በጣም የተወደደ ነበር ።,ምግብ,positive
882,ዩም፣ ዶሮ እዚህ ትልቅ ነው።,ዶሮ,positive
885,ጉዋክ አዲስ ቢሆንም ጣዕሙ ባይጎድለውም በውስጡ አዲስ ሳልሳ መጨመር እንፈልጋለን።,fresh ሳልሳ,neutral
887,ጉዋክ አዲስ ቢሆንም ጣዕሙ ባይጎድለውም በውስጡ አዲስ ሳልሳ መጨመር እንፈልጋለን።,ጣዕም,negative
890,የሞከርንበት ፋጂታ ጣዕም የሌለውና የተቃጠለ ከመሆኑም በላይ የሞሌው ስጐ በጣም ጣፋጭ ነበር።,fajita,negative
894,የሞከርንበት ፋጂታ ጣዕም የሌለውና የተቃጠለ ከመሆኑም በላይ የሞሌው ስጐ በጣም ጣፋጭ ነበር።,የሞሌ ስጐ,negative
898,ከተጠበሰው ዶሮ ጋር ቆይታ ደህና ትሆናለህ።,የተጠበሰ ዶሮ,positive
900,በዩናይትድ ስቴትስ ውስጥ እስከ ዛሬ ካጋጠምኳቸው ሁሉ የላቀ አገልግሎት ነበር ።,አገልግሎት,positive
903,ፌቱሲኖ አልፍሬዶ በጣም አስገራሚ ነበር ።,fettucino alfredo,positive
906,ከምግብ ቤት ሳምንት ውጪ እንኳ ዋጋው በጣም ከፍተኛ ነበር ።,ዋጋዎች,positive
909,ባርተሮቹና ሥራ አስኪያጃዎቹ በጣም ጥሩ ከመሆናቸውም በላይ ጌጣጌጡ በጣም አስደሳችና የተለመደ ነው።,አስተዳዳሪዎች,positive
913,ባርተሮቹና ሥራ አስኪያጃዎቹ በጣም ጥሩ ከመሆናቸውም በላይ ጌጣጌጡ በጣም አስደሳችና የተለመደ ነው።,ባርቴንደር,positive
917,ባርተሮቹና ሥራ አስኪያጃዎቹ በጣም ጥሩ ከመሆናቸውም በላይ ጌጣጌጡ በጣም አስደሳችና የተለመደ ነው።,décor,positive
921,መጠጡን፣ ኤስፕ ሊቺ ማርቲኒን እወዳለሁ፤ ምግቡም በጣም ጥሩ ነው።,መጠጦች,positive
925,መጠጡን፣ ኤስፕ ሊቺ ማርቲኒን እወዳለሁ፤ ምግቡም በጣም ጥሩ ነው።,ሊቼ ማርቲኒ,positive
929,መጠጡን፣ ኤስፕ ሊቺ ማርቲኒን እወዳለሁ፤ ምግቡም በጣም ጥሩ ነው።,ምግብ,positive
933,ሱሺው ዋጋው በጣም ውድና አዲስ ነው።,ዋጋ,positive
937,ሱሺው ዋጋው በጣም ውድና አዲስ ነው።,ሱሺ,positive
941,ለፈጣን የሱሺ ምሳ ጥሩ ነው።,sushi ምሳ,positive
944,በከተማ ውስጥ ምርጥ አስካርጎት ያላቸው ከመሆኑም በላይ ሁሌም ህጻናችንን ለማስተናገድ ይሞክራሉ።,ኤስካርጎት,positive
947,Appetizer እዚህ ግሩም ነው; በጣም ብዙ (ብዙ ወጪ የማይጠይቅ) ምግብ ልታደርግላቸው ትችላለህ ።,Appetizer,positive
951,Appetizer እዚህ ግሩም ነው; በጣም ብዙ (ብዙ ወጪ የማይጠይቅ) ምግብ ልታደርግላቸው ትችላለህ ።,ምግብ,positive
955,ቅመማ ቅመሞች ጎላ ብሎ ይታያሉ።,ቅመማ ቅመማ ቅመሞች,positive
958,ሞጂቶ ይኑርህና በጀርባው ግቢ ውስጥ ተቀመጥ።,የኋላ ግቢ,positive
960,ሞጂቶ ይኑርህና በጀርባው ግቢ ውስጥ ተቀመጥ።,ሞጂቶ,positive
962,የኩሽና ምግባቸው ጣፋጭ ቢሆንም ሱሺው ግን ከዚህ ዓለም ወጥቷል ።,የወጥ ቤት ምግብ,positive
966,የኩሽና ምግባቸው ጣፋጭ ቢሆንም ሱሺው ግን ከዚህ ዓለም ወጥቷል ።,ሱሺ,positive
970,ይህ ቦታ በጣም እንግዳ የሆነ የምግብ ዓይነት ያለው ሲሆን ምግብ ቤቶችም ምርጥ ምግቦችን ለማዘጋጀት በጣም ይቸግራሉ።,ሜኑ,negative
974,ይህ ቦታ በጣም እንግዳ የሆነ የምግብ ዓይነት ያለው ሲሆን ምግብ ቤቶችም ምርጥ ምግቦችን ለማዘጋጀት በጣም ይቸግራሉ።,ምግብ,negative
978,ወደዚያ በምሄድበት ጊዜ ሁሉ የምበላውን ነገር ልመርጥ አልችልም እንጂ ምግቡ በታላቅ ነገር ስለሞላ አይደለም።,ሜኑ,negative
980,ሁልጊዜ አስተናጋጁን በሜኑ ላይ ካለው የተለየና የተለየ ነገር እንዲያደርግ እጠይቃለሁ ።,አስተናጋጅ,neutral
982,ሁልጊዜ አስተናጋጁን በሜኑ ላይ ካለው የተለየና የተለየ ነገር እንዲያደርግ እጠይቃለሁ ።,ሜኑ,neutral
984,ምግብ ቤቱ ራሱ ጥሩ ቢሆንም ምግቡን ላለመብላት እመርጣለሁ ።,ምግብ,negative
986,ይህች ትንሽ ቦታ ሞቅ ያለ አቀባበል አደረገች።,ቦታ,positive
989,አስተናጋጁ (ባለቤት) እና ሰርቨሮች ተምሳሌትና አሳቢ ናቸው።,አስተናጋጅ (ባለቤት),positive
991,አስተናጋጁ (ባለቤት) እና ሰርቨሮች ተምሳሌትና አሳቢ ናቸው።,ሰርቨሮች,positive
994,ምግቡም፣ ምግቡም ተመልሰህ እንድትመጣ ይጠብቅሃል።,ምግብ,positive
996,ምግቡም፣ ምግቡም ተመልሰህ እንድትመጣ ይጠብቅሃል።,ምግብ,positive
998,በቤት የተሰሩ ፓስታዎች ሁሉ አሏቸው። ግኖቺን እመክራለሁ። ዩም!,የቤት ውስጥ ፓስታዎች,positive
1000,በቤት የተሰሩ ፓስታዎች ሁሉ አሏቸው። ግኖቺን እመክራለሁ። ዩም!,ግኖኪ,positive
1003,በተጨማሪም ሽሪምፕ (አፒቲዘር) ያላት ጫጩት አተር መለኮታዊ ነው።,ጫጩት አተር ከሽሪምፕ ጋር (appetizer),positive
1005,mojitos እና አገልግሎቱ በዚያ ውስጥ ምርጥ ክፍል ናቸው,ሞጂቶስ,positive
1008,mojitos እና አገልግሎቱ በዚያ ውስጥ ምርጥ ክፍል ናቸው,አገልግሎት,positive
1011,አገልግሎትም ሆነ ከባቢ አየር ጥሩ ነበሩ ።,አገልግሎት,positive
1014,አገልግሎትም ሆነ ከባቢ አየር ጥሩ ነበሩ ።,ከባቢ አየር,positive
1017,እኔም ሆንኩ ሁለታችንም ብራንዚኒን አዘዝን፤ ሁለቱም ዓሣው በአማካይ እንደሆነ ተሰማቸው።,ዓሣ,negative
1020,እኔም ሆንኩ ሁለታችንም ብራንዚኒን አዘዝን፤ ሁለቱም ዓሣው በአማካይ እንደሆነ ተሰማቸው።,ብራንዚኒ,neutral
1023,ምግቡ በአጠቃላይ ጥሩ ነበር ። ,ምግብ,positive
1026,የቄዛው ሰላጣ በጣም ብዙ ነበር ።,caeser ሰላጣ,positive
1029,የተጠበበው ካላማሪ ደግሞ የተሻለ ነበር!,የተጠበሰ ካላማሪ,positive
1032,ምግቡ በጣም አሳዝኖኝ ነበር ።,ምግብ,negative
1035,የሚያገለግሉት ሙዝ ፑዲንግ ምድጃ አይቶ አያውቅም፤ ክራፕኬክ ጨዋማ ከመሆኑም በላይ በጣም ቅባት ባለው ማክና አይብ ላይ እንድጀምር አያደርጉኝም።,ማክ እና ጅብ,negative
1039,የሚያገለግሉት ሙዝ ፑዲንግ ምድጃ አይቶ አያውቅም፤ ክራፕኬክ ጨዋማ ከመሆኑም በላይ በጣም ቅባት ባለው ማክና አይብ ላይ እንድጀምር አያደርጉኝም።,ክራብኬክ,negative
1043,የሚያገለግሉት ሙዝ ፑዲንግ ምድጃ አይቶ አያውቅም፤ ክራፕኬክ ጨዋማ ከመሆኑም በላይ በጣም ቅባት ባለው ማክና አይብ ላይ እንድጀምር አያደርጉኝም።,ሙዝ ፑዲንግ,negative
1045,ሱሺ በጣም ንጹሕ ከመሆኑ የተነሳ በአፍህ ውስጥ ይቆራረጣል።,ሱሺ,positive
1048,ይሁን እንጂ በክሬዲት ካርድህ ላይ በቂ ቦታ እንዳለህ አረጋግጥ፤ ይህ ደግሞ በኪስ ቦርሳህ ውስጥ ትልቅ ጥርስ እንዲኖርህ ያደርጋል።,ቢል,negative
1051,ምግቡ መካከለኛ ነበር - ውስጠኛው ክፍል ትንሽ እና መካከለኛ ነው - ባለቤቶቹ ደስ የማይሉ እና የማይረባ ቡድኖች ናቸው - በጣም ጨዋነት የጎደለው እና የተንቆጠቆጠ ምግብ በምበላበት ጊዜ ከልብ የመነጨ ጉፋ እለቃለሁ።,ውስጠኛው ክፍል,negative
1055,ምግቡ መካከለኛ ነበር - ውስጠኛው ክፍል ትንሽ እና መካከለኛ ነው - ባለቤቶቹ ደስ የማይሉ እና የማይረባ ቡድኖች ናቸው - በጣም ጨዋነት የጎደለው እና የተንቆጠቆጠ ምግብ በምበላበት ጊዜ ከልብ የመነጨ ጉፋ እለቃለሁ።,ማዕድ,neutral
1057,ምግቡ መካከለኛ ነበር - ውስጠኛው ክፍል ትንሽ እና መካከለኛ ነው - ባለቤቶቹ ደስ የማይሉ እና የማይረባ ቡድኖች ናቸው - በጣም ጨዋነት የጎደለው እና የተንቆጠቆጠ ምግብ በምበላበት ጊዜ ከልብ የመነጨ ጉፋ እለቃለሁ።,ባለቤቶች,negative
1061,ምግቡ መካከለኛ ነበር - ውስጠኛው ክፍል ትንሽ እና መካከለኛ ነው - ባለቤቶቹ ደስ የማይሉ እና የማይረባ ቡድኖች ናቸው - በጣም ጨዋነት የጎደለው እና የተንቆጠቆጠ ምግብ በምበላበት ጊዜ ከልብ የመነጨ ጉፋ እለቃለሁ።,ምግብ,negative
1065,ለምታገኙት ምግብ በጣም ውድ ነበር ።,ምግብ,negative
1068,72 የአሜሪካ ዶላር የሆነው የዴልሞኒኮ ስቴክ ለማዘዝ ስላልተጋገረ ተመልሶ መላክ ነበረበት ።,ዴልሞኒኮ ስቴክ,negative
1071,ማኔጅመንቱ ከማስተናገድ ያነሰ ነበር።,አስተዳደር,negative
1074,ሁልጊዜ አስደናቂ አገልግሎት አግኝተናል እናም ምግቡን እንወዳለን።,አገልግሎት,positive
1078,ሁልጊዜ አስደናቂ አገልግሎት አግኝተናል እናም ምግቡን እንወዳለን።,ምግብ,positive
1082,በገበያ አዳራሽ ውስጥ የተሻለ የጃፓን ምግብ አግኝቻለሁ።,የጃፓን ምግብ,negative
1085,በመጀመሪያ ቦታው ላይ መጓዝ በጣም አስደሳች ይመስል ነበር ።,አማርኛ,positive
1088,በመጀመሪያ ቦታው ላይ መጓዝ በጣም አስደሳች ይመስል ነበር ።,ቦታ,positive
1090,ይሁን እንጂ ምግቡ በጣም ከባድ ነበር ።,ምግብ,negative
1093,ዶሮ ቴሪያኪ ና ባለቤቴ ነጭ ሽንኩርት ሽሪምፕ እንዲደርሰው አዘዝኩ ።,ነጭ ሽንኩርት ሽሪምፕ,neutral
1095,ዶሮ ቴሪያኪ ና ባለቤቴ ነጭ ሽንኩርት ሽሪምፕ እንዲደርሰው አዘዝኩ ።,ዶሮ ቴሪያኪ,neutral
1097,ዶሮዬ ሙሉ በሙሉ የደረቀ ሲሆን በቀዝቃዛው አካባቢ ደግሞ ስጎው ያን ያህል ጣፋጭ አልነበረም ።,ስጋ,negative
1101,ዶሮዬ ሙሉ በሙሉ የደረቀ ሲሆን በቀዝቃዛው አካባቢ ደግሞ ስጎው ያን ያህል ጣፋጭ አልነበረም ።,ዶሮ,negative
1105,ልለው የምችለው አንድ አዎንታዊ ነገር አገልግሎቱ ፈጣን ነበር፣ ወዲያው ተቀምጠናል እናም ሰርቨሩ በጣም ተግባቢ ነበር።,አገልግሎት,positive
1109,ልለው የምችለው አንድ አዎንታዊ ነገር አገልግሎቱ ፈጣን ነበር፣ ወዲያው ተቀምጠናል እናም ሰርቨሩ በጣም ተግባቢ ነበር።,ሰርቨር,positive
1113,እንዲህ ላለው አስከፊ ምግብ በጣም ብዙ ገንዘብ ማግኘት ይቻላል።,ምግብ,negative
1116,በትሪዮ ታላቅ ተሞክሮ ነበረኝ ... በትር ደስ የሚል ነበር፤ ምግብ ጣፋጭ እና በከፊል መጠን ትልቅ ነበር - እኔ በጣም ፖርቶቤሎ/gorgonzola/sausage ግብይት እና ሎብስተር ሪዞቶ በጣም እመክራለሁ.,ሎብስተር ሪሶቶ,positive
1120,በትሪዮ ታላቅ ተሞክሮ ነበረኝ ... በትር ደስ የሚል ነበር፤ ምግብ ጣፋጭ እና በከፊል መጠን ትልቅ ነበር - እኔ በጣም ፖርቶቤሎ/gorgonzola/sausage ግብይት እና ሎብስተር ሪዞቶ በጣም እመክራለሁ.,ምግብ,positive
1124,በትሪዮ ታላቅ ተሞክሮ ነበረኝ ... በትር ደስ የሚል ነበር፤ ምግብ ጣፋጭ እና በከፊል መጠን ትልቅ ነበር - እኔ በጣም ፖርቶቤሎ/gorgonzola/sausage ግብይት እና ሎብስተር ሪዞቶ በጣም እመክራለሁ.,ፖርቶቤሎ/gorgonzola/sausage aspetizer,positive
1128,በትሪዮ ታላቅ ተሞክሮ ነበረኝ ... በትር ደስ የሚል ነበር፤ ምግብ ጣፋጭ እና በከፊል መጠን ትልቅ ነበር - እኔ በጣም ፖርቶቤሎ/gorgonzola/sausage ግብይት እና ሎብስተር ሪዞቶ በጣም እመክራለሁ.,በትር,positive
1132,በትሪዮ ታላቅ ተሞክሮ ነበረኝ ... በትር ደስ የሚል ነበር፤ ምግብ ጣፋጭ እና በከፊል መጠን ትልቅ ነበር - እኔ በጣም ፖርቶቤሎ/gorgonzola/sausage ግብይት እና ሎብስተር ሪዞቶ በጣም እመክራለሁ.,የድርሻ መጠን,positive
1136,አገልግሎቱ በትኩረት የሚከናነብና ለጋስ ነበር ።,አገልግሎት,positive
1139,ብዙ ቶን የሚመዝን ምግብ፣ የወይን ጠጅና ጣፋጭ ምግብ ነበረን።,ወይን ጠጅ,positive
1142,ብዙ ቶን የሚመዝን ምግብ፣ የወይን ጠጅና ጣፋጭ ምግብ ነበረን።,ጣፋጭ ምግብ,positive
1145,ብዙ ቶን የሚመዝን ምግብ፣ የወይን ጠጅና ጣፋጭ ምግብ ነበረን።,ምግብ,positive
1148,በመሃል ከተማ በሚናወጥ አካባቢ በጣም ደስ የሚያሰኝ የመምገጃ ተሞክሮ።,የመምገኛ ልምድ,positive
1151,አገልግሎቱ ምንጊዜም በጣም አስደሳች ከመሆኑም በላይ ባለቤትህ ደስ ይልህ ዘንድ ይዞራል ።,ባለቤት,positive
1153,አገልግሎቱ ምንጊዜም በጣም አስደሳች ከመሆኑም በላይ ባለቤትህ ደስ ይልህ ዘንድ ይዞራል ።,አገልግሎት,positive
1156,ወዲያው በዳንስ ወለሉ አቅራቢያ ተቀመጥን ።,የዳንስ ወለል,neutral
1158,ሙዚቃው በጣም አስደሳች ቢሆንም ለጭውውት የሚሆን ቦታ ስለቀረ ባርቴንደር ምርጦች ይጠጡ ነበር።,መጠጦች,positive
1162,ሙዚቃው በጣም አስደሳች ቢሆንም ለጭውውት የሚሆን ቦታ ስለቀረ ባርቴንደር ምርጦች ይጠጡ ነበር።,ባርቴንደር,positive
1166,ሙዚቃው በጣም አስደሳች ቢሆንም ለጭውውት የሚሆን ቦታ ስለቀረ ባርቴንደር ምርጦች ይጠጡ ነበር።,ሙዚቃ,positive
1170,ምግቡ በጣም ጥሩ አይደለም እናም አገልግሎቱ በጣም አስከፊ ነው።,አገልግሎት,negative
1174,ምግቡ በጣም ጥሩ አይደለም እናም አገልግሎቱ በጣም አስከፊ ነው።,ምግብ,negative
1178,ምግቡ በጣም ጥሩ ስለነበረ እና ሠራተኞቹ ተግባቢ፣ ጨዋ እና ውጤታማ እንደሆኑ በመሆኔ ደስተኛ ነኝ።,በትር,positive
1182,ምግቡ በጣም ጥሩ ስለነበረ እና ሠራተኞቹ ተግባቢ፣ ጨዋ እና ውጤታማ እንደሆኑ በመሆኔ ደስተኛ ነኝ።,ምግብ,positive
1186,መጥፎ ምግብ (ወይም መጥፎ አገልግሎት አግኝቼ አላውቅም)@ PIGALLE.,አገልግሎት,positive
1188,መጥፎ ምግብ (ወይም መጥፎ አገልግሎት አግኝቼ አላውቅም)@ PIGALLE.,ምግብ,positive
1190,ይህም ምግቡ ንጹሕ እንዳልሆነ ግልጽ አደረገ፤ ከእጅ በፊት እንደተሠራና እንደገና እንደሚሞቅ ግልጽ ነው ።,ምግብ,negative
1193,ሥራ በሚበዛበት ሰዓት፣ እንድትቆዩ እመክሩላችኋለሁ።,የቀበሌ,neutral
1196,ይሁን እንጂ የእነሱ ማክ አይብ ዩሚ ነበር!,ማክ ጅብ,positive
1199,የምራቃቸው ምግብ ለሁሉም የሚሆን ነገር ነበረው ።,የምጣድ ማውጫ,positive
1201,የጃዝ ዘፋኝ ጥሩ ድምፅ ነበረው+ ሁላችንም እንድንጨፍር አደረገችን።,የጃዝ ዘፋኝ,positive
1204,መጥፎ ከፍተኛ ዋጋ ያለው ምግብ ለማግኘት መፈለግዎ የghetto መልክዓ ምህዳራዊ ርካሽ BX A $$ ይህ ቦታ ነው!!,መልክዓ ምህዳሩ,negative
1206,መጥፎ ከፍተኛ ዋጋ ያለው ምግብ ለማግኘት መፈለግዎ የghetto መልክዓ ምህዳራዊ ርካሽ BX A $$ ይህ ቦታ ነው!!,ምግብ,negative
1210,መጥፎ ከፍተኛ ዋጋ ያለው ምግብ ለማግኘት መፈለግዎ የghetto መልክዓ ምህዳራዊ ርካሽ BX A $$ ይህ ቦታ ነው!!,ዋጋ,negative
1214,አገልግሎቱ ወዲያውኑ ተግባቢ ነው ።,አገልግሎት,positive
1217,በዱምፖ የሥነ ጥበብ በዓል ላይ እያለን ይህን ምግብ ቤት በአጋጣሚ ያገኘነው ሲሆን ምግባችንንም በጣም ደስ አሰኝቶናል።,ምግብ,positive
1220,ምግቡ ሙሉ በሙሉ ንጹሕ የሆነ የጣሊያን ምግብ ነበር ።,ጣልያንኛ ምግብ,positive
1224,ምግቡ ሙሉ በሙሉ ንጹሕ የሆነ የጣሊያን ምግብ ነበር ።,ምግብ,positive
1228,ይህ አገልግሎት በጣም አስደናቂ ነበር ።,አገልግሎት,positive
1231,ስለዚህ ሆት ዶግ የሚናገሩ አንዳንድ ሰዎች ስለ ምን እንደሚናገሩ አላውቅም።,ሆት ዶግ,negative
1233,ይህ እስከ ዛሬ ካጋጠምኳቸው ሆትዶግዎች ሁሉ የከፋ እንደሆነ ምንም ጥርጥር የለውም ።,ሆትዶግ,negative
1236,"ከታላላቅ ሆት ውሾች በተጨማሪ, DOTP እንደ tator tots እና እንግሊዘኛ ሙፊኖች ያሉ ታላላቅ ነገሮች በተጨማሪ, ጣፋጭ NJ ላይ የተመሠረተ የአሳማ ምርት ለእኛ ጀርሲ ልጃገረዶች እና ወንዶች ልጆች እንደ ቴይለር ሃም ያውቁልናል.",እንግሊዝኛ muffins,positive
1240,"ከታላላቅ ሆት ውሾች በተጨማሪ, DOTP እንደ tator tots እና እንግሊዘኛ ሙፊኖች ያሉ ታላላቅ ነገሮች በተጨማሪ, ጣፋጭ NJ ላይ የተመሠረተ የአሳማ ምርት ለእኛ ጀርሲ ልጃገረዶች እና ወንዶች ልጆች እንደ ቴይለር ሃም ያውቁልናል.",ቴይለር ካም,positive
1242,"ከታላላቅ ሆት ውሾች በተጨማሪ, DOTP እንደ tator tots እና እንግሊዘኛ ሙፊኖች ያሉ ታላላቅ ነገሮች በተጨማሪ, ጣፋጭ NJ ላይ የተመሠረተ የአሳማ ምርት ለእኛ ጀርሲ ልጃገረዶች እና ወንዶች ልጆች እንደ ቴይለር ሃም ያውቁልናል.",የአሳማ ምርት,positive
1246,"ከታላላቅ ሆት ውሾች በተጨማሪ, DOTP እንደ tator tots እና እንግሊዘኛ ሙፊኖች ያሉ ታላላቅ ነገሮች በተጨማሪ, ጣፋጭ NJ ላይ የተመሠረተ የአሳማ ምርት ለእኛ ጀርሲ ልጃገረዶች እና ወንዶች ልጆች እንደ ቴይለር ሃም ያውቁልናል.",tator tots,positive
1250,"ከታላላቅ ሆት ውሾች በተጨማሪ, DOTP እንደ tator tots እና እንግሊዘኛ ሙፊኖች ያሉ ታላላቅ ነገሮች በተጨማሪ, ጣፋጭ NJ ላይ የተመሠረተ የአሳማ ምርት ለእኛ ጀርሲ ልጃገረዶች እና ወንዶች ልጆች እንደ ቴይለር ሃም ያውቁልናል.",ሆት ውሾች,positive
1254,"ከታላላቅ ሆት ውሾች በተጨማሪ, DOTP እንደ tator tots እና እንግሊዘኛ ሙፊኖች ያሉ ታላላቅ ነገሮች በተጨማሪ, ጣፋጭ NJ ላይ የተመሠረተ የአሳማ ምርት ለእኛ ጀርሲ ልጃገረዶች እና ወንዶች ልጆች እንደ ቴይለር ሃም ያውቁልናል.",ቁርስ ሳንድዊች,positive
1258,የተጠበሱ ምግቦችን በተመለከተ የሰጡት አስተያየት ትክክል ነው (ከታች) ፤ ሌሎቹ ምግቦች ደግሞ የበግ ኢንትራእና ብዙዎቹን ሰላጣዎች (አቮካዶ ሽሪምፕ) ጨምሮ በጣም ጥሩ ነበሩ ።,የተጠበሱ ምግቦች,negative
1260,የተጠበሱ ምግቦችን በተመለከተ የሰጡት አስተያየት ትክክል ነው (ከታች) ፤ ሌሎቹ ምግቦች ደግሞ የበግ ኢንትራእና ብዙዎቹን ሰላጣዎች (አቮካዶ ሽሪምፕ) ጨምሮ በጣም ጥሩ ነበሩ ።,ሰላጣ (አቮካዶ ሽሪምፕ),positive
1262,የተጠበሱ ምግቦችን በተመለከተ የሰጡት አስተያየት ትክክል ነው (ከታች) ፤ ሌሎቹ ምግቦች ደግሞ የበግ ኢንትራእና ብዙዎቹን ሰላጣዎች (አቮካዶ ሽሪምፕ) ጨምሮ በጣም ጥሩ ነበሩ ።,የምጣኔ ሃሳቦች,positive
1265,የተጠበሱ ምግቦችን በተመለከተ የሰጡት አስተያየት ትክክል ነው (ከታች) ፤ ሌሎቹ ምግቦች ደግሞ የበግ ኢንትራእና ብዙዎቹን ሰላጣዎች (አቮካዶ ሽሪምፕ) ጨምሮ በጣም ጥሩ ነበሩ ።,ጠቦት entrée,positive
1268,በመጠኑም ቢሆን ተስፋ አስቆራጭ የወይን ጠጅ ዝርዝር (አዲስ የወይን ጠጅ ብቻ ነው።,የወይን ተክል,negative
1270,በመጠኑም ቢሆን ተስፋ አስቆራጭ የወይን ጠጅ ዝርዝር (አዲስ የወይን ጠጅ ብቻ ነው።,የወይን ጠጅ ዝርዝር,negative
1273,ይሁን እንጂ ዋጋው አነስተኛ ከሆነ ቡድን ጋር አስደሳች ምሽት ማሳለፍ በጣም ርካሽ ነበር ።,ዋጋ,positive
1275,አስተናጋጆቻችን ጠቃሚና ማራኪ፣ ምግቡ ፍጹም እንዲሁም የወይን ጠጁም ጥሩ ነበር።,ወይን ጠጅ,positive
1279,አስተናጋጆቻችን ጠቃሚና ማራኪ፣ ምግቡ ፍጹም እንዲሁም የወይን ጠጁም ጥሩ ነበር።,አስተናጋጅ,positive
1283,አስተናጋጆቻችን ጠቃሚና ማራኪ፣ ምግቡ ፍጹም እንዲሁም የወይን ጠጁም ጥሩ ነበር።,ምግብ,positive
1287,ምግቡ በጣም አስደናቂ ከመሆኑም በላይ አገልግሎቱ ከፍተኛ ደረጃ ላይ ይገኝ ነበር ።,አገልግሎት,positive
1291,ምግቡ በጣም አስደናቂ ከመሆኑም በላይ አገልግሎቱ ከፍተኛ ደረጃ ላይ ይገኝ ነበር ።,ምግብ,positive
1295,"ስፍራው የተሻለ, brisket, የጎድን አጥንቶች, ክንፎች, ካጁን ሽሪምፕ ጥሩ እንጂ ጥሩ አይደለም.",cajun ሽሪምፕ,neutral
1298,"ስፍራው የተሻለ, brisket, የጎድን አጥንቶች, ክንፎች, ካጁን ሽሪምፕ ጥሩ እንጂ ጥሩ አይደለም.",brisket,positive
1301,"ስፍራው የተሻለ, brisket, የጎድን አጥንቶች, ክንፎች, ካጁን ሽሪምፕ ጥሩ እንጂ ጥሩ አይደለም.",የጎድን አጥንቶች,positive
1304,"ስፍራው የተሻለ, brisket, የጎድን አጥንቶች, ክንፎች, ካጁን ሽሪምፕ ጥሩ እንጂ ጥሩ አይደለም.",ክንፎች,positive
1307,"ታላቅ የቢራ ምርጫም, እንደ 50 ቢራ.",ቢራ,neutral
1309,"ታላቅ የቢራ ምርጫም, እንደ 50 ቢራ.",የቢራ ምርጫ,positive
1312,"BTW, አገልግሎቱ በጣም ጥሩ ነው .",አገልግሎት,positive
1315,ስለዚህ በቡና ቤቱ ውስጥ ቁጭ ብለን ነበር፣ ባርቴንደር እዚያ መሆን የሚፈልግ መስሎ አልታየም።,ባር,neutral
1317,ስለዚህ በቡና ቤቱ ውስጥ ቁጭ ብለን ነበር፣ ባርቴንደር እዚያ መሆን የሚፈልግ መስሎ አልታየም።,ባርቴንደር,negative
1319,መጠጥ ማዘዝ ወይም መሄድ እንዳለብን አናውቅም ነበር?,መጠጥ,neutral
1321,የምንመገብበት ጊዜ አሳዛኝ እንዲሆን ለማድረግ እዚያ የሚገኙት ለምን እንደሆነ እያስብን ነበር?,የመምገኛ ልምድ,negative
1324,ያም ሆነ ይህ ባለቤቱ ሐሰት ነበር ።,ባለቤት,negative
1327,እውነቱን ለመናገር፣ እዚህ ያለው የቻይና ምግብ በቤት ውስጥ የተሻለ እንዲሆን ማድረግ የምችለው ነገር ነው።,የቻይና ምግብ,negative
1329,ፎቅ ላይ ለመላው ምግብ ቤት አስተናጋጅ የነበረው አንድ ሰው ብቻ ነበር ።,አስተናጋጅ,neutral
1331,ምግቡ ከቺናታውን ጋር ሲወዳደር ርካሽ አይደለም ብዬ አሰብኩ።,ምግብ,negative
1334,Chinatown በእርግጥ ርካሽ ዋጋዎች ጋር የተሻለ ጥራት አለው.,ዋጋዎች,positive
1338,Chinatown በእርግጥ ርካሽ ዋጋዎች ጋር የተሻለ ጥራት አለው.,ጥራት,positive
1342,ሚድልታውን/ከተማ አካባቢ እንዳሉ አንዳንድ የቻይና ምግብ ቤቶች የተሻለ ምግብ ቢቀርብ ዋጋውን መረዳት ችያለሁ።,ዋጋዎች,negative
1344,ሚድልታውን/ከተማ አካባቢ እንዳሉ አንዳንድ የቻይና ምግብ ቤቶች የተሻለ ምግብ ቢቀርብ ዋጋውን መረዳት ችያለሁ።,ምግብ,negative
1346,በጥቁር ሆምጣጤና በተቆራረጠ ጅማሬ ይበላል።,ጥቁር ሆምጣጤ,neutral
1348,በጥቁር ሆምጣጤና በተቆራረጠ ጅማሬ ይበላል።,የተቆራረጠ ጅንገር,neutral
1350,Malted Milk Ball Gelato - በህይወታችሁ ይህን ያህል አስቂኝ የሆነ ነገር ሰምታችሁ ያውቃሉ?,Malted ወተት ኳስ Gelato,positive
1353,ምግቡ የባለቤቱን ዳ ሲልቫኖ ያህል ውድ ሆኖ አግኝቼዋለሁ ።,ባለቤት,positive
1356,ምግቡ የባለቤቱን ዳ ሲልቫኖ ያህል ውድ ሆኖ አግኝቼዋለሁ ።,ምግብ,positive
1359,በተጨማሪም ይህ ሰው ይበልጥ ዘና ያለና ዘና ያለ ነው።,አማርኛ,positive
1362,በርከት ያሉ የቅመማ ቅመሞችና የፓስታ ልዩ ልዩ ጽሑፎች በጣም አስገራሚ ነበሩ ።,ፓስታ ልዩ ልዩ,positive
1365,በርከት ያሉ የቅመማ ቅመሞችና የፓስታ ልዩ ልዩ ጽሑፎች በጣም አስገራሚ ነበሩ ።,ቅመማ ቅመማ,positive
1368,ትሩፋት ጋር ትግሉን በእርግጥ ይሞክሩ - በጣም አስገራሚ ነበር.,ትሩፋት ጋር taglierini,positive
1371,በተጨማሪም በትሩ በትኩረት የሚከናነበውና በቀላሉ የሚቀረብ ነው ።,በትር,positive
1374,የአትክልት ሪሶቶዬ የተቃጠለ ከመሆኑም በላይ ሙሉ በሙሉ የሚቃጠል ጣዕም ነበረው።,የአትክልት ሪሶቶ,negative
1378,የአትክልት ሪሶቶዬ የተቃጠለ ከመሆኑም በላይ ሙሉ በሙሉ የሚቃጠል ጣዕም ነበረው።,ጣዕም,negative
1382,ብዙ ጊዜ ከሌለህ በጣም ፈጣን አገልግሎት አላቸው።,አገልግሎት,positive
1385,ምግቡ አማካኝ ነው። የቁርስ ምግብ፣ ሾርባ፣ ሰላጣ፣ ሳንድዊች ወዘተ.,ምግብ,neutral
1388,ምግቡ አማካኝ ነው። የቁርስ ምግብ፣ ሾርባ፣ ሰላጣ፣ ሳንድዊች ወዘተ.,ሾርባዎች,neutral
1391,ምግቡ አማካኝ ነው። የቁርስ ምግብ፣ ሾርባ፣ ሰላጣ፣ ሳንድዊች ወዘተ.,ሰላጣ,neutral
1394,ምግቡ አማካኝ ነው። የቁርስ ምግብ፣ ሾርባ፣ ሰላጣ፣ ሳንድዊች ወዘተ.,ሳንድዊች,neutral
1397,ምግቡ አማካኝ ነው። የቁርስ ምግብ፣ ሾርባ፣ ሰላጣ፣ ሳንድዊች ወዘተ.,ቁርስ ምግብ,neutral
1400,ይህንን አስደሳች ቦታ የሚያደርጉት ውይይቶች ናቸው።,ቦታ,positive
1403,ምግብ ጥሩ ቢሆንም ጥሩ አልነበረም ።,ምግብ,positive
1406,አብዛኛውን ጊዜ ቅዳሜ ምሽት ሠራተኞቹ በጭንቀት ተውጠው ስለነበር አገልግሎት በጣም አስከፊ ነበር ።,አገልግሎት,negative
1410,አብዛኛውን ጊዜ ቅዳሜ ምሽት ሠራተኞቹ በጭንቀት ተውጠው ስለነበር አገልግሎት በጣም አስከፊ ነበር ።,በትር,negative
1414,በቅርቡ እዚህ የልደት ቀን ግብዣ አድርገናል እናም ምግቡ እና አገልግሎቱ አስደናቂ ነበር።,አገልግሎት,positive
1417,በቅርቡ እዚህ የልደት ቀን ግብዣ አድርገናል እናም ምግቡ እና አገልግሎቱ አስደናቂ ነበር።,ምግብ,positive
1420,ሱሺ አዲስ ከመሆኑም በላይ እያንዳንዱ እንግዳ የሚመርጠው ንቅለ ተፈቅዶለታል እናም ሁላችንም ደስተኛ ሆነን (ዳክዬውን ሞክሩ!,ዳክዬ,positive
1424,ሱሺ አዲስ ከመሆኑም በላይ እያንዳንዱ እንግዳ የሚመርጠው ንቅለ ተፈቅዶለታል እናም ሁላችንም ደስተኛ ሆነን (ዳክዬውን ሞክሩ!,ኢንችስ,neutral
1426,ሱሺ አዲስ ከመሆኑም በላይ እያንዳንዱ እንግዳ የሚመርጠው ንቅለ ተፈቅዶለታል እናም ሁላችንም ደስተኛ ሆነን (ዳክዬውን ሞክሩ!,ሱሺ,positive
1430,አገልግሎቱ ትንሽ አዝጋሚ ከመሆኑም በላይ የተወሰነ ክፍል ትንሽ ስለሆነ ከተራባችሁና በችኮላ ከተጣደፋችሁ ቦታው ይህ አይደለም።,የተወሰኑ ክፍሎች,negative
1434,አገልግሎቱ ትንሽ አዝጋሚ ከመሆኑም በላይ የተወሰነ ክፍል ትንሽ ስለሆነ ከተራባችሁና በችኮላ ከተጣደፋችሁ ቦታው ይህ አይደለም።,አገልግሎት,negative
1438,ጥሩ ምግብ፣ ብዙ መጠጦች፣ ጥሩ የመመገበያ መንፈስ።,መጠጦች,positive
1442,ጥሩ ምግብ፣ ብዙ መጠጦች፣ ጥሩ የመመገበያ መንፈስ።,የመበልጠጥ ከባቢ አየር,positive
1446,ጥሩ ምግብ፣ ብዙ መጠጦች፣ ጥሩ የመመገበያ መንፈስ።,ምግብ,positive
1450,ይሁን እንጂ ዋጋው ከላይ ትንሽ ቢበልጥም እዚህ ያለው እራት ፈጽሞ ተስፋ አስቆራጭ አይደለም።,ዋጋዎች,negative
1454,ይሁን እንጂ ዋጋው ከላይ ትንሽ ቢበልጥም እዚህ ያለው እራት ፈጽሞ ተስፋ አስቆራጭ አይደለም።,እራት,positive
1458,የሚያሳዝነው ግን ግሩም የሆነው ሳኪቲኒ ከባር ማውጫው ተወስዷል ።,ሳኪቲኒ,positive
1462,የሚያሳዝነው ግን ግሩም የሆነው ሳኪቲኒ ከባር ማውጫው ተወስዷል ።,ባር ሜኑ,negative
1466,እዚህ ያለው ምግብ ከመጀመሪያ እስከ መጨረሻ በጣም አስደሳች ነበር ።,ምግብ,positive
1469,ጥሩ ምግብ በትክክለኛው ዋጋ ምን ተጨማሪ ነገር ልትጠይቅ ትችላለህ?,ዋጋ,positive
1473,ጥሩ ምግብ በትክክለኛው ዋጋ ምን ተጨማሪ ነገር ልትጠይቅ ትችላለህ?,ምግብ,positive
1477,ለማዘዝ ከሁሉ የተሻለው ነገር ከግሪል (ቹራስኮ እና ሪብ) ነው።,ቹራስኮ,positive
1479,ለማዘዝ ከሁሉ የተሻለው ነገር ከግሪል (ቹራስኮ እና ሪብ) ነው።,grill,positive
1481,ለማዘዝ ከሁሉ የተሻለው ነገር ከግሪል (ቹራስኮ እና ሪብ) ነው።,የጎድን አጥንት,positive
1483,ጥሩ የምግብ ዋጋ ያለው ምግብ በጣም ጥሩ ነው ።,ምግብ,positive
1487,ጥሩ የምግብ ዋጋ ያለው ምግብ በጣም ጥሩ ነው ።,ዋጋ,positive
1491,"ምቾቶቹ ደህና ናቸው, ግን አገልግሎቱ አዝጋሚ ነው.",አገልግሎት,negative
1495,"ምቾቶቹ ደህና ናቸው, ግን አገልግሎቱ አዝጋሚ ነው.",ቅመማ ቅመማ,neutral
1499,በሰዓት አንድ መጠጥ ማግኘት ከቻልክ እድለኛ ስለምትሆን ለመጠጥ ወደዚያ መሄድ መልካም ነው።,መጠጥ,neutral
1501,በሰዓት አንድ መጠጥ ማግኘት ከቻልክ እድለኛ ስለምትሆን ለመጠጥ ወደዚያ መሄድ መልካም ነው።,አገልግሎት,negative
1505,በሰዓት አንድ መጠጥ ማግኘት ከቻልክ እድለኛ ስለምትሆን ለመጠጥ ወደዚያ መሄድ መልካም ነው።,መጠጦች,neutral
1509,ወደ ውስጥ ገብተህ ከዳንኤል በስተ ምዕራብ ካሉት የፈረንሳይ ምግቦች ሁሉ የሚበልጠውን ለናሙና አቅርብ።,የፈረንሳይ ምግብ,positive
1512,ከምግቡ ጋር በተያያዘ ይህ ቦታ ቃል በቃል ሞቃታማ ነው ።,ምግብ,positive
1515,ሳቴ አገልግሎት ና ምግብ ሁልጊዜ በገንዘብ ላይ በሚገኝባቸው ዋሽንግተን ውስጥ ከሚወዱት ቦታዎች አንዱ ነው።,አገልግሎት,positive
1517,ሳቴ አገልግሎት ና ምግብ ሁልጊዜ በገንዘብ ላይ በሚገኝባቸው ዋሽንግተን ውስጥ ከሚወዱት ቦታዎች አንዱ ነው።,ምግብ,positive
1519,የጎድን አጥንቶችን ሞክርና ከኮኮናት ሩዝ ጋር አጣምረው።,የበሬ ሥጋ,positive
1522,የጎድን አጥንቶችን ሞክርና ከኮኮናት ሩዝ ጋር አጣምረው።,የጎድን አጥንቶች,positive
1525,የጎድን አጥንቶችን ሞክርና ከኮኮናት ሩዝ ጋር አጣምረው።,የኮኮናት ሩዝ,positive
1527,የእሳት አደጋ መከላከያ ክፍል በአፍህ ውስጥ ያለውን እሳት ለማጥፋት ካልፈለግህ በስተቀር በቺሊ ላይ ከተፈረመው የምግብ ዓይነት ተጠንቀቁ።,የቺሊ የምግብ እቃዎች ተፈራረሙ,negative
1529,ምግቡ ብቻ ደህና ነው፣ እናም ፒያላውን ካልቀበላችሁ በስተቀር መሄድ ምንም ዋጋ የለውም ለማለት ይቻላል፣ በጣም ጥሩ የሆነው ብቸኛው ምግብ ነው።,dish,positive
1532,ምግቡ ብቻ ደህና ነው፣ እናም ፒያላውን ካልቀበላችሁ በስተቀር መሄድ ምንም ዋጋ የለውም ለማለት ይቻላል፣ በጣም ጥሩ የሆነው ብቸኛው ምግብ ነው።,ፒያላ,positive
1535,ሠራተኞቹ በጣም ተግባቢ ናቸው ።,በትር,positive
1538,ኒው ጀርሲ ውስጥ ምርጥ ፒዛ ያደርጋሉ.,ፒሳ,positive
1541,አስተናጋጁ ውጤታማና ጨዋ ከመሆኑም በላይ በጣም ጠቃሚ ነበር ። ,አስተናጋጅ,positive
1544,በጣም ፈጣን አገልግሎት ያለው ትንሽ ምግብ ቤት...,አገልግሎት,positive
1547,ታላላቅ በርገርዎች፣ የተጠበሰ አይብና የፈረንጅ ፍሬ።,የተፈጨ አይብ,positive
1550,ታላላቅ በርገርዎች፣ የተጠበሰ አይብና የፈረንጅ ፍሬ።,french fries,positive
1553,ታላላቅ በርገርዎች፣ የተጠበሰ አይብና የፈረንጅ ፍሬ።,በርገር,positive
1556,"ምግቡ በጣም ደስ የሚል ነው, የእነሱን ዱምፕ, ቀዝቃዛ የሲሳም ቡዲስ, ዶሮ እና ሽሪምፕ ምግቦች እወዳቸዋለሁ.",ዶሮ,positive
1560,"ምግቡ በጣም ደስ የሚል ነው, የእነሱን ዱምፕ, ቀዝቃዛ የሲሳም ቡዲስ, ዶሮ እና ሽሪምፕ ምግቦች እወዳቸዋለሁ.",ምግብ,positive
1564,"ምግቡ በጣም ደስ የሚል ነው, የእነሱን ዱምፕ, ቀዝቃዛ የሲሳም ቡዲስ, ዶሮ እና ሽሪምፕ ምግቦች እወዳቸዋለሁ.",ቀዝቃዛ የሴሳም ኑዶች,positive
1568,"ምግቡ በጣም ደስ የሚል ነው, የእነሱን ዱምፕ, ቀዝቃዛ የሲሳም ቡዲስ, ዶሮ እና ሽሪምፕ ምግቦች እወዳቸዋለሁ.",ዳምፕሊንግስ,positive
1572,"ምግቡ በጣም ደስ የሚል ነው, የእነሱን ዱምፕ, ቀዝቃዛ የሲሳም ቡዲስ, ዶሮ እና ሽሪምፕ ምግቦች እወዳቸዋለሁ.",ሽሪምፕ ዲሽ,positive
1576,"በላይኛው ምስራቅ ላይ ምርጥ ቻይንኛ, ፈጣን ማድረስ, ጥሩ ዋጋ.",ዋጋ,positive
1580,"በላይኛው ምስራቅ ላይ ምርጥ ቻይንኛ, ፈጣን ማድረስ, ጥሩ ዋጋ.",ማድረጊያ,positive
1584,ከዚህ በፊት ብርቱካንማ ዶናት ስለነበረኝ በጥይት አደረግኩት ።,ብርቱካን ዶናት,neutral
1586,ጣዕሙ በጣም አስገረመኝ ።,ጣዕም,positive
1589,ብዙ ተማሪዎችና የአካባቢው ነዋሪዎች በዚህ ጠባብ ቦታ ውስጥ በአቧራ ርካሽ ዋጋ ጣፋጭ የሆኑ ጣፋጭ ምግቦቿን ለማግኘት እምብዛም ቦታ አይፈጅላቸውም።,ቦታ,negative
1593,ብዙ ተማሪዎችና የአካባቢው ነዋሪዎች በዚህ ጠባብ ቦታ ውስጥ በአቧራ ርካሽ ዋጋ ጣፋጭ የሆኑ ጣፋጭ ምግቦቿን ለማግኘት እምብዛም ቦታ አይፈጅላቸውም።,ህክምናዎች,positive
1597,ብዙ ተማሪዎችና የአካባቢው ነዋሪዎች በዚህ ጠባብ ቦታ ውስጥ በአቧራ ርካሽ ዋጋ ጣፋጭ የሆኑ ጣፋጭ ምግቦቿን ለማግኘት እምብዛም ቦታ አይፈጅላቸውም።,ዋጋዎች,positive
1601,ይሁን እንጂ እዚህ ያለው እውነተኛ ኮከብ ሳንድዊች እንደሆነ አዘውትረው ያውቃሉ።,ሳንድዊች,positive
1604,ሾርባውንና ሳንድዊችውን ለማጣጣም ትኩስና ኮመዛ ዛፉን ሞክሩት።,ሙቅና የቆረቆረ ሾርባ,positive
1608,ሾርባውንና ሳንድዊችውን ለማጣጣም ትኩስና ኮመዛ ዛፉን ሞክሩት።,ሾርባ እና ሳንድዊች ምግብ,positive
1612,በስንዴ የተጠበሰ ፒሳ ያላቸው ሲሆን እነዚህ ፒሳዎች በጣም ንጹሕና ለምለም ንጥረ ነገሮች የተዘጋጁ ናቸው።,ስንዴ የተጠበሰ ፒሳ,positive
1614,በስንዴ የተጠበሰ ፒሳ ያላቸው ሲሆን እነዚህ ፒሳዎች በጣም ንጹሕና ለምለም ንጥረ ነገሮች የተዘጋጁ ናቸው።,ንጥረ ነገሮች,positive
1617,በፒሳ ላይ የሚጠማመሙት ጣዕሙ ግን በጣዕሙ የተሞላ ነው።,ጣዕም,positive
1621,በፒሳ ላይ የሚጠማመሙት ጣዕሙ ግን በጣዕሙ የተሞላ ነው።,ፒሳ ላይ twist,positive
1625,ከባድ የሆነ የሕንዳውያን ምግብ ለማግኘት የምትመኝከሆነና ለምትመኛለው አካባቢ የምትመኝ ከሆነ ይህ በጣም ጥሩና አስደሳች ምርጫ ነው።,ambiance,positive
1629,ከባድ የሆነ የሕንዳውያን ምግብ ለማግኘት የምትመኝከሆነና ለምትመኛለው አካባቢ የምትመኝ ከሆነ ይህ በጣም ጥሩና አስደሳች ምርጫ ነው።,indian ምግብ,positive
1633,አገልግሎቱ በጣም አስደሳች ከመሆኑም በላይ በጠረጴዛ ዙሪያ ውይይት ማድረግ በጣም ቀላል ነው፤ ምክንያቱም ከባቢ አየር የፍቅር ስሜትና ምቾት ሊኖረው ይችላል።,አገልግሎት,positive
1637,አገልግሎቱ በጣም አስደሳች ከመሆኑም በላይ በጠረጴዛ ዙሪያ ውይይት ማድረግ በጣም ቀላል ነው፤ ምክንያቱም ከባቢ አየር የፍቅር ስሜትና ምቾት ሊኖረው ይችላል።,ከባቢ አየር,positive
1641,የሻማ መብራትና ሙዚቃ አለ።,ሙዚቃ,neutral
1643,የሻማ መብራትና ሙዚቃ አለ።,የሻማ መብራት,neutral
1645,እኔም ምግቡን እንደወደድኩ ምንም ጥርጥር የለውም ።,ምግብ,positive
1648,የታች ኛው ፎቅ ባር ትዕይንት በጣም ቀዝቃዛ እና ቀዝቃዛ ...,ፎቅ ላይ ባር ትዕይንት,positive
1651,ምግቡ በርግጥ ጥሩ ነበር። ነገር ግን ሁሉም ሲነገርና ሲሰራ ለዋጋው ሰበብ ማቅረብ አልቻልኩም (2 መጠጥ፣ ብር 100/ፐርሰንት ጨምሮ)...,ዋጋ,negative
1653,ምግቡ በርግጥ ጥሩ ነበር። ነገር ግን ሁሉም ሲነገርና ሲሰራ ለዋጋው ሰበብ ማቅረብ አልቻልኩም (2 መጠጥ፣ ብር 100/ፐርሰንት ጨምሮ)...,መጠጦች,neutral
1655,ምግቡ በርግጥ ጥሩ ነበር። ነገር ግን ሁሉም ሲነገርና ሲሰራ ለዋጋው ሰበብ ማቅረብ አልቻልኩም (2 መጠጥ፣ ብር 100/ፐርሰንት ጨምሮ)...,ምግብ,positive
1658,ከሁሉ የተሻለው የቻይና ምግብ ኡፕታውን!,የቻይና ምግብ,positive
1661,"ፈጣን አቅርቦት, ከፍተኛ ምግብ, ጥሩ ዋጋ, እና ወዳጃዊ አገልግሎት አንድ ላይ ተጣምረው አስደሳች ሪፓስት ለማረጋገጥ.",ምግብ,positive
1665,"ፈጣን አቅርቦት, ከፍተኛ ምግብ, ጥሩ ዋጋ, እና ወዳጃዊ አገልግሎት አንድ ላይ ተጣምረው አስደሳች ሪፓስት ለማረጋገጥ.",ዋጋዎች,positive
1669,"ፈጣን አቅርቦት, ከፍተኛ ምግብ, ጥሩ ዋጋ, እና ወዳጃዊ አገልግሎት አንድ ላይ ተጣምረው አስደሳች ሪፓስት ለማረጋገጥ.",አገልግሎት,positive
1673,"ፈጣን አቅርቦት, ከፍተኛ ምግብ, ጥሩ ዋጋ, እና ወዳጃዊ አገልግሎት አንድ ላይ ተጣምረው አስደሳች ሪፓስት ለማረጋገጥ.",አስተላልፋዮች,positive
1677,"ፈጣን አቅርቦት, ከፍተኛ ምግብ, ጥሩ ዋጋ, እና ወዳጃዊ አገልግሎት አንድ ላይ ተጣምረው አስደሳች ሪፓስት ለማረጋገጥ.",repast,positive
1681,$10++ ስትዝዝ ፍሪቢ የሚባለው ቀዝቃዛ የሴሳም ቡችሎች ተመራጭ ናቸው።,ቀዝቃዛ የሴሳም ኑዶች,positive
1684,አቮካዶ ሰላጣ የግል ፋቭ ነው።,አቮካዶ ሰላጣ,positive
1687,"እንዲሁም, ማር BBQ የጎድን የጎድን ጠቃሚ ምክሮች ጣፋጭ ናቸው!",ማር BBQ የጎድን አጥንት ጠቃሚ ምክሮች,positive
1690,ሙሉ በሙሉ የተበሰለና አስደናቂ ጣዕም ያለው የበግ ጠቦት አዘዝን ።,የበግ ጠቦት,positive
1693,ከእንቁላሎቹ ቤኔዲክት አንስቶ እስከ ማስል አልፎ ተርፎም እስከ ሃምበርገር ድረስ ሁሉም ነገር ጥሩና ጣፋጭ ነበር።,ሙሰል,positive
1696,ከእንቁላሎቹ ቤኔዲክት አንስቶ እስከ ማስል አልፎ ተርፎም እስከ ሃምበርገር ድረስ ሁሉም ነገር ጥሩና ጣፋጭ ነበር።,እንቁላል benedict,positive
1699,ከእንቁላሎቹ ቤኔዲክት አንስቶ እስከ ማስል አልፎ ተርፎም እስከ ሃምበርገር ድረስ ሁሉም ነገር ጥሩና ጣፋጭ ነበር።,ሃምበርገር,positive
1702,ይሁን እንጂ ኒው ዮርክ ውስጥ ከሁሉ የተሻለው ሱሺ እንዳልሆነ የታወቀ ነው።,ቦታ,positive
1705,በጎ ሱሺ የሚኖሩ ሰዎችን አምንበታለሁ፤ ይህ ፈጽሞ ተስፋ አስቆራጭ አይደለም።,ሰዎች,positive
1708,"ቀጥ-ወደፊት, ምንም የሚያስገርም, በጣም ጥሩ የጃፓን ምግብ.",የጃፓን ምግብ,positive
1711,አትሳሳቱኝ - ሱሺ ጥሩ ነበር እንጂ በጣም ግሩም አልነበረም ።,ሱሺ,positive
1714,ጥሩ ዓይነት ቢሆንም ምንም የሚያስደንቅ ነገር የለም ።,ልዩነት,positive
1717,ሃሩሚ ሱሺ ኒው ዮርክ ውስጥ በጣም ጣፋጭና ጣፋጭ የሆነ የሱሺ ዓይነት አለው።,ረጅሙ ሱሺ,positive
1720,በጣም ግሩም ለሆነ ምግብ ብቻ ሳይሆን ለወዳጅ ባለቤቶቹና ለሠራተኞቹም ጭምር በጣም እመክራለሁ።,ምግብ,positive
1724,በጣም ግሩም ለሆነ ምግብ ብቻ ሳይሆን ለወዳጅ ባለቤቶቹና ለሠራተኞቹም ጭምር በጣም እመክራለሁ።,በትር,positive
1728,በጣም ግሩም ለሆነ ምግብ ብቻ ሳይሆን ለወዳጅ ባለቤቶቹና ለሠራተኞቹም ጭምር በጣም እመክራለሁ።,ባለቤቶች,positive
1732,ሌላ ጓደኛዬ ደግሞ ፓርሜሳን አይብ እንዲሰጠው 3 ጊዜ መጠየቅ ነበረበት ።,ፓርሜሳን አይብ,neutral
1734,አገልግሎቱ በጣም ፈጣንና ተግባቢ ከመሆኑም በላይ ዋጋው በጣም ከፍተኛ ነው ።,ዋጋ,positive
1738,አገልግሎቱ በጣም ፈጣንና ተግባቢ ከመሆኑም በላይ ዋጋው በጣም ከፍተኛ ነው ።,አገልግሎት,positive
1742,በረሃብ እየተራብኩ ስለነበር አነስተኛ መጠን ያለው ነገር እያበሳጨኝ ነበር!,የተወሰኑ ክፍሎች,negative
1745,ሰኞ ለምሳ ስትበላ በአካባቢው በሚገኝ አንድ ፊልም ላይ እየሠራች ነበር ፤ ይህን እምብዛም ያልተለመደ ጌጥ አገኘችው ።,ምሳ,neutral
1747,እነዚህም ትናንሽ ፣ ፈጣን የምግብ ዓይነት በርገርዎች አይደሉም - እነዚህ እውነተኛና የተሟላ መጠን ያላቸው ፓቲዎች ናቸው ።,በርገር,positive
1751,እነዚህም ትናንሽ ፣ ፈጣን የምግብ ዓይነት በርገርዎች አይደሉም - እነዚህ እውነተኛና የተሟላ መጠን ያላቸው ፓቲዎች ናቸው ።,ፓቲዎች,positive
1755,እዚህ ለምግቡ በምትከፍሉበት ዋጋ ቢያንስ ከሌሎች የጃፓን ምግብ ቤቶች ጋር እንደሚተካከል ትጠብቃላችሁ።,ምግብ,negative
1757,እዚህ ለምግቡ በምትከፍሉበት ዋጋ ቢያንስ ከሌሎች የጃፓን ምግብ ቤቶች ጋር እንደሚተካከል ትጠብቃላችሁ።,ዋጋ,negative
1759,የምግብ መጠን አነስተኛ ና ከአማካይ በታች ነበር ።,የምግብ ክፍል,negative
1762,ምሳችንን እየበላን ሳለ አስተናጋጇ መጣች!!!!,ምሳ,neutral
1764,ምሳችንን እየበላን ሳለ አስተናጋጇ መጣች!!!!,አኩሪ ስጋ,neutral
1766,ምሳችንን እየበላን ሳለ አስተናጋጇ መጣች!!!!,አስተናጋጅ,negative
1768,ገበያ ከወጣህ በኋላ በቀን ውስጥ ለመዝናናት ወይም አንድ ብርጭቆ የወይን ጠጅ ላይ ቀለል ያለ ሾርባ ወይም ጥንታዊ የፈረንጅ ሳህን ለመያዝ ጥሩ ቦታ ነው።,ሾርባ,neutral
1772,ገበያ ከወጣህ በኋላ በቀን ውስጥ ለመዝናናት ወይም አንድ ብርጭቆ የወይን ጠጅ ላይ ቀለል ያለ ሾርባ ወይም ጥንታዊ የፈረንጅ ሳህን ለመያዝ ጥሩ ቦታ ነው።,ቦታ,positive
1776,ገበያ ከወጣህ በኋላ በቀን ውስጥ ለመዝናናት ወይም አንድ ብርጭቆ የወይን ጠጅ ላይ ቀለል ያለ ሾርባ ወይም ጥንታዊ የፈረንጅ ሳህን ለመያዝ ጥሩ ቦታ ነው።,ብርጭቆ የወይን ጠጅ,neutral
1778,ገበያ ከወጣህ በኋላ በቀን ውስጥ ለመዝናናት ወይም አንድ ብርጭቆ የወይን ጠጅ ላይ ቀለል ያለ ሾርባ ወይም ጥንታዊ የፈረንጅ ሳህን ለመያዝ ጥሩ ቦታ ነው።,french dish,neutral
1782,ምግቡ ከፍተኛ ከመሆኑም በላይ ዋጋው ምክንያታዊ ነው ።,ዋጋዎች,positive
1786,ምግቡ ከፍተኛ ከመሆኑም በላይ ዋጋው ምክንያታዊ ነው ።,ምግብ,positive
1790,ስፍራው ንፁህ ነው፤ ነፍስ ምግብ የምትወዱ ከሆነ ደግሞ ይህ ቦታ ነው!,ነፍስ ምግብ,positive
1794,ስፍራው ንፁህ ነው፤ ነፍስ ምግብ የምትወዱ ከሆነ ደግሞ ይህ ቦታ ነው!,ቦታ,positive
1798,የሠራተኞቹ አባላት በጣም ተግባቢ ከመሆናቸውም በላይ አንድ ጊዜ ወደ ውጭ ስጥለው መጠጣቴን ተክተውኛል።,ሠራተኞች,positive
1801,የሠራተኞቹ አባላት በጣም ተግባቢ ከመሆናቸውም በላይ አንድ ጊዜ ወደ ውጭ ስጥለው መጠጣቴን ተክተውኛል።,መጠጥ,neutral
1803,ለስላሳ ና ትኩስ ጭማቂዎች ልዩ ችሎታ አላቸው።,ልሙጥ,positive
1805,ለስላሳ ና ትኩስ ጭማቂዎች ልዩ ችሎታ አላቸው።,አዲስ ጭማቂ,positive
1807,ልሙጥ የሆነው ጭማቂ ለእኔ ትንሽ ትልቅ ቢሆንም እስከ ዛሬ ካጋጠምኳቸው ጭማቂዎች ሁሉ የላቀ ነው!,ልሙጥ,negative
1811,ልሙጥ የሆነው ጭማቂ ለእኔ ትንሽ ትልቅ ቢሆንም እስከ ዛሬ ካጋጠምኳቸው ጭማቂዎች ሁሉ የላቀ ነው!,አዲስ ጭማቂ,positive
1815,በጣም ጥሩ ዶሮ አቮካዶ እና ጥሩ ቱና አላቸው።,አቮካዶ ያለው ዶሮ,positive
1819,በጣም ጥሩ ዶሮ አቮካዶ እና ጥሩ ቱና አላቸው።,ቱና,positive
1823,አብዛኞቹ ሳንድዊች የሚባሉት በአኩሪ ማዮኔዝ ሲሆን ይህም በጣም ጥሩ ነው።,ሳንድዊች,positive
1826,አብዛኞቹ ሳንድዊች የሚባሉት በአኩሪ ማዮኔዝ ሲሆን ይህም በጣም ጥሩ ነው።,አኩሪ ማዮናዝ,positive
1828,"አስገራሚ, ሳንድዊች, ሾርባ, ፒዛ ወዘተ ብቻ ሳይሆን በቤት ውስጥ የተሰሩ ሶርቤትዎቻቸው ከዚህ ዓለም ውጭ ናቸው!",የቤት ሰራሽ ሶርቤት,positive
1832,"አስገራሚ, ሳንድዊች, ሾርባ, ፒዛ ወዘተ ብቻ ሳይሆን በቤት ውስጥ የተሰሩ ሶርቤትዎቻቸው ከዚህ ዓለም ውጭ ናቸው!",ሾርባ,positive
1836,"አስገራሚ, ሳንድዊች, ሾርባ, ፒዛ ወዘተ ብቻ ሳይሆን በቤት ውስጥ የተሰሩ ሶርቤትዎቻቸው ከዚህ ዓለም ውጭ ናቸው!",ሳንድዊች,positive
1840,"አስገራሚ, ሳንድዊች, ሾርባ, ፒዛ ወዘተ ብቻ ሳይሆን በቤት ውስጥ የተሰሩ ሶርቤትዎቻቸው ከዚህ ዓለም ውጭ ናቸው!",ፒሳ,positive
1844,የኦቾሎኒ ቅቤ ሶርቤትንና ፒሳውን በአኩሪ አይብ ሞክር!,ፒሳ በአኩሪ አይብ,positive
1847,የኦቾሎኒ ቅቤ ሶርቤትንና ፒሳውን በአኩሪ አይብ ሞክር!,የኦቾሎኒ ቅቤ ሶርቤት,positive
1850,አገልግሎቱ በጣም ጥሩ ነው (ምናልባት ምስጥ ንቅቅ ቅ,ጣፋጭ ምግብ,positive
1854,አገልግሎቱ በጣም ጥሩ ነው (ምናልባት ምስጥ ንቅቅ ቅ,ቡና,positive
1858,አንዳንድ ጊዜ ለጣዕሜ ትንሽ ከባድ የሆነው ሙዚቃ።,ሙዚቃ,negative
1861,የካሳብላንካ ቄሶች በጣም ብዙ ወጪ የማይጠይቁ ጣፋጭ ፋላፌል ፣ ታቡል ፣ ሃሙስና ሌሎች የሜድትራንያን ንዑስ ነገሮች ያስደስታሉ ።,የሜድትራንያን ባሕር አስደሳች ነው,positive
1864,የካሳብላንካ ቄሶች በጣም ብዙ ወጪ የማይጠይቁ ጣፋጭ ፋላፌል ፣ ታቡል ፣ ሃሙስና ሌሎች የሜድትራንያን ንዑስ ነገሮች ያስደስታሉ ።,ፋላፌል,positive
1867,የካሳብላንካ ቄሶች በጣም ብዙ ወጪ የማይጠይቁ ጣፋጭ ፋላፌል ፣ ታቡል ፣ ሃሙስና ሌሎች የሜድትራንያን ንዑስ ነገሮች ያስደስታሉ ።,humus,positive
1870,የካሳብላንካ ቄሶች በጣም ብዙ ወጪ የማይጠይቁ ጣፋጭ ፋላፌል ፣ ታቡል ፣ ሃሙስና ሌሎች የሜድትራንያን ንዑስ ነገሮች ያስደስታሉ ።,tabouleh,positive
1873,"ምግብ ቤት በጣም ተራ ነው, ነገር ግን ለምሳ ተስማሚ ነው, እና የማድረስ አገልግሎታቸው ሁልጊዜ በጣም ፈጣን ነው.",ምሳ,neutral
1877,"ምግብ ቤት በጣም ተራ ነው, ነገር ግን ለምሳ ተስማሚ ነው, እና የማድረስ አገልግሎታቸው ሁልጊዜ በጣም ፈጣን ነው.",የመዳረሻ አገልግሎት,positive
1881,በተጨማሪም ለባሕላዊው የሜድትራንያን ገቢ ስሜት ከሌለህ ብዙ ዓይነት መጠቅለያዎች አሏቸው።,መጠቅለያዎች,positive
1884,በተጨማሪም ለባሕላዊው የሜድትራንያን ገቢ ስሜት ከሌለህ ብዙ ዓይነት መጠቅለያዎች አሏቸው።,ባሕላዊው የሜድትራንያን ባሕር,neutral
1887,ፓሪሲ ፒዛ ለመሥራት 100 ዓመታት ፈጅቶብኛል (ቢያንስ ከዚህ አመት በፊት የሰሩት አይመስለኝም)... ሆኖም በትዕግሥት መጠበቁ የሚያስቆጭ አልነበረም ።,ፒሳ,positive
1890,ስጋው በጣም ግሩም (በጣም ትኩስ) ሲሆን ከእውነተኛ ሞዛሬላ ዳብ ጋር ነው።,dabs እውነተኛ mozzarella,neutral
1892,ስጋው በጣም ግሩም (በጣም ትኩስ) ሲሆን ከእውነተኛ ሞዛሬላ ዳብ ጋር ነው።,ስጋ,positive
1895,ዳቦውም ከፍተኛ ነው።,ዳቦ,positive
1898,በፎካቺያ እንጀራ ላይ ይቀርብና ለሞት ይዳርጋሉ።,ያገለገለ,neutral
1900,በፎካቺያ እንጀራ ላይ ይቀርብና ለሞት ይዳርጋሉ።,ፎካቺያ ዳቦ,neutral
1903,በተጨማሪም ኦኒየን ቀለበቶችን ያግኙ። ከዚህ በፊት ካጋጠመን ሁሉ የተሻለ ነው።,የሽንኩርት ቀለበቶች,positive
1906,"ውብ መንፈስ, ለመጠጥ እና/ወይም ለምግብነት ተስማሚ ነው.",ቅመማ ቅመማ,neutral
1910,"ውብ መንፈስ, ለመጠጥ እና/ወይም ለምግብነት ተስማሚ ነው.",ከባቢ አየር,positive
1914,"ውብ መንፈስ, ለመጠጥ እና/ወይም ለምግብነት ተስማሚ ነው.",መጠጦች,neutral
1918,ምግብ እንደ ኤዢያን ውህደት ይከፈላሉ - አዋጁን አያሟላም።,የተገለበጠ,negative
1920,ምግብ እንደ ኤዢያን ውህደት ይከፈላሉ - አዋጁን አያሟላም።,እስያዊ ውህደት,neutral
1922,ምግብ እንደ ኤዢያን ውህደት ይከፈላሉ - አዋጁን አያሟላም።,ምግብ,negative
1924,ምግብ እንደ ኤዢያን ውህደት ይከፈላሉ - አዋጁን አያሟላም።,ቢል,negative
1926,አስተናጋጆቹ በጣም ባለሙያዎች፣ ጨዋዎችና በትኩረት የሚከታተሉ ነበሩ።,አስተናጋጆች,positive
1929,ከ25 ዓመት በላይ ብሩክሊን ውስጥ ለምትኖሩ ትሁን፣ አሁን ለምርጡ ፒሳ ድልድዩን አሻግራ መሄድ አያስፈልገኝም .... Hanx,ፒሳ,positive
1932,እውነተኛውን የሕንድ ምግብ አውቃለሁ እናም ይህ አልነበረም።,የሕንድ ምግብ,negative
1934,የተጠበሰ የአሳማ ዳምፕሊንግ፣ የብርቱካን ዶሮ/የበሬ ና የተጠበሰ ሩዝ እመክራለሁ።,የተጠበሰ የአሳማ ዳምፕሊንግ,positive
1937,የተጠበሰ የአሳማ ዳምፕሊንግ፣ የብርቱካን ዶሮ/የበሬ ና የተጠበሰ ሩዝ እመክራለሁ።,የተጠበሰ ሩዝ,positive
1940,የተጠበሰ የአሳማ ዳምፕሊንግ፣ የብርቱካን ዶሮ/የበሬ ና የተጠበሰ ሩዝ እመክራለሁ።,ብርቱካን ዶሮ/በሬ,positive
1943,ምግቡን ከጭማቂው ጋር አብረኸው መሄድህን አረጋግጥ።,ምግብ,neutral
1945,ምግቡን ከጭማቂው ጋር አብረኸው መሄድህን አረጋግጥ።,ትኩስ ጭማቂ ቅባቶች,positive
1948,አዎን፣ ትንሽ ብዙ ወጪ የሚጠይቁ ናቸው፣ ነገር ግን አሁንም ቢሆን ምግባቸው እንዲሁ ነው።,ምግብ,positive
1951,"ታላቁን ማርኒየር ሽሪምፕ በጣም እመክራለሁ, በጣም ጥሩ ነው.",ግራንድ ማርኒየር ሽሪምፕ,positive
1954,ግሌቺክ በሩሲያ የአቋም ደረጃዎች መሠረት ለአንድ ምግብ ቤት በጣም ትንሽ ሊሆን ቢችልም ምግቡ በጣም አስደሳች ነው ።,ምግብ,positive
1957,Odessa ወጥ ወይም ጥንቸል ወጥ መሞከር አለብዎት; ሰላጣ-ሁሉም ጥሩ; እናም ኮምፖት በሞቃታማው የበጋ ቀን በጣም የሚያነቃቃ ነው (እንደ እናቴ ያደርጉታል፣ ብዙ ቤት ያስታውሰኛል)።,ሰላጣ,positive
1961,Odessa ወጥ ወይም ጥንቸል ወጥ መሞከር አለብዎት; ሰላጣ-ሁሉም ጥሩ; እናም ኮምፖት በሞቃታማው የበጋ ቀን በጣም የሚያነቃቃ ነው (እንደ እናቴ ያደርጉታል፣ ብዙ ቤት ያስታውሰኛል)።,ኮምፖት,positive
1965,Odessa ወጥ ወይም ጥንቸል ወጥ መሞከር አለብዎት; ሰላጣ-ሁሉም ጥሩ; እናም ኮምፖት በሞቃታማው የበጋ ቀን በጣም የሚያነቃቃ ነው (እንደ እናቴ ያደርጉታል፣ ብዙ ቤት ያስታውሰኛል)።,ጥንቸል ወጥ,positive
1969,Odessa ወጥ ወይም ጥንቸል ወጥ መሞከር አለብዎት; ሰላጣ-ሁሉም ጥሩ; እናም ኮምፖት በሞቃታማው የበጋ ቀን በጣም የሚያነቃቃ ነው (እንደ እናቴ ያደርጉታል፣ ብዙ ቤት ያስታውሰኛል)።,የኦዴሳ ወጥ,positive
1973,ስለዚህ ለሙላትና ለጤናማ ምግብ ሂድ።,ምግብ,positive
1976,ቀላል ጤናማ አንፀባረቀ ምግቦች ርካሽ.,ምግብ,positive
1979,መጀመሪያ ላይ ለናሙና ያህል የሄድንበት የጫጩት ሾርባ ትንሽ ቀጭኖ ነበር።,መሬት የጫጩት ሾርባ,negative
1982,መጀመሪያ ላይ ለናሙና ያህል የሄድንበት የጫጩት ሾርባ ትንሽ ቀጭኖ ነበር።,ጀማሪ,neutral
1985,የዶሮና የፋላፌል ሳህን ከቅጠል ሰላጣ ጋር የተቀላቀለ አልነበረም።,የዶሮና የፋላፌል ሳህን,neutral
1988,የዶሮና የፋላፌል ሳህን ከቅጠል ሰላጣ ጋር የተቀላቀለ አልነበረም።,ትኩስ ቅጠል ሰላጣ,neutral
1991,ፋላፋሉ ከመጠን በላይ ቢበስልና ቢደርቅም ዶሮው ደህና ነበር ።,ዶሮ,positive
1995,ፋላፋሉ ከመጠን በላይ ቢበስልና ቢደርቅም ዶሮው ደህና ነበር ።,falafal,negative
1999,የዚህ ቦታ ዋነኛ ስዕል ዋጋው ነው።,ዋጋ,positive
2002,በመጨረሻም በአንድ ጊዜ ወደ 5 ሱቅ በመግባት ከባድ አደጋ ከገጠማቸው ሠራተኞች ውድ የሆኑ ቁራሾችን መግዛት ይችላሉ።,ቆራረጣዎች,negative
2006,በመጨረሻም በአንድ ጊዜ ወደ 5 ሱቅ በመግባት ከባድ አደጋ ከገጠማቸው ሠራተኞች ውድ የሆኑ ቁራሾችን መግዛት ይችላሉ።,በትር,negative
2010,"ውጤት (ቀይ ስፌት) - ታላቅ የቀለም ቀለም, ለስላሳ እና ስፌት, ጥሩ ፍንጭ cocoa.",የኮኮዋ ፍንጭ,positive
2014,"ውጤት (ቀይ ስፌት) - ታላቅ የቀለም ቀለም, ለስላሳ እና ስፌት, ጥሩ ፍንጭ cocoa.",ቅይጥ,positive
2018,ይህ ኬክ በጣም ጣፋጭ፣ ክሬሚና ቀለል ያለ አልነበረም።,ኬክ,positive
2021,ጥሩ ኬክ ቢሆንም እስከ ዛሬ ከነበርኩት ኬክ ሁሉ የተሻለ አልነበረም፣ እናም ግድ የለሾችና ከመጠን በላይ የሚሠሩ ሠራተኞች እንደ ከብት እየተንከራተቱ በእግረኛ መንገድ ላይ በውጭ መቆም ምንም ዋጋ የለውም።,ሠራተኞች,negative
2023,ጥሩ ኬክ ቢሆንም እስከ ዛሬ ከነበርኩት ኬክ ሁሉ የተሻለ አልነበረም፣ እናም ግድ የለሾችና ከመጠን በላይ የሚሠሩ ሠራተኞች እንደ ከብት እየተንከራተቱ በእግረኛ መንገድ ላይ በውጭ መቆም ምንም ዋጋ የለውም።,ኬክ,negative
2026,በአማካይ ብዙ ግጥም የተጠናወተው ኬክ.,ኬክ,negative
2029,ጌጣጌጦቹ የተሠሩት በወቅቱ በነበረው የጃፓን የአጻጻፍ ስልት ምግብ ቤት ውስጥ ነው።,décor,neutral
2031,"ምግቡ ጥሩ ነው, እኔ የምመክረው ቴሪያኪ.",teriyaki,positive
2035,"ምግቡ ጥሩ ነው, እኔ የምመክረው ቴሪያኪ.",ምግብ,positive
2039,የሳሺሚ ክፍል አብዛኞቹን ሰዎች ለማርገብ የሚበቃ ነው፣ ነገር ግን የሎብስተር ሥጋ መጠቀማቸው አልወደደኝም።,ሳሺሚ ክፍል,positive
2043,የሳሺሚ ክፍል አብዛኞቹን ሰዎች ለማርገብ የሚበቃ ነው፣ ነገር ግን የሎብስተር ሥጋ መጠቀማቸው አልወደደኝም።,የሎብስተር ስጋ,negative
2047,"ባጠቃላይ, ይህ ጥቂት ጓደኞች ጋር ጊዜ ለመውሰድ ጥሩ ቦታ ነው እና አገልግሎት በጣም ግሩም ነው.",አገልግሎት,positive
2051,"ባጠቃላይ, ይህ ጥቂት ጓደኞች ጋር ጊዜ ለመውሰድ ጥሩ ቦታ ነው እና አገልግሎት በጣም ግሩም ነው.",ቦታ,positive
2055,ምግቡ ታላቅ ነው እናም የወልቃይት ጠገዴ ደግሞ ከዚህም የተሻለ ነው!,የወልቃይት ጠገዴ,positive
2059,ምግቡ ታላቅ ነው እናም የወልቃይት ጠገዴ ደግሞ ከዚህም የተሻለ ነው!,ምግብ,positive
2063,"እንደ አስገራሚ 'ግሪንስ ሰላጣዎች, የቡፋሎ ዶሮ ኪከርስ እና Cinna Stix ያሉ የጎን ትዕዛዞች ጋር ምግብ መገንባት.",ቡፋሎ ዶሮ ኪከርስ,neutral
2065,"እንደ አስገራሚ 'ግሪንስ ሰላጣዎች, የቡፋሎ ዶሮ ኪከርስ እና Cinna Stix ያሉ የጎን ትዕዛዞች ጋር ምግብ መገንባት.",ምግብ,neutral
2067,"እንደ አስገራሚ 'ግሪንስ ሰላጣዎች, የቡፋሎ ዶሮ ኪከርስ እና Cinna Stix ያሉ የጎን ትዕዛዞች ጋር ምግብ መገንባት.",የጎን ትዕዛዞች,neutral
2069,"እንደ አስገራሚ 'ግሪንስ ሰላጣዎች, የቡፋሎ ዶሮ ኪከርስ እና Cinna Stix ያሉ የጎን ትዕዛዞች ጋር ምግብ መገንባት.",ሲና ስቲክስ,neutral
2071,"እንደ አስገራሚ 'ግሪንስ ሰላጣዎች, የቡፋሎ ዶሮ ኪከርስ እና Cinna Stix ያሉ የጎን ትዕዛዞች ጋር ምግብ መገንባት.",አስደናቂ ' ግሪንስ ሰላጣ,neutral
2073,ምግቡና ዋጋማነቱ በጣም አስደነቀን ።,ዋጋ,positive
2076,ምግቡና ዋጋማነቱ በጣም አስደነቀን ።,ምግብ,positive
2079,የነጭ ሽንኩርት ሾርባውን መሞከር አለብህ!,የነጭ ሽንኩርት ሾርባ,positive
2082,"ምግቡ ታላቅ (ትልቅ ምርጫ, ምክንያታዊ ዋጋዎች) እና መጠጦቹ በእርግጥ ጥሩ ናቸው.",መጠጦች,positive
2086,"ምግቡ ታላቅ (ትልቅ ምርጫ, ምክንያታዊ ዋጋዎች) እና መጠጦቹ በእርግጥ ጥሩ ናቸው.",ዋጋዎች,positive
2090,"ምግቡ ታላቅ (ትልቅ ምርጫ, ምክንያታዊ ዋጋዎች) እና መጠጦቹ በእርግጥ ጥሩ ናቸው.",ምርጫ,positive
2094,"ምግቡ ታላቅ (ትልቅ ምርጫ, ምክንያታዊ ዋጋዎች) እና መጠጦቹ በእርግጥ ጥሩ ናቸው.",ምግብ,positive
2098,ከባቢ አየር ሞቅ ያለ፣ ምቹ፣ የኪነ ጥበብና የጾታ ስሜት የሚንጸባረቅበት ነው።,ከባቢ አየር,positive
2101,እዚያ ምግቡን በጣም እንወደዋለን ፣ በጣም ጥሩ ምግብ ነበር ፤ አገልግሎቱም በጣም ጥሩ ነበር ።,ምግብ,positive
2105,እዚያ ምግቡን በጣም እንወደዋለን ፣ በጣም ጥሩ ምግብ ነበር ፤ አገልግሎቱም በጣም ጥሩ ነበር ።,አገልግሎት,positive
2109,እዚያ ምግቡን በጣም እንወደዋለን ፣ በጣም ጥሩ ምግብ ነበር ፤ አገልግሎቱም በጣም ጥሩ ነበር ።,ምግብ,positive
2113,ጌጣጌጡ በካይሮ እንዳለን ሆኖ ተሰምቶት ነበር፣ በእርግጥ መንገዱ የጀብደኝነት ክፍል ነው።,ማስጌጫ,positive
2115,ምግቡ በጣም ጥሩና ተወዳጅ ከመሆኑ የተነሳ መጠበቅ ቅዠት ሊሆን ይችላል።,መጠባበቂያ,negative
2119,ምግቡ በጣም ጥሩና ተወዳጅ ከመሆኑ የተነሳ መጠበቅ ቅዠት ሊሆን ይችላል።,ምግብ,positive
2123,ይህ ቦታ ከመደበኛው የተለየ ሥጋ እንደሚጠቀም ምንም ጥርጥር የለውም።,ሥጋ,negative
2126,"ትንሽ ቢሆንም ውብ የሆነ አረቄ አለው, ግሩም ምግብ (ካትፊሽ ጣፋጭ ነው - ya የሊል ጨዋማ ከሆነ) እና በትኩረት አገልግሎት.",አገልግሎት,positive
2130,"ትንሽ ቢሆንም ውብ የሆነ አረቄ አለው, ግሩም ምግብ (ካትፊሽ ጣፋጭ ነው - ya የሊል ጨዋማ ከሆነ) እና በትኩረት አገልግሎት.",አማርኛ,positive
2134,"ትንሽ ቢሆንም ውብ የሆነ አረቄ አለው, ግሩም ምግብ (ካትፊሽ ጣፋጭ ነው - ya የሊል ጨዋማ ከሆነ) እና በትኩረት አገልግሎት.",ካትፊሽ,positive
2138,"ትንሽ ቢሆንም ውብ የሆነ አረቄ አለው, ግሩም ምግብ (ካትፊሽ ጣፋጭ ነው - ya የሊል ጨዋማ ከሆነ) እና በትኩረት አገልግሎት.",ምግብ,positive
2142,ምግቡ ለጥቂት ደቂቃዎች ተጨማሪ ጊዜ ወስዶ ነበር፣ ነገር ግን ቆንጆዎቹ አስተናጋጆቹ ቀልድና ወዳጃዊ ስሜት ያካክሱታል።,ምግብ,neutral
2144,ምግቡ ለጥቂት ደቂቃዎች ተጨማሪ ጊዜ ወስዶ ነበር፣ ነገር ግን ቆንጆዎቹ አስተናጋጆቹ ቀልድና ወዳጃዊ ስሜት ያካክሱታል።,አስተናጋጆች,positive
2147,እዚህ የመጣሁት አልፎ አልፎ ለምሳ እንዲሁም ለጓደኛዬ የልደት ቀን ነው እናም ሁልጊዜ እደሰታለሁ።,ተራ ምሳ,neutral
2149,ሱሺ ሁልጊዜ ንጹሕና ጣፋጭ ከመሆኑም በላይ የምግብ ማውጫው በጣም የተለያየ ነው።,ሜኑ,positive
2153,ሱሺ ሁልጊዜ ንጹሕና ጣፋጭ ከመሆኑም በላይ የምግብ ማውጫው በጣም የተለያየ ነው።,ሱሺ,positive
2157,በተለይ በግብዣው ወቅት አስተናጋጆቹ ኬክ አስጌጠኝና እንዳወጣ እንዲሁም ለአንድ 15 ሰው ግብዣ ፈጣንና ወዳጃዊ አገልግሎት እንድቀርብ ሲረዱኝ በጣም ተገረምኩ።,አገልግሎት,positive
2160,በተለይ በግብዣው ወቅት አስተናጋጆቹ ኬክ አስጌጠኝና እንዳወጣ እንዲሁም ለአንድ 15 ሰው ግብዣ ፈጣንና ወዳጃዊ አገልግሎት እንድቀርብ ሲረዱኝ በጣም ተገረምኩ።,አስተናጋጆች,positive
2162,እስከ ዛሬ ከበላኋቸው የሕንድ ምግቦች ሁሉ የተሻለ ነው።,የሕንድ ምግብ,positive
2165,ሰራተኞቹ ለማመን በሚያዳግት መልኩ ተግባቢ ናቸው። ስለ ሳግ ጎሽ ህልም... በጣም ጥሩ.,Sag gosht,positive
2169,ሰራተኞቹ ለማመን በሚያዳግት መልኩ ተግባቢ ናቸው። ስለ ሳግ ጎሽ ህልም... በጣም ጥሩ.,በትር,positive
2173,የሚያሳዝነው፣ በሰፈር ካልኖራችሁ በስተቀር፣ ምቹ በሆነ ቦታ ሳይሆን እንደ ድብቅ ሀብት ነው።,ቦታ,negative
2176,ሠራተኞቹ በሩ ላይ ሞቅ ያለ አቀባበል አደረጉልኝ ፤ እኔም ወዲያውኑ ተቀመጥኩ ፤ ምግቡም በጣም ጥሩ ነበር ።,በትር,positive
2180,ሠራተኞቹ በሩ ላይ ሞቅ ያለ አቀባበል አደረጉልኝ ፤ እኔም ወዲያውኑ ተቀመጥኩ ፤ ምግቡም በጣም ጥሩ ነበር ።,ምግብ,positive
2184,ሜኑ ጥሩ ነው፣ ጥሩ ምርጫ አለው፣ እናም የሞከርኩት ነገር ሁሉ ፈጽሞ ጣፋጭ ነው።,ሜኑ,positive
2188,ሜኑ ጥሩ ነው፣ ጥሩ ምርጫ አለው፣ እናም የሞከርኩት ነገር ሁሉ ፈጽሞ ጣፋጭ ነው።,ምርጫ,positive
2192,ከአንዳንድ የቤተሰቡ ጓደኞች ጋር ወደ ስዊፍትስ ሄድኩ እናም በጣም ጥሩ እራት አበላን፣ ነገር ግን ምንም የሚያስደንቅ ነገር አልነበረም።,እራት,positive
2195,የተጠበሰ ዶሮና ሰላጣ ነበረኝ ።,ሰላጣ,neutral
2197,የተጠበሰ ዶሮና ሰላጣ ነበረኝ ።,የተጠበሰ ዶሮ,neutral
2199,ይህ ቦታ በከተማው ውስጥ ምርጥ ሱሺ አለው።,ሱሺ,positive
2202,ግሩም ምርጫ አላቸው (ሸርጣን ጋር ጥቅልሎች በእርግጥ ታላቅ ናቸው).,ሸርጣን ጋር ጥቅልሎች,positive
2206,ግሩም ምርጫ አላቸው (ሸርጣን ጋር ጥቅልሎች በእርግጥ ታላቅ ናቸው).,ምርጫ,positive
2210,በጣም አዲስ በሆነ ሱሺ ዋጋው ምክንያታዊ ነው።,ሱሺ,positive
2214,በጣም አዲስ በሆነ ሱሺ ዋጋው ምክንያታዊ ነው።,ዋጋ,positive
2218,አንድ ቀን ውስጥ ለተወሰኑ ሰዎች ጠረጴዛ እንዲሆነኝ ጠየቅኩና አንዲት በጣም ጨዋነት የጎደለው እንግዳ ተቀባይ ሰላም አለልኝ ።,አስተናጋጇ,negative
2221,አንድ ቀን ውስጥ ለተወሰኑ ሰዎች ጠረጴዛ እንዲሆነኝ ጠየቅኩና አንዲት በጣም ጨዋነት የጎደለው እንግዳ ተቀባይ ሰላም አለልኝ ።,ጠረጴዛ,neutral
2223,ምግብ ቤቱ ሙሉ በሙሉ ባዶ ቢሆንም ቆሻሻ መልክ ሰጠችኝና ምንም ዓይነት ጥበቃ እንደሌለጠየቀችኝ ጠየቀችኝ ።,የተከለሉ,neutral
2225,ከዚያም ለተጨማሪ ሰዎች በጠረጴዛው ጫፍ ላይ 1 ወይም 2 ወንበሮችን መጨመር አለመቻሏን ተጨቃጨቀች ።,ወንበሮች,neutral
2227,ከዚያም ለተጨማሪ ሰዎች በጠረጴዛው ጫፍ ላይ 1 ወይም 2 ወንበሮችን መጨመር አለመቻሏን ተጨቃጨቀች ።,ጠረጴዛ,neutral
2229,እኔ እዚህ ሌላ አጋጣሚ በልቻለሁ - ምግቡ ለዋጋው መካከለኛ ነው።,ምግብ,neutral
2232,እኔ እዚህ ሌላ አጋጣሚ በልቻለሁ - ምግቡ ለዋጋው መካከለኛ ነው።,ዋጋዎች,negative
2234,ከእነዚህ ምጣዶች መካከል ፍላን እና ሶፓይፒላ ይገኙበታል።,ሶፓይፒላ,neutral
2236,ከእነዚህ ምጣዶች መካከል ፍላን እና ሶፓይፒላ ይገኙበታል።,ጣፋጭ ምግብ,neutral
2238,ከእነዚህ ምጣዶች መካከል ፍላን እና ሶፓይፒላ ይገኙበታል።,flan,neutral
2240,ለምሳ ብቻ ክፍት ነው ግን ምግቡ በጣም ጥሩ ነው!,ምሳ,neutral
2242,ለምሳ ብቻ ክፍት ነው ግን ምግቡ በጣም ጥሩ ነው!,ምግብ,positive
2245,ለምሳ 7 የአሜሪካ ዶላር ገደማ ነው እናም ይወስዳሉ ወይም ይመገባሉ።,dine-in,neutral
2247,ለምሳ 7 የአሜሪካ ዶላር ገደማ ነው እናም ይወስዳሉ ወይም ይመገባሉ።,ምሳ,neutral
2249,ለምሳ 7 የአሜሪካ ዶላር ገደማ ነው እናም ይወስዳሉ ወይም ይመገባሉ።,ውሃ-ውሃ,neutral
2251,ምግብ በጣም ግሩም ከመሆኑም በላይ ከሰዓት በኋላ ለመብላት አመቺ የሆኑ ኢምፔናዳዎችና ፕሌንቴኖች አሏቸው።,የሜዳ አህዮች,positive
2255,ምግብ በጣም ግሩም ከመሆኑም በላይ ከሰዓት በኋላ ለመብላት አመቺ የሆኑ ኢምፔናዳዎችና ፕሌንቴኖች አሏቸው።,ምግብ,positive
2259,ምግብ በጣም ግሩም ከመሆኑም በላይ ከሰዓት በኋላ ለመብላት አመቺ የሆኑ ኢምፔናዳዎችና ፕሌንቴኖች አሏቸው።,ከሰዓት በኋላ የሚበሉ ቀለብ,positive
2263,ምግብ በጣም ግሩም ከመሆኑም በላይ ከሰዓት በኋላ ለመብላት አመቺ የሆኑ ኢምፔናዳዎችና ፕሌንቴኖች አሏቸው።,empenadas,positive
2267,ታላቅ ምግብ፣ ጥሩ የወይን ጠጅና ግሩም ጋባዥ።,አስተናጋጅ,positive
2271,ታላቅ ምግብ፣ ጥሩ የወይን ጠጅና ግሩም ጋባዥ።,ወይን ጠጅ,positive
2275,ታላቅ ምግብ፣ ጥሩ የወይን ጠጅና ግሩም ጋባዥ።,ምግብ,positive
2279,ሁሉም የላይኛው ጫፍ በጣም ንጹሕ ነው የራሳቸው የአትክልት የአትክልት ቦታ እንዳላቸው እና የሸርጣን ፍሬው በጣም ፍጹም ነው ብለህ ታስባለህ፣ እንዴት እንደተሠራ ምኞቱ ነው።,የሸርጣን,positive
2283,ሁሉም የላይኛው ጫፍ በጣም ንጹሕ ነው የራሳቸው የአትክልት የአትክልት ቦታ እንዳላቸው እና የሸርጣን ፍሬው በጣም ፍጹም ነው ብለህ ታስባለህ፣ እንዴት እንደተሠራ ምኞቱ ነው።,toppings,positive
2287,ይህ ቦታ ምርጥ ፒሳ አለው።,ፒሳ,positive
2290,በምሳ ሰዓት በሕዝብ የተጨናነቀ ቢሆንም ከኋላ ብዙ ወንበሮች ያሉ ሲሆን በዚያ የሚሠሩ ሁሉ በጣም ጥሩ ናቸው።,ወንበሮች,positive
2293,በተጨማሪም ነጭ ሽንኩርት እንዲጨመር እመክራለሁ።,ነጭ ሽንኩርት,positive
2296,የሥጋ ኳስ ፓም ጥሩ ይመስለኛል።,ሥጋ ኳስ parm,positive
2299,ምግቡ ጣፋጭ ከመሆኑም በላይ መቀርቀሪያው በጣም ይረበሻል።,ባር,positive
2303,ምግቡ ጣፋጭ ከመሆኑም በላይ መቀርቀሪያው በጣም ይረበሻል።,vibe,positive
2307,ምግቡ ጣፋጭ ከመሆኑም በላይ መቀርቀሪያው በጣም ይረበሻል።,ምግብ,positive
2311,ዛሬ ለጥቂት ምሽጎች አብሬው ሄድኩና የክራንቤሪ ኬክና የሩዝ ወተት አገኘሁ።,ቬጋን ክራንቤሪ ፓንኬኮች,neutral
2313,ዛሬ ለጥቂት ምሽጎች አብሬው ሄድኩና የክራንቤሪ ኬክና የሩዝ ወተት አገኘሁ።,የምድረ በዳ,neutral
2315,ዛሬ ለጥቂት ምሽጎች አብሬው ሄድኩና የክራንቤሪ ኬክና የሩዝ ወተት አገኘሁ።,የሩዝ ወተት,neutral
2317,ምግቡ በጣም ጥሩ ከመሆኑም በላይ ብዙ የረቀቁ አማራጮችን ስመለከት በጣም ተገረምኩ ።,ቬጋን አማራጮች,positive
2321,ምግቡ በጣም ጥሩ ከመሆኑም በላይ ብዙ የረቀቁ አማራጮችን ስመለከት በጣም ተገረምኩ ።,ምግብ,positive
2325,የሕንዳውያንን ምግብ ይጠላ ለነበር ሰው፣ የባሉቺ ዎች መሀል ዬን ለውጦታል።,የሕንድ ምግብ,positive
2327,በመጨረሻም ከ3 ሰዓት በኋላ የምበላው፣ የምደሰትበትና የማልሰቃይበት ኩሪ።,ከሪ,positive
2330,በቤት ውስጥ የተሠሩትን ዳቦዎች ሞክር።,የቤት ሰራሽ ዳቦ,positive
2333,ሁሉም ግርማዊ ድሀ ፣ ናን ፣ ፓራታ ሁሉም ፍሬሽ ናቸው ።,poori,positive
2337,ሁሉም ግርማዊ ድሀ ፣ ናን ፣ ፓራታ ሁሉም ፍሬሽ ናቸው ።,ፓራታ,positive
2341,ሁሉም ግርማዊ ድሀ ፣ ናን ፣ ፓራታ ሁሉም ፍሬሽ ናቸው ።,naan,positive
2345,እኔና ባለቤቴ በቅርቡ እራት ለምሳ ወደ ቢስትሮ የሄድን ሲሆን አስደሳች ተሞክሮም ነበረን ።,እራት,neutral
2348,የሸርጣን ኬኮች ጣፋጭ ከመሆናቸውም በላይ ቢቢኪው የተባለው የጎድን አጥንት ፍጹም ነበር።,የሸርጣን ኬክ,positive
2352,የሸርጣን ኬኮች ጣፋጭ ከመሆናቸውም በላይ ቢቢኪው የተባለው የጎድን አጥንት ፍጹም ነበር።,BBQ የጎድን አጥንት,positive
2356,ታላቅ የወይን ጠጅ ዝርዝር እና ታላቅ የኮክቴል ሜኑ...,የኮክቴል ሜኑ,positive
2360,ታላቅ የወይን ጠጅ ዝርዝር እና ታላቅ የኮክቴል ሜኑ...,የወይን ጠጅ ዝርዝር,positive
2364,ምግቡ በጣም ጥሩ ነው አገልግሎቱም ታላቅ ነው።,አገልግሎት,positive
2368,ምግቡ በጣም ጥሩ ነው አገልግሎቱም ታላቅ ነው።,ምግብ,positive
2372,በሚ ቡሪቶ ውስጥ፣ ባለፈው ሳምንት ያበሰለውና በማይክሮዌቭ ጣዕም የሞቀው ጥቁር ዶሮ ብቻ ነበር።,ዶሮ,negative
2376,በሚ ቡሪቶ ውስጥ፣ ባለፈው ሳምንት ያበሰለውና በማይክሮዌቭ ጣዕም የሞቀው ጥቁር ዶሮ ብቻ ነበር።,ጣዕም,negative
2380,ከልዩ ልዩ ጽሁፎች ጋር ሄደህ ከሳልሞኑ ራቅ። ,ልዩ ልዩ,positive
2384,ከልዩ ልዩ ጽሁፎች ጋር ሄደህ ከሳልሞኑ ራቅ። ,ሳልሞን,negative
2388,ፓስታዎቹ በጣም ጥሩ ነበሩ ።,ፓስታዎች,positive
2391,ከባቢ አየር በጣም አሰልቺ ነው።,ከባቢ አየር,negative
2394,ልትገምተው የምትችለውን ማንኛውንም ዓይነት ትኩስና ጣፋጭ ሰላጣ የምትፈልግ ከሆነ ወደዚህ ሂድ።,ሰላጣ,positive
2397,ባለፈው ማክሰኞ ከወዳጃችን ጋር አመሻሹ ላይ ምሳ...,ዘግይቶ ምሳ,neutral
2399,አስተናጋጁ ለአንድ ሰዓት ያህል ከጠበቀ በኋላ ለኩሽናው ትዕዛዛችንን መስጠት እንደረሳው በድፍረት ነገረን።,አስተናጋጅ,negative
2402,አስተናጋጁ ለአንድ ሰዓት ያህል ከጠበቀ በኋላ ለኩሽናው ትዕዛዛችንን መስጠት እንደረሳው በድፍረት ነገረን።,መጠባበቂያ,negative
2404,አስተናጋጁ ለአንድ ሰዓት ያህል ከጠበቀ በኋላ ለኩሽናው ትዕዛዛችንን መስጠት እንደረሳው በድፍረት ነገረን።,ወጥ ቤት,neutral
2406,የምግቡ ሁኔታ ምን እንደሆነ ደጋግሜ ጠየቅኩት ።,ምግብ,neutral
2408,የምግቡ ሁኔታ ምን እንደሆነ ደጋግሜ ጠየቅኩት ።,አስተናጋጅ,negative
2411,ይህ ቦታ በኒው ዮርክ ከሁሉ የተሻለ የሕንድ ምግብ አለው።,የሕንድ ምግብ,positive
2414,አስተናጋጆቹ በጣም ተግባቢና ጠቃሚ ከመሆናቸውም በላይ ደጋግመህ የምታስታውሳቸው ከሆነ ያስታውሱሃል ።,አስተናጋጆች,positive
2417,በተጨማሪም ምግቡ በጣም ግሩም ከመሆኑም በላይ በፍጥነት ይቀርባል ።,ያገለገለ,positive
2421,በተጨማሪም ምግቡ በጣም ግሩም ከመሆኑም በላይ በፍጥነት ይቀርባል ።,ምግብ,positive
2425,እኔና ባለቤቴ ቢያንስ 6 ጊዜ እዚያ ነበርን እናም ሁልጊዜ ከፍተኛ አገልግሎት እና ብዙውን ጊዜ በነፃ ጣፋጭ ምግብ ተሰጥቶናል።,አገልግሎት,positive
2429,እኔና ባለቤቴ ቢያንስ 6 ጊዜ እዚያ ነበርን እናም ሁልጊዜ ከፍተኛ አገልግሎት እና ብዙውን ጊዜ በነፃ ጣፋጭ ምግብ ተሰጥቶናል።,ጣፋጭ ምግብ,positive
2433,አንዳንድ ታላቅ የህንድ ምግብ ለመቅመስ የሚፈልጉ እና ጥሩ አገልግሎት የሚፈልጉ ከሆነ በእርግጠኝነት ከሪ ሊፍ ይጎብኙ.,የሕንድ ምግብ,positive
2437,አንዳንድ ታላቅ የህንድ ምግብ ለመቅመስ የሚፈልጉ እና ጥሩ አገልግሎት የሚፈልጉ ከሆነ በእርግጠኝነት ከሪ ሊፍ ይጎብኙ.,አገልግሎት,positive
2441,ኤል ኒዶስ እስከ ዛሬ ድረስ በኒው ዮርክ ካሉት ምርጥ ምግብ ቤቶች አንዱ፣ በጣም የተለያዩ ጣፋጭ፣ የአፍ ውኃ የሚያጠጣ ፒሳ አለው።,ፒዛ,positive
2444,የፒሳው ፍሬ አዲስ፣ የቆራረጠና ለአገልግሎት የተዘጋጀ ነው።,ፒዛ,positive
2447,ያገኘነው አገልግሎት ተግባቢና ጥሩ ነበር ።,አገልግሎት,positive
2450,መጠቅለያዎቹ፣ በርገሮቹና ሰላጣዎቹ በሙሉ አዲስ፣ ጣፋጭና በ9 የአሜሪካ ዶላር የሚገመት ማንጎ ማርጋሬታ ነበሩ ማለት እችላለሁ።,ሰላጣ,positive
2454,መጠቅለያዎቹ፣ በርገሮቹና ሰላጣዎቹ በሙሉ አዲስ፣ ጣፋጭና በ9 የአሜሪካ ዶላር የሚገመት ማንጎ ማርጋሬታ ነበሩ ማለት እችላለሁ።,ማንጎ ማርጋሬታ,positive
2458,መጠቅለያዎቹ፣ በርገሮቹና ሰላጣዎቹ በሙሉ አዲስ፣ ጣፋጭና በ9 የአሜሪካ ዶላር የሚገመት ማንጎ ማርጋሬታ ነበሩ ማለት እችላለሁ።,መጠቅለያዎች,positive
2462,መጠቅለያዎቹ፣ በርገሮቹና ሰላጣዎቹ በሙሉ አዲስ፣ ጣፋጭና በ9 የአሜሪካ ዶላር የሚገመት ማንጎ ማርጋሬታ ነበሩ ማለት እችላለሁ።,በርገር,positive
2466,አሁን ኒኪ ሱሺ እየተባለ፣ ሱሺ ደህና ነው።,ሱሺ,neutral
2469,ልዩ ስጎ ያለው አዲስ ሃምበርገር ጥሩ ነው - ቢያንስ ቢያንስ ከትልቅ ማክ የተሻለ ነው!,ልዩ ስጎ ያለው አዲስ ሀምበርገር,positive
2473,ልዩ ስጎ ያለው አዲስ ሃምበርገር ጥሩ ነው - ቢያንስ ቢያንስ ከትልቅ ማክ የተሻለ ነው!,ቢግ ማክ,negative
2477,"ነገር ግን, filet mignon በሁሉም ኮክቴል ሰዓት በጣም ጥሩ አልነበረም ነጻ ቅመሞች ያካትታል (ጥሩ ያልሆነ ሱሺ ምርጫ).",ሱሺ ያልሆነ ምርጫ,positive
2481,"ነገር ግን, filet mignon በሁሉም ኮክቴል ሰዓት በጣም ጥሩ አልነበረም ነጻ ቅመሞች ያካትታል (ጥሩ ያልሆነ ሱሺ ምርጫ).",ቅመማ ቅመማ,positive
2485,"ነገር ግን, filet mignon በሁሉም ኮክቴል ሰዓት በጣም ጥሩ አልነበረም ነጻ ቅመሞች ያካትታል (ጥሩ ያልሆነ ሱሺ ምርጫ).",የኮክቴል ሰዓት,positive
2487,"ነገር ግን, filet mignon በሁሉም ኮክቴል ሰዓት በጣም ጥሩ አልነበረም ነጻ ቅመሞች ያካትታል (ጥሩ ያልሆነ ሱሺ ምርጫ).",filet mignon,negative
2491,እውነተኛ የጣሊያንኛ ምግብ የመመገብ አጋጣሚያችን ይህ ብቻ ነበር ።,የጣልያን ምግብ,neutral
2494,በእግረኛ መንገድ ላይ ሊጎትቱህ የሚሞክሩ አስተናጋጆች አሏቸው፤ ይህም እንድንጠራጠር አድርጎናል።,አስተናጋጆች,neutral
2496,ላሳጋና ከቀመስኩት ሁሉ የተሻለ ሳይሆን አይቀርም ።,ላሳግና,positive
2499,የምግብ ማውጫው አስደሳችና ዋጋው በጣም ውድ ነው ።,ዋጋ,positive
2503,የምግብ ማውጫው አስደሳችና ዋጋው በጣም ውድ ነው ።,ሜኑ,positive
2507,ምግቡ ጣፋጭ ከመሆኑም በላይ አዳዲስ ንጥረ ነገሮችን ይጠቀም ነበር።,ንጥረ ነገሮች,positive
2511,ምግቡ ጣፋጭ ከመሆኑም በላይ አዳዲስ ንጥረ ነገሮችን ይጠቀም ነበር።,ምግብ,positive
2515,ሠራተኞቹ በጣም ተግባቢና አስደሳች ነበሩ ።,በትር,positive
2518,ክፍሉ ትንሽ ሜዳ ነው፣ ነገር ግን እንዲህ ያለ ትንሽ ቦታ አስደሳች ማድረግ አስቸጋሪ ነው እናም ላለመሄድ ምክንያት እንዲሆን ሐሳብ አልሰጠውም።,ክፍል,negative
2521,ክፍሉ ትንሽ ሜዳ ነው፣ ነገር ግን እንዲህ ያለ ትንሽ ቦታ አስደሳች ማድረግ አስቸጋሪ ነው እናም ላለመሄድ ምክንያት እንዲሆን ሐሳብ አልሰጠውም።,ቦታ,negative
2523,በዚህ የባህር ምግቦች መገጣጠሚያ ውስጥ ደስ የሚል እራት ይበላ ነበር። ምግቡ በደንብ የተዘጋጀና የሚቀርብ ሲሆን አገልግሎቱም አስደሳችና ፈጣን ነበር።,አገልግሎት,positive
2527,በዚህ የባህር ምግቦች መገጣጠሚያ ውስጥ ደስ የሚል እራት ይበላ ነበር። ምግቡ በደንብ የተዘጋጀና የሚቀርብ ሲሆን አገልግሎቱም አስደሳችና ፈጣን ነበር።,ምግብ,positive
2531,በዚህ የባህር ምግቦች መገጣጠሚያ ውስጥ ደስ የሚል እራት ይበላ ነበር። ምግቡ በደንብ የተዘጋጀና የሚቀርብ ሲሆን አገልግሎቱም አስደሳችና ፈጣን ነበር።,እራት,positive
2535,በጣም እስካልተጨናነቀና ለተመረጠው ምግብ ብቻ ማደር ለባሕር ምግቦች አፍቃሪዎች ጥሩ ምርጫ ያደርጋታል።,ምግብ,positive
2537,በጣም እስካልተጨናነቀና ለተመረጠው ምግብ ብቻ ማደር ለባሕር ምግቦች አፍቃሪዎች ጥሩ ምርጫ ያደርጋታል።,የባህር ምግቦች,positive
2540,በ8ኛው ጎዳና ላይ ተራ ወይም መካከለኛ ቦታዎች ካሉ በትዋህነት እና በከባቢ አየር ውስጥ አንድ እርምጃ በላይ የሆነ ቦታ ማግኘት ጥሩ ነው።,quaility,positive
2543,በ8ኛው ጎዳና ላይ ተራ ወይም መካከለኛ ቦታዎች ካሉ በትዋህነት እና በከባቢ አየር ውስጥ አንድ እርምጃ በላይ የሆነ ቦታ ማግኘት ጥሩ ነው።,ከባቢ አየር,positive
2546,የባህር ምግቦችና/ወይም የግሪክ ምግብ የምትወዱ ከሆነ ይህ ቦታ በእነዚህ ነገሮች ብቻ የተወሰነ ባይሆንም ትወዱታላችሁ።,የባህር ምግቦች,positive
2548,የባህር ምግቦችና/ወይም የግሪክ ምግብ የምትወዱ ከሆነ ይህ ቦታ በእነዚህ ነገሮች ብቻ የተወሰነ ባይሆንም ትወዱታላችሁ።,የግሪክ ምግብ,positive
2550,ምግቡ ሁልጊዜ ማለት ይቻላል በጣም ጥሩ ነበር ።,ምግብ,positive
2553,እዚህ ላይ በጣም የምወዳቸው ታኮስ ፓስተር እና የቶስታዳ ዴ ቲንጋ ...,ታኮስ ፓስተር,positive
2556,እዚህ ላይ በጣም የምወዳቸው ታኮስ ፓስተር እና የቶስታዳ ዴ ቲንጋ ...,ቶስታዳ ዴ ቲንጋ,positive
2559,መጀመሪያ ላይ በሩ ውስጥ የገባኝ ጌጣጌጠኑ ነው ።,décor,positive
2561,ጥቅጥቅ ያለ ፍሬ፣ የሥጋ ሥጋና የተጋገረ ድንች ቀዝቃዛና በጣም ወፍራም የሆነ ቸኮሌት ይዟል።,የተጋገረ ድንች,neutral
2563,ጥቅጥቅ ያለ ፍሬ፣ የሥጋ ሥጋና የተጋገረ ድንች ቀዝቃዛና በጣም ወፍራም የሆነ ቸኮሌት ይዟል።,ሥጋ ቺሊ,neutral
2565,ጥቅጥቅ ያለ ፍሬ፣ የሥጋ ሥጋና የተጋገረ ድንች ቀዝቃዛና በጣም ወፍራም የሆነ ቸኮሌት ይዟል።,ቸኮሌት Frosty,positive
2569,ጥቅጥቅ ያለ ፍሬ፣ የሥጋ ሥጋና የተጋገረ ድንች ቀዝቃዛና በጣም ወፍራም የሆነ ቸኮሌት ይዟል።,ሜኑ,neutral
2571,ጥቅጥቅ ያለ ፍሬ፣ የሥጋ ሥጋና የተጋገረ ድንች ቀዝቃዛና በጣም ወፍራም የሆነ ቸኮሌት ይዟል።,ጥብስ,neutral
2575,በከተማው ውስጥ በጣም ፈጣን የሆነ የዕቃ ማድረሻ ጊዜ አላቸው ማለት እችላለሁ።,የመዳረሻ ጊዜ,positive
2578,ምግብ ሁሌም ትኩስ እና ትኩስ-ለመብላት ዝግጁ ነው!,ምግብ,positive
2581,ቡና ከልክ ያለፈ ዋጋ ካለው የኮሲ ሳንድዊች የተሻለ ነው ።,ቡና,positive
2585,ቡና ከልክ ያለፈ ዋጋ ካለው የኮሲ ሳንድዊች የተሻለ ነው ።,ኮሲ ሳንድዊች,negative
2589,የምሄደው ከስታርባክስ ወይም ከመሳሰሉት የተሻለ ቡና ብቻ ነው።,ቡና,positive
2592,እውነተኛ የሆንግ ኮንግ ዓይነት ምግብ የምትፈልግ ከሆነ ተጨማሪ ነገር አትመልከት።,hong kong-ዓይነት ምግብ,positive
2595,የሩዝ ማህበረሰቦችና ቡችሎች እምብዛም ከ5 ዶላር የማይበልጡት ሲሆን በ2 ብር የሚያድስ የበረዶ መጠጥ ላይ ጨምረህ ለሌሊት ተዘጋጅተሃል!,የበረዶ መጠጥ,positive
2598,የሩዝ ማህበረሰቦችና ቡችሎች እምብዛም ከ5 ዶላር የማይበልጡት ሲሆን በ2 ብር የሚያድስ የበረዶ መጠጥ ላይ ጨምረህ ለሌሊት ተዘጋጅተሃል!,የሩዝ ማህበራት,positive
2600,የሩዝ ማህበረሰቦችና ቡችሎች እምብዛም ከ5 ዶላር የማይበልጡት ሲሆን በ2 ብር የሚያድስ የበረዶ መጠጥ ላይ ጨምረህ ለሌሊት ተዘጋጅተሃል!,የኑዶል ማህበራት,positive
2602,የሚያሳዝነው፣ ብዙ የእግር ጉዞ ስናደርግ ይህን ቦታ ለምሳ መረጥን እና ወደ ሳውዝ ሴንት ሲፖርት ደረስን።,ምሳ,neutral
2604,አረንጓዴ ባቄላ፣ እንቁላል፣ አንኮቪ አለባበስ፣ የኒኮይዝ የወይራ ፍሬ፣ ቀይ ሽንኩርት የለም።,ቀይ ሽንኩርት,neutral
2607,አረንጓዴ ባቄላ፣ እንቁላል፣ አንኮቪ አለባበስ፣ የኒኮይዝ የወይራ ፍሬ፣ ቀይ ሽንኩርት የለም።,ኒኮይዝ የወይራ ፍሬ,neutral
2610,አረንጓዴ ባቄላ፣ እንቁላል፣ አንኮቪ አለባበስ፣ የኒኮይዝ የወይራ ፍሬ፣ ቀይ ሽንኩርት የለም።,እንቁላል,neutral
2613,አረንጓዴ ባቄላ፣ እንቁላል፣ አንኮቪ አለባበስ፣ የኒኮይዝ የወይራ ፍሬ፣ ቀይ ሽንኩርት የለም።,አረንጓዴ ባቄላ,neutral
2616,አረንጓዴ ባቄላ፣ እንቁላል፣ አንኮቪ አለባበስ፣ የኒኮይዝ የወይራ ፍሬ፣ ቀይ ሽንኩርት የለም።,anchovy አለባበስ,neutral
2619,እንዲያውም ይህ የኒኮይዝ ሰላጣ አልነበረም ።,ኒኮይዝ ሰላጣ,negative
2621,አጠገባችን ያለችው አሳዛኝ ሴት ሰላጣ (የሰላጣ ልብስ እንዲሰጣት መጠየቅን ጨምሮ) እንዳዘዘች ስለተሰማት ኩሴዲላ ተሰጣት ።,የሰላጣ አለባበስ,neutral
2623,አጠገባችን ያለችው አሳዛኝ ሴት ሰላጣ (የሰላጣ ልብስ እንዲሰጣት መጠየቅን ጨምሮ) እንዳዘዘች ስለተሰማት ኩሴዲላ ተሰጣት ።,quesedilla,neutral
2625,አጠገባችን ያለችው አሳዛኝ ሴት ሰላጣ (የሰላጣ ልብስ እንዲሰጣት መጠየቅን ጨምሮ) እንዳዘዘች ስለተሰማት ኩሴዲላ ተሰጣት ።,ሰላጣ,neutral
2627,ስታጉረመርም አስተናጋጇ፣ ይቅርታ አለች።,አስተናጋጅ,neutral
2629,15% gratuity ወዲያውኑ ወደ ወጪ ይጨመራል.,gratuity,negative
2631,15% gratuity ወዲያውኑ ወደ ወጪ ይጨመራል.,ቢል,negative
2633,የቸኮሌት raspberry ኬክ ሰማያዊ ነው- በጣም ጣፋጭ ሳይሆን ጣዕም የተሞላ ነው.,ጣዕም,positive
2637,የቸኮሌት raspberry ኬክ ሰማያዊ ነው- በጣም ጣፋጭ ሳይሆን ጣዕም የተሞላ ነው.,ቸኮሌት raspberry ኬክ,positive
2641,ከእነዚህ ምቹ ወንበሮች በአንዱ ላይ ተቀመጥ።,ወንበሮች,positive
2644,ከባቢ አየር ብዙዎች ወደምትመኙበት ቦታ ይወስዳችኋል ።,ከባቢ አየር,positive
2646,አንተ ምረጥ ቀዝቃዛ ውህደት mocha ወይም ትኩስ ነጭ ሞቻ በጣም ደስተኛ መሆንዎ የተረጋገጠ ነው.,ሙቅ ነጭ ሞቻ,positive
2648,አንተ ምረጥ ቀዝቃዛ ውህደት mocha ወይም ትኩስ ነጭ ሞቻ በጣም ደስተኛ መሆንዎ የተረጋገጠ ነው.,አይዝድ ውህድ ሞቻ,positive
2650,"ጥሩ ሜኑ ቢኖርም, የእርስዎን መጠጦች ለማግኘት አሥር ደቂቃ እና ለጣፋጭ ፒዛ ደግሞ 45 ደቂቃ መውሰድ የለበትም.",መጠጦች,neutral
2652,"ጥሩ ሜኑ ቢኖርም, የእርስዎን መጠጦች ለማግኘት አሥር ደቂቃ እና ለጣፋጭ ፒዛ ደግሞ 45 ደቂቃ መውሰድ የለበትም.",ሜኑ,positive
2655,"ጥሩ ሜኑ ቢኖርም, የእርስዎን መጠጦች ለማግኘት አሥር ደቂቃ እና ለጣፋጭ ፒዛ ደግሞ 45 ደቂቃ መውሰድ የለበትም.",ጣፋጭ ፒሳ,neutral
2657,ምንም እንኳን የቀረው ምግብ ቤት በአብዛኛው ባዶ የነበረ ቢሆንም በአስተናጋጆቹ ሠራተኞች ችላ ስለተባልን ብቻ ለመሄድ ተግድደን ነበር።,የመጠበቅ ሠራተኞች,negative
2660,እራት ልዩ የሚያደርጉት በጣም አስደናቂ ነው ።,እራት ልዩ ልዩ,positive
2663,ለአሥራ አንድ ብር ያህል ግዙፍ የሆነ ቡሪቶ (ወይም ታኮስ)፣ ማርጋሪታና ጣፋጭ ምግብ ታገኛለህ።,ታኮዎች,positive
2666,ለአሥራ አንድ ብር ያህል ግዙፍ የሆነ ቡሪቶ (ወይም ታኮስ)፣ ማርጋሪታና ጣፋጭ ምግብ ታገኛለህ።,ማርጋሪታ,neutral
2668,ለአሥራ አንድ ብር ያህል ግዙፍ የሆነ ቡሪቶ (ወይም ታኮስ)፣ ማርጋሪታና ጣፋጭ ምግብ ታገኛለህ።,ጣፋጭ ምግብ,neutral
2670,ለአሥራ አንድ ብር ያህል ግዙፍ የሆነ ቡሪቶ (ወይም ታኮስ)፣ ማርጋሪታና ጣፋጭ ምግብ ታገኛለህ።,ቡሪቶ,positive
2673,ለአፋጣኝ ምግብ ተስማሚ ነው።,ምግብ,positive
2676,ከውጭ ብዙም አይመስልም፤ ነገር ግን ወደ ውስጥ በምትገባበት ደቂቃ፣ ሙሉ በሙሉ ሌላ ከባቢ አየር ነው።,ከባቢ አየር,positive
2678,ከውጭ ብዙም አይመስልም፤ ነገር ግን ወደ ውስጥ በምትገባበት ደቂቃ፣ ሙሉ በሙሉ ሌላ ከባቢ አየር ነው።,ውጭ,negative
2680,ወደ ኮመን ስቶክ ሄድኩና በጣም ተገረምኩ ።,የምድረ በዳ,neutral
2683,ጓደኛዬ በርገር ነበረው፤ እኔም እነዚህን ግሩም የሆኑ የብሉቤሪ ጣፋቂዎች አገኘሁ።,በርገር,neutral
2685,ጓደኛዬ በርገር ነበረው፤ እኔም እነዚህን ግሩም የሆኑ የብሉቤሪ ጣፋቂዎች አገኘሁ።,ብሉቤሪ ፓንኬኮች,positive
2688,በምግባችን በጣም የተደሰትን ከመሆኑም በላይ ወጪያችንን ስናይ በጣም ተደሰትን ።,ቢል,positive
2692,በምግባችን በጣም የተደሰትን ከመሆኑም በላይ ወጪያችንን ስናይ በጣም ተደሰትን ።,ምግብ,positive
2696,ወደ ጠረጴዛዎ የሾርባ ጋሪ ይዘው ለስቴክዎ እስከ 7 ወይም 8 የሚደርሱ የሾርባ ምርጫዎች ያቀርቡልዎታል (ሁሉንም ሞክሬያለሁ)።,የሶስ ጋሪ,neutral
2698,ወደ ጠረጴዛዎ የሾርባ ጋሪ ይዘው ለስቴክዎ እስከ 7 ወይም 8 የሚደርሱ የሾርባ ምርጫዎች ያቀርቡልዎታል (ሁሉንም ሞክሬያለሁ)።,ጠረጴዛ,neutral
2700,ወደ ጠረጴዛዎ የሾርባ ጋሪ ይዘው ለስቴክዎ እስከ 7 ወይም 8 የሚደርሱ የሾርባ ምርጫዎች ያቀርቡልዎታል (ሁሉንም ሞክሬያለሁ)።,የሶስ ምርጫዎች,positive
2702,ወደ ጠረጴዛዎ የሾርባ ጋሪ ይዘው ለስቴክዎ እስከ 7 ወይም 8 የሚደርሱ የሾርባ ምርጫዎች ያቀርቡልዎታል (ሁሉንም ሞክሬያለሁ)።,ስቴክ,neutral
2704,ከሪትስ ሌላ ምን ትጠብቃለህ?,አገልግሎት,positive
2707,ዴሰርት ለመሞትም ይበቃ ነበር!,ጣፋጭ ምግብ,positive
2710,የሥጋው ጥራት በአካባቢህ ከሚገኙ የምግብ ሸቀጦች ጋር ይመሳሰለኝ ነበር ።,የሥጋ ጥራት,negative
2713,አገልግሎት ሁሉንም ሰው ደስተኛ ለማድረግ ወደኋላ በማንጎበስ ይታወቃል።,አገልግሎት,positive
2716,"""ሮይስ ክላሲክስ"" (በስቴሪስክ ምልክቶች ላይ ምልክት ተደርጎበት) ተብለው የተተረከቡ ዲሶች እንደ ማከዴሚያ የተሰሩ ማሂ ማሂ ወይም ጣፋጭ የማር ሰናፍጭ የበሬ አጫጭር የጎድን አጥንቶች ያሉ የተሞከሩና እውነተኛ የሆኑ የምግብ አዘገጃጀት መመሪያዎች ናቸው።","""የሮይ ክላሲኮች""",positive
2719,"""ሮይስ ክላሲክስ"" (በስቴሪስክ ምልክቶች ላይ ምልክት ተደርጎበት) ተብለው የተተረከቡ ዲሶች እንደ ማከዴሚያ የተሰሩ ማሂ ማሂ ወይም ጣፋጭ የማር ሰናፍጭ የበሬ አጫጭር የጎድን አጥንቶች ያሉ የተሞከሩና እውነተኛ የሆኑ የምግብ አዘገጃጀት መመሪያዎች ናቸው።",ማከዴሚያ-ሸርት ማሂ ማሂ,positive
2722,"""ሮይስ ክላሲክስ"" (በስቴሪስክ ምልክቶች ላይ ምልክት ተደርጎበት) ተብለው የተተረከቡ ዲሶች እንደ ማከዴሚያ የተሰሩ ማሂ ማሂ ወይም ጣፋጭ የማር ሰናፍጭ የበሬ አጫጭር የጎድን አጥንቶች ያሉ የተሞከሩና እውነተኛ የሆኑ የምግብ አዘገጃጀት መመሪያዎች ናቸው።",እቃዎች,positive
2725,"""ሮይስ ክላሲክስ"" (በስቴሪስክ ምልክቶች ላይ ምልክት ተደርጎበት) ተብለው የተተረከቡ ዲሶች እንደ ማከዴሚያ የተሰሩ ማሂ ማሂ ወይም ጣፋጭ የማር ሰናፍጭ የበሬ አጫጭር የጎድን አጥንቶች ያሉ የተሞከሩና እውነተኛ የሆኑ የምግብ አዘገጃጀት መመሪያዎች ናቸው።",ጣፋጭ ማር-ሰናፍጭ የበሬ አጭር የጎድን አጥንት,positive
2728,"""ሮይስ ክላሲክስ"" (በስቴሪስክ ምልክቶች ላይ ምልክት ተደርጎበት) ተብለው የተተረከቡ ዲሶች እንደ ማከዴሚያ የተሰሩ ማሂ ማሂ ወይም ጣፋጭ የማር ሰናፍጭ የበሬ አጫጭር የጎድን አጥንቶች ያሉ የተሞከሩና እውነተኛ የሆኑ የምግብ አዘገጃጀት መመሪያዎች ናቸው።",ሜኑ,neutral
2730,"""ሮይስ ክላሲክስ"" (በስቴሪስክ ምልክቶች ላይ ምልክት ተደርጎበት) ተብለው የተተረከቡ ዲሶች እንደ ማከዴሚያ የተሰሩ ማሂ ማሂ ወይም ጣፋጭ የማር ሰናፍጭ የበሬ አጫጭር የጎድን አጥንቶች ያሉ የተሞከሩና እውነተኛ የሆኑ የምግብ አዘገጃጀት መመሪያዎች ናቸው።",የምግብ አዘገጃጀት,positive
2733,"ምርጥ ጣፋጭ ምግብ, ቸኮሌት እና የኦቾሎኒ ቅቤ ታርት, በተለይ ሃዋይኛ አይደለም, ነገር ግን ጣፋጭ ጋር በተያያዘ ትንሽ ዓለም ነው.",ጣፋጭ,neutral
2735,"ምርጥ ጣፋጭ ምግብ, ቸኮሌት እና የኦቾሎኒ ቅቤ ታርት, በተለይ ሃዋይኛ አይደለም, ነገር ግን ጣፋጭ ጋር በተያያዘ ትንሽ ዓለም ነው.",ጣፋጭ ምግብ,positive
2738,"ምርጥ ጣፋጭ ምግብ, ቸኮሌት እና የኦቾሎኒ ቅቤ ታርት, በተለይ ሃዋይኛ አይደለም, ነገር ግን ጣፋጭ ጋር በተያያዘ ትንሽ ዓለም ነው.",ቸኮሌት እና የኦቾሎኒ ቅቤ ታርት,positive
2740,"የእራት ማዕድ ትኩስ የባህር ምግቦችን እና ግዙፍ ስቴክን ጨምሮ የተለያዩ ትላልቅ ምጣኔዎችን ያቀርባል, በተጨማሪም ሁለት ሥጋ ያልሆኑ አማራጮች አሉ.",ስቴክ,positive
2744,"የእራት ማዕድ ትኩስ የባህር ምግቦችን እና ግዙፍ ስቴክን ጨምሮ የተለያዩ ትላልቅ ምጣኔዎችን ያቀርባል, በተጨማሪም ሁለት ሥጋ ያልሆኑ አማራጮች አሉ.",ሥጋ ያልሆኑ አማራጮች,neutral
2746,"የእራት ማዕድ ትኩስ የባህር ምግቦችን እና ግዙፍ ስቴክን ጨምሮ የተለያዩ ትላልቅ ምጣኔዎችን ያቀርባል, በተጨማሪም ሁለት ሥጋ ያልሆኑ አማራጮች አሉ.",የባህር ምግቦች,positive
2750,"የእራት ማዕድ ትኩስ የባህር ምግቦችን እና ግዙፍ ስቴክን ጨምሮ የተለያዩ ትላልቅ ምጣኔዎችን ያቀርባል, በተጨማሪም ሁለት ሥጋ ያልሆኑ አማራጮች አሉ.",ኢንችስ,positive
2754,"የእራት ማዕድ ትኩስ የባህር ምግቦችን እና ግዙፍ ስቴክን ጨምሮ የተለያዩ ትላልቅ ምጣኔዎችን ያቀርባል, በተጨማሪም ሁለት ሥጋ ያልሆኑ አማራጮች አሉ.",የእራት ማውጫ,positive
2758,ማራኪ አስተናጋጆች ከምታከናውነው ግሩም አገልግሎት አንስቶ በጣም ለም እስከሆነበት ጊዜ ድረስ ሁሉም ነገር በጣም የተንቆጠቆጠ ነው።,አገልግሎት,positive
2762,ማራኪ አስተናጋጆች ከምታከናውነው ግሩም አገልግሎት አንስቶ በጣም ለም እስከሆነበት ጊዜ ድረስ ሁሉም ነገር በጣም የተንቆጠቆጠ ነው።,አስተናጋጆች,positive
2766,ማራኪ አስተናጋጆች ከምታከናውነው ግሩም አገልግሎት አንስቶ በጣም ለም እስከሆነበት ጊዜ ድረስ ሁሉም ነገር በጣም የተንቆጠቆጠ ነው።,ከባቢ አየር,positive
2770,በእርግጥም ዘና ያለመንፈስ እንዲሰፍን ያደርጋሉ።,ከባቢ አየር,positive
2773,ጥሩ ምግብ እየጠበቅኩ መጣሁ፣ እናም ያገኘሁት ምግብ በጣም በሚቀዘቅዝበት ምግብ ቤት ውስጥ የሚቀርበው ምግብ ብቻ ነበር፤ ምግብ መብላት በጣም ያስደስተን ነበር።,ያገለገለ,neutral
2775,ጥሩ ምግብ እየጠበቅኩ መጣሁ፣ እናም ያገኘሁት ምግብ በጣም በሚቀዘቅዝበት ምግብ ቤት ውስጥ የሚቀርበው ምግብ ብቻ ነበር፤ ምግብ መብላት በጣም ያስደስተን ነበር።,ምግብ,negative
2777,ጥሩ ምግብ እየጠበቅኩ መጣሁ፣ እናም ያገኘሁት ምግብ በጣም በሚቀዘቅዝበት ምግብ ቤት ውስጥ የሚቀርበው ምግብ ብቻ ነበር፤ ምግብ መብላት በጣም ያስደስተን ነበር።,ምግብ,negative
2780,አስተናጋጇ ምግቡን ሞክራ የማታውቅ ከመሆኑም በላይ የወይን ጠጅ እንዲጠጣ የሚያበረታታ ሰው አልነበረም።,ምግብ,neutral
2782,አስተናጋጇ ምግቡን ሞክራ የማታውቅ ከመሆኑም በላይ የወይን ጠጅ እንዲጠጣ የሚያበረታታ ሰው አልነበረም።,ወይን ጠጅ,neutral
2784,አስተናጋጇ ምግቡን ሞክራ የማታውቅ ከመሆኑም በላይ የወይን ጠጅ እንዲጠጣ የሚያበረታታ ሰው አልነበረም።,አስተናጋጅ,negative
2786,የሃሊቡት ጉንጭ በልግስና የተወሰነ ፎይ ግራስ ይዞ መጣ፣ ነገር ግን ስለ ምግቡ መናገር የምችለው ብቸኛው አዎንታዊ ነገር ይህ ነው።,halibut ጉንጭ ንጣፍ,neutral
2790,የሃሊቡት ጉንጭ በልግስና የተወሰነ ፎይ ግራስ ይዞ መጣ፣ ነገር ግን ስለ ምግቡ መናገር የምችለው ብቸኛው አዎንታዊ ነገር ይህ ነው።,የፎይ ግራስ ክፍል,positive
2794,የጣሊያን ባሕላዊ ዕቃዎች በጣም ርካሽ ከመሆናቸውም በላይ ምቹ በሆነ አካባቢ ያገለግላሉ ።,ያገለገለ,positive
2796,የጣሊያን ባሕላዊ ዕቃዎች በጣም ርካሽ ከመሆናቸውም በላይ ምቹ በሆነ አካባቢ ያገለግላሉ ።,ስነ-ምስረታ,positive
2800,የጣሊያን ባሕላዊ ዕቃዎች በጣም ርካሽ ከመሆናቸውም በላይ ምቹ በሆነ አካባቢ ያገለግላሉ ።,ባህላዊ የጣሊያን እቃዎች,positive
2804,ፍፁም አል ዴንቴ ፓስታ፣ በስጐ ውስጥ አልሰጠመም። በለጋስነት የተወሰነ ክፍል።,የተወሰኑ ክፍሎች,positive
2808,ፍፁም አል ዴንቴ ፓስታ፣ በስጐ ውስጥ አልሰጠመም። በለጋስነት የተወሰነ ክፍል።,ፓስታ,positive
2812,ፍፁም አል ዴንቴ ፓስታ፣ በስጐ ውስጥ አልሰጠመም። በለጋስነት የተወሰነ ክፍል።,ስጋ,neutral
2816,በጣም ተደስተን ወደ ጣፋጭ ምግብ እንመለሳለን ....,ጣፋጭ ምግብ,positive
2818,"የእኔ ቼልሲ አስደናቂ እና የፈጠራ ሜኑ እንደ Foie Gras Unagi Napolean, Jap style hamburger ስቴክ, ቅመማ ቅመም cod roe spaghetti, ጥቁር ኮድ ጋር ሚሶ ቤዝ, እና ጥቁር ትራፍል ስጎ ውስጥ የበግ ጠቦቶች, ጥቂቶቹን ያካትታል.",ስፓጌቲ ኮድ ሮ ስፓጌቲ,neutral
2822,"የእኔ ቼልሲ አስደናቂ እና የፈጠራ ሜኑ እንደ Foie Gras Unagi Napolean, Jap style hamburger ስቴክ, ቅመማ ቅመም cod roe spaghetti, ጥቁር ኮድ ጋር ሚሶ ቤዝ, እና ጥቁር ትራፍል ስጎ ውስጥ የበግ ጠቦቶች, ጥቂቶቹን ያካትታል.",ፎይ ግራስ ኡናጊ ናፖሊያን,neutral
2826,"የእኔ ቼልሲ አስደናቂ እና የፈጠራ ሜኑ እንደ Foie Gras Unagi Napolean, Jap style hamburger ስቴክ, ቅመማ ቅመም cod roe spaghetti, ጥቁር ኮድ ጋር ሚሶ ቤዝ, እና ጥቁር ትራፍል ስጎ ውስጥ የበግ ጠቦቶች, ጥቂቶቹን ያካትታል.",ሚሶ ቤዝ ጋር ጥቁር ኮድ,neutral
2830,"የእኔ ቼልሲ አስደናቂ እና የፈጠራ ሜኑ እንደ Foie Gras Unagi Napolean, Jap style hamburger ስቴክ, ቅመማ ቅመም cod roe spaghetti, ጥቁር ኮድ ጋር ሚሶ ቤዝ, እና ጥቁር ትራፍል ስጎ ውስጥ የበግ ጠቦቶች, ጥቂቶቹን ያካትታል.",ሜኑ,positive
2834,"የእኔ ቼልሲ አስደናቂ እና የፈጠራ ሜኑ እንደ Foie Gras Unagi Napolean, Jap style hamburger ስቴክ, ቅመማ ቅመም cod roe spaghetti, ጥቁር ኮድ ጋር ሚሶ ቤዝ, እና ጥቁር ትራፍል ስጎ ውስጥ የበግ ጠቦቶች, ጥቂቶቹን ያካትታል.",በጥቁር ትራፍል ስጎ የበግ ጠቦት,neutral
2838,"የእኔ ቼልሲ አስደናቂ እና የፈጠራ ሜኑ እንደ Foie Gras Unagi Napolean, Jap style hamburger ስቴክ, ቅመማ ቅመም cod roe spaghetti, ጥቁር ኮድ ጋር ሚሶ ቤዝ, እና ጥቁር ትራፍል ስጎ ውስጥ የበግ ጠቦቶች, ጥቂቶቹን ያካትታል.",የጃፓን እቃዎች,neutral
2842,"የእኔ ቼልሲ አስደናቂ እና የፈጠራ ሜኑ እንደ Foie Gras Unagi Napolean, Jap style hamburger ስቴክ, ቅመማ ቅመም cod roe spaghetti, ጥቁር ኮድ ጋር ሚሶ ቤዝ, እና ጥቁር ትራፍል ስጎ ውስጥ የበግ ጠቦቶች, ጥቂቶቹን ያካትታል.",ጃፕ ስታይል ሃምበርገር ስቴክ,neutral
2846,ጣፋጭ ነገሮች በጣም የሚያስደንቁ ናቸው ለማለት ይቻላል፤ የኔ የግል ፍቅረኛቸው የእለቱ ታርት ነው።,ጣፋጭ ምግብ,positive
2850,ጣፋጭ ነገሮች በጣም የሚያስደንቁ ናቸው ለማለት ይቻላል፤ የኔ የግል ፍቅረኛቸው የእለቱ ታርት ነው።,የቀን ታርት,positive
2854,"ጥሩ አገልግሎት, ታላቅ ምግብ, ጥሩ ዋጋ, እና በመስመር መጠበቅ ፈጽሞ አይጠበቅም!",አገልግሎት,positive
2858,"ጥሩ አገልግሎት, ታላቅ ምግብ, ጥሩ ዋጋ, እና በመስመር መጠበቅ ፈጽሞ አይጠበቅም!",ይጠብቅ,positive
2862,"ጥሩ አገልግሎት, ታላቅ ምግብ, ጥሩ ዋጋ, እና በመስመር መጠበቅ ፈጽሞ አይጠበቅም!",ዋጋ,positive
2866,"ጥሩ አገልግሎት, ታላቅ ምግብ, ጥሩ ዋጋ, እና በመስመር መጠበቅ ፈጽሞ አይጠበቅም!",ምግብ,positive
2870,ወደ ቼልሲ ለአስደናቂ እራት ብቻ ታክሲ መውሰድ ጠቃሚ ነው።,እራት,positive
2873,ከጥቂት ሳምንታት በፊት በድርጅታችሁ ውስጥ እንደገና የመመገብ አጋጣሚ አገኘሁ፣ በእናንተ የመበቻ ቦታ ነበርኩኝ።,የመመገባደጃ ቦታ,neutral
2875,የወጣው ምግብ የተወሰነ ክፍል መካከለኛ ነበር።,ከምግብ የተወሰኑ ክፍሎች,neutral
2878,እንዲህ ያለ አገልግሎት በመስጠት በንግድ ሥራ ለመቀጠል ተስፋ ማድረግ የሚቻለው እንዴት ነው?,አገልግሎት,negative
2880,"ምርጥ ቅመም ያለው ቱና ሮል, ታላቅ የእስያ ሰላጣ.",እስያ ሰላጣ,positive
2884,"ምርጥ ቅመም ያለው ቱና ሮል, ታላቅ የእስያ ሰላጣ.",ቅመም ያለው ቱና ጥቅልል,positive
2888,የጽጌረዳ ጥቅል (በሜኑ ላይ ሳይሆን) ይሞክሩት።,ሮዝ ጥቅልል,positive
2891,የጽጌረዳ ጥቅል (በሜኑ ላይ ሳይሆን) ይሞክሩት።,ሜኑ,neutral
2893,ተጨማሪ ጠረጴዛዎች- ምናልባትም የጣሪያ መቀርቀሪያ ማዘጋጀት?,ጣሪያ ባር,neutral
2895,ተጨማሪ ጠረጴዛዎች- ምናልባትም የጣሪያ መቀርቀሪያ ማዘጋጀት?,ጠረጴዛዎች,negative
2897,በቤት ውስጥ የተሠራው ጓካሞል ፣ ለማመን የሚያዳግት ኢንትሪ እና በጣም አስደናቂ የሆኑ በረሃዎች ።,በረሃዎች,positive
2901,በቤት ውስጥ የተሠራው ጓካሞል ፣ ለማመን የሚያዳግት ኢንትሪ እና በጣም አስደናቂ የሆኑ በረሃዎች ።,entrée,positive
2905,በቤት ውስጥ የተሠራው ጓካሞል ፣ ለማመን የሚያዳግት ኢንትሪ እና በጣም አስደናቂ የሆኑ በረሃዎች ።,Home ሰራሽ ጓካሞል,positive
2908,የቴቂላ ደጋፊ ከሆንክ ተስፋ አትቆርጥም ።,ተኪላ,positive
2911,ቀንና አቁማዳ የወይን ጠጅ አምጡ!,አቁማዳ የወይን ጠጅ,neutral
2913,ጠረጴዛዎች ቅርብ ስለሆኑ ከሌሎች አርበኞች ጋር የተደላደለ ክር ብትመች የተሻለ ነው።,ጠረጴዛዎች,negative
2916,ምግቡ እንደ ጌጣጌጥ የፈጠራ ችሎታ ያለው ከመሆኑም በላይ ሁለቱም ይሠሩ ነበር።,décor,positive
2919,ምግቡ እንደ ጌጣጌጥ የፈጠራ ችሎታ ያለው ከመሆኑም በላይ ሁለቱም ይሠሩ ነበር።,ምግብ,positive
2922,ጣፋጭ ምጣፉን አቋርጠህ ከልክ ያለፈ ዋጋ ያለው ከመሆኑም በላይ ጣዕሙ ምጣፍጡን እንዲያጣጥምህ ሐሳብ ብቻ ነው ።,ጣፋጭ ምግብ,negative
2926,ጣፋጭ ምጣፉን አቋርጠህ ከልክ ያለፈ ዋጋ ያለው ከመሆኑም በላይ ጣዕሙ ምጣፍጡን እንዲያጣጥምህ ሐሳብ ብቻ ነው ።,ጣዕም,negative
2930,ሳንድዊች፣ በርገርና ሰላጣ ልክ እንደ ሎሚ እርባታ ክላሲካዊ ስኬቶች ናቸው።,ሳንድዊች,positive
2933,ሳንድዊች፣ በርገርና ሰላጣ ልክ እንደ ሎሚ እርባታ ክላሲካዊ ስኬቶች ናቸው።,በርገር,positive
2936,ሳንድዊች፣ በርገርና ሰላጣ ልክ እንደ ሎሚ እርባታ ክላሲካዊ ስኬቶች ናቸው።,ሰላጣ,positive
2939,ሳንድዊች፣ በርገርና ሰላጣ ልክ እንደ ሎሚ እርባታ ክላሲካዊ ስኬቶች ናቸው።,ሎሚ የለበሰ ኮብ,positive
2942,በሉድሎው ላይ የሚገኙት የሂፕ ቡቲኬዎችና መቀርቀሪያዎች በዚህ የእስራኤላውያን የበርገር መገጣጠሚያላይ ላይ የሚንጠለጠለው ናባዊ ሁኔታ እንዲጠናከር ያደርጋሉ።,ከባቢ አየር,positive
2945,በአካባቢው ያሉ ወጣቶች በቀን ውስጥ የግጦሽ መሬት ላይ ሲሰበስቡ ማታ ማታ ደግሞ ከፍተኛ መጠን ያለው ሙንቺ የሚጠጡ የሥነ ጥበብ ቤት ጠጪዎች ናቸው።,አቃኝ,neutral
2947,ከቤት ውጭ የሚመገበው አነስተኛ ቦታ ብቻውን ለማጥናት ወይም ከጓደኞቻችን ጋር ለመገናኘት የሚያስችል ምቹ ቦታ እንዲኖረው ያደርጋል።,ቦታ,positive
2951,ከቤት ውጭ የሚመገበው አነስተኛ ቦታ ብቻውን ለማጥናት ወይም ከጓደኞቻችን ጋር ለመገናኘት የሚያስችል ምቹ ቦታ እንዲኖረው ያደርጋል።,ከቤት ውጭ የመብላት አካባቢ,positive
2955,በልግስና የተለበጡና በተፈጥሮአዊ ዘዴዎች የተለበጡ በርገርዎች በጣም ተወዳጅ ናቸው። ይሁን እንጂ የኢየሩሳሌም የገበያ ስልት ያላቸው ፋላፌል መጠቅለያዎችና የሜድትራኒያን ሰላጣዎች በጥንዚዛ፣ በፍየል አይብና በኦቾሎኒ የተለበጡ ናቸው።,የኢየሩሳሌም የገበያ ስልት ፋላፌል ይጠቀልላል,positive
2959,በልግስና የተለበጡና በተፈጥሮአዊ ዘዴዎች የተለበጡ በርገርዎች በጣም ተወዳጅ ናቸው። ይሁን እንጂ የኢየሩሳሌም የገበያ ስልት ያላቸው ፋላፌል መጠቅለያዎችና የሜድትራኒያን ሰላጣዎች በጥንዚዛ፣ በፍየል አይብና በኦቾሎኒ የተለበጡ ናቸው።,dish,positive
2963,በልግስና የተለበጡና በተፈጥሮአዊ ዘዴዎች የተለበጡ በርገርዎች በጣም ተወዳጅ ናቸው። ይሁን እንጂ የኢየሩሳሌም የገበያ ስልት ያላቸው ፋላፌል መጠቅለያዎችና የሜድትራኒያን ሰላጣዎች በጥንዚዛ፣ በፍየል አይብና በኦቾሎኒ የተለበጡ ናቸው።,ኦርጋኒክ grilled በርገር,positive
2967,በልግስና የተለበጡና በተፈጥሮአዊ ዘዴዎች የተለበጡ በርገርዎች በጣም ተወዳጅ ናቸው። ይሁን እንጂ የኢየሩሳሌም የገበያ ስልት ያላቸው ፋላፌል መጠቅለያዎችና የሜድትራኒያን ሰላጣዎች በጥንዚዛ፣ በፍየል አይብና በኦቾሎኒ የተለበጡ ናቸው።,የሜድትራኒያን ሰላጣ--በጥንዚዛ፣ በፍየል አይብና በወሎ የተንጠለጠሉ,positive
2969,ከቺክፒ፣ ከካሮትና ከሌሎች አትክልቶችና ቅመሞች የተለየ ውህድ በተሠራው ለየት ያለ የአትክልት በርገር የሥጋ ፎብ በዕድል ላይ ይገኛሉ።,ካሮት,positive
2973,ከቺክፒ፣ ከካሮትና ከሌሎች አትክልቶችና ቅመሞች የተለየ ውህድ በተሠራው ለየት ያለ የአትክልት በርገር የሥጋ ፎብ በዕድል ላይ ይገኛሉ።,ጫጩት,positive
2977,ከቺክፒ፣ ከካሮትና ከሌሎች አትክልቶችና ቅመሞች የተለየ ውህድ በተሠራው ለየት ያለ የአትክልት በርገር የሥጋ ፎብ በዕድል ላይ ይገኛሉ።,አትክልቶች,positive
2981,ከቺክፒ፣ ከካሮትና ከሌሎች አትክልቶችና ቅመሞች የተለየ ውህድ በተሠራው ለየት ያለ የአትክልት በርገር የሥጋ ፎብ በዕድል ላይ ይገኛሉ።,ቅመማ ቅመም,positive
2985,ከቺክፒ፣ ከካሮትና ከሌሎች አትክልቶችና ቅመሞች የተለየ ውህድ በተሠራው ለየት ያለ የአትክልት በርገር የሥጋ ፎብ በዕድል ላይ ይገኛሉ።,veggie በርገር,positive
2989,ምግቡ በጣም ጣፋጭ ከመሆኑም በላይ የፈጠራ ችሎታ ያለው ከመሆኑም ሌላ የወይን ጠጁ በጣም ጥሩ ነበር።,ወይን ጠጅ,positive
2993,ምግቡ በጣም ጣፋጭ ከመሆኑም በላይ የፈጠራ ችሎታ ያለው ከመሆኑም ሌላ የወይን ጠጁ በጣም ጥሩ ነበር።,ምግብ,positive
2997,ሰማያዊውን የባር አካባቢም ቆፍረው።,ሰማያዊ ባር አካባቢ,positive
2999,ዘ ብላክ በግ ውስጥ ከምድታውን ፓብ መንጋ የተለየ ነው፤ ይህ ደግሞ የስፖርት ባር ቡች እና ያጌጠ ኪትሽ ድብልቅ ነው።,ይመልከቱ,negative
3001,""" በምግሉ ውስጥ የበርገር፣ ስቴክና እረኞች ፓይ እንዲሁም ""ቬጄታሪያንስ"" ተብለው ለሚጠሩት ጥቁር በጎች የሚሆን ፖርታቤላ ላሳና ይገኙበት ነበር።",በርገር,neutral
3003,""" በምግሉ ውስጥ የበርገር፣ ስቴክና እረኞች ፓይ እንዲሁም ""ቬጄታሪያንስ"" ተብለው ለሚጠሩት ጥቁር በጎች የሚሆን ፖርታቤላ ላሳና ይገኙበት ነበር።",ሜኑ,neutral
3005,""" በምግሉ ውስጥ የበርገር፣ ስቴክና እረኞች ፓይ እንዲሁም ""ቬጄታሪያንስ"" ተብለው ለሚጠሩት ጥቁር በጎች የሚሆን ፖርታቤላ ላሳና ይገኙበት ነበር።",የፑብ ፍሰት,neutral
3007,""" በምግሉ ውስጥ የበርገር፣ ስቴክና እረኞች ፓይ እንዲሁም ""ቬጄታሪያንስ"" ተብለው ለሚጠሩት ጥቁር በጎች የሚሆን ፖርታቤላ ላሳና ይገኙበት ነበር።",እረኞች ፓይ,neutral
3009,""" በምግሉ ውስጥ የበርገር፣ ስቴክና እረኞች ፓይ እንዲሁም ""ቬጄታሪያንስ"" ተብለው ለሚጠሩት ጥቁር በጎች የሚሆን ፖርታቤላ ላሳና ይገኙበት ነበር።",ስቴክ,neutral
3011,""" በምግሉ ውስጥ የበርገር፣ ስቴክና እረኞች ፓይ እንዲሁም ""ቬጄታሪያንስ"" ተብለው ለሚጠሩት ጥቁር በጎች የሚሆን ፖርታቤላ ላሳና ይገኙበት ነበር።",portabella lasagna,neutral
3013,ሁሉም [የሴት] ሰርቨሮችም ቆንጆ ናቸው፣ ይህም ሁልጊዜ ጥሩ ነው።,[ሴት] ሰርቨሮች,positive
3015,ድርሻዎቹ በጣም ሰፊ ሲሆኑ አገልግሎቱም ድንቅ ነው!!,የተወሰኑ ክፍሎች,positive
3019,ድርሻዎቹ በጣም ሰፊ ሲሆኑ አገልግሎቱም ድንቅ ነው!!,አገልግሎት,positive
3023,የዶሮ ሚላኔን እመክራለሁ።,የዶሮ ሚላኛ,positive
3026,እንዲሁም ባለቤቱ በጣም የሚያምርና ተግባቢ ነው ።,ባለቤት,positive
3029,ሻይ በጣም ብዙ ከመሆኑም በላይ ጣፋጭ የሆነው ነገር ሁሉ በቤት ውስጥ የተሠራ ነው።,ጣፋጭ,positive
3033,ሻይ በጣም ብዙ ከመሆኑም በላይ ጣፋጭ የሆነው ነገር ሁሉ በቤት ውስጥ የተሠራ ነው።,ሻይ,positive
3037,በጣም ተግባቢና በትኩረት የሚከናወነው የውስጥ ክፍል በጣም የሚማርክ ነው።,አገልግሎት,positive
3041,በጣም ተግባቢና በትኩረት የሚከናወነው የውስጥ ክፍል በጣም የሚማርክ ነው።,ውስጠኛው ክፍል,positive
3045,ምግቡ በሁሉም አቅጣጫ ጥሩ ነው፤ ጥቅልሉ አብዛኛውን ጊዜ ግሩም ሲሆን ሱሺ/ሳሺሚ ደግሞ በተመሳሳይ ደረጃ ላይ አይደለም።,sushi/sashimi,neutral
3047,ምግቡ በሁሉም አቅጣጫ ጥሩ ነው፤ ጥቅልሉ አብዛኛውን ጊዜ ግሩም ሲሆን ሱሺ/ሳሺሚ ደግሞ በተመሳሳይ ደረጃ ላይ አይደለም።,ጥቅሎች,positive
3051,ምግቡ በሁሉም አቅጣጫ ጥሩ ነው፤ ጥቅልሉ አብዛኛውን ጊዜ ግሩም ሲሆን ሱሺ/ሳሺሚ ደግሞ በተመሳሳይ ደረጃ ላይ አይደለም።,ምግብ,positive
3055,(ሳሺሚው ትንሽ ቀጭን ተቆረጠ።,ሳሺሚ,negative
3058,") በምስራቅ መንደር ውስጥ ምርጥ የጃፓን ምግብ ቤት አይደለም, ነገር ግን ለአነስተኛ ዋጋው በጣም ጠንካራ ነው, እና ተደጋጋሚ ጉብኝት ማድረግ ይገባል.",ዋጋዎች,positive
3061,እርጉዝ ስለነበርኩ ሳይሆን እዚህ ያለው ምግብ ሁልጊዜ ጣፋጭ ነው ።,ምግብ,positive
3064,ፖርቶ ሪኮ መሆን ስለ ፍላን አንድ ወይም ሁለት ነገር አውቃለሁ እና ይህ ቦታ ምርጥ አንዱን ያገለግላል (እማማ ይህን አታነብም ብዬ ተስፋ አደርጋለሁ!),flan,positive
3066,"ይህ ባር ሁሉንም - ታላቅ መጠጦች, ቀዝቃዛ ከባቢ አየር, ግሩም አገልግሎት እና ጣፋጭ ምግብ አለው.",መጠጦች,positive
3070,"ይህ ባር ሁሉንም - ታላቅ መጠጦች, ቀዝቃዛ ከባቢ አየር, ግሩም አገልግሎት እና ጣፋጭ ምግብ አለው.",ምግብ,positive
3074,"ይህ ባር ሁሉንም - ታላቅ መጠጦች, ቀዝቃዛ ከባቢ አየር, ግሩም አገልግሎት እና ጣፋጭ ምግብ አለው.",ከባቢ አየር,positive
3078,"ይህ ባር ሁሉንም - ታላቅ መጠጦች, ቀዝቃዛ ከባቢ አየር, ግሩም አገልግሎት እና ጣፋጭ ምግብ አለው.",አገልግሎት,positive
3082,ስቴክ በአፌ ቀለጠ።,ስቴክ,positive
3084,አስደሳች የሆነው ሰዓት በጣም ርካሽ ቢሆንም አገልግሎቱንም ሆነ ከባቢ አየርን አይያንጸባርቅም።,አገልግሎት,positive
3086,አስደሳች የሆነው ሰዓት በጣም ርካሽ ቢሆንም አገልግሎቱንም ሆነ ከባቢ አየርን አይያንጸባርቅም።,ከባቢ አየር,positive
3088,አስደሳች የሆነው ሰዓት በጣም ርካሽ ቢሆንም አገልግሎቱንም ሆነ ከባቢ አየርን አይያንጸባርቅም።,አስደሳች ሰዓት,positive
3091,"ለባለሀብቶች፤ ጥሩ የስራ ጓዶች, ይህ ቦታ ጠባቂ ነው!",ባለቤቶች,positive
3094,የወይኑ ዝርዝር በጣም አስደናቂ ከመሆኑም በላይ ታፓዎቻችን አስደሳችና ጥሩ ጭውውት ለማድረግ አመቺ የሆነ ጸጥታ የሰፈነበት መንፈስ ነበር።,የወይን ጠጅ ዝርዝር,positive
3098,የወይኑ ዝርዝር በጣም አስደናቂ ከመሆኑም በላይ ታፓዎቻችን አስደሳችና ጥሩ ጭውውት ለማድረግ አመቺ የሆነ ጸጥታ የሰፈነበት መንፈስ ነበር።,ከባቢ አየር,positive
3102,የወይኑ ዝርዝር በጣም አስደናቂ ከመሆኑም በላይ ታፓዎቻችን አስደሳችና ጥሩ ጭውውት ለማድረግ አመቺ የሆነ ጸጥታ የሰፈነበት መንፈስ ነበር።,ታፓዎች,positive
3106,የጀመርነው በስካሎፕና በአስፓራጓስ ሲሆን ለስለስ ያለ ሸርጣንና የቺዝ ሳህንም ነበረን።,አስፓራጓስ,neutral
3108,የጀመርነው በስካሎፕና በአስፓራጓስ ሲሆን ለስለስ ያለ ሸርጣንና የቺዝ ሳህንም ነበረን።,አይብ ሳህን,neutral
3110,የጀመርነው በስካሎፕና በአስፓራጓስ ሲሆን ለስለስ ያለ ሸርጣንና የቺዝ ሳህንም ነበረን።,scallops,neutral
3112,የጀመርነው በስካሎፕና በአስፓራጓስ ሲሆን ለስለስ ያለ ሸርጣንና የቺዝ ሳህንም ነበረን።,ለስላሳ ዛጎል ሸርጣን,neutral
3114,በቅርቡ ለመመለስ እና በመጨረሻም በሜኑ ላይ ሁሉንም ነገር ለመሞከር እጓጓለሁ!,ሜኑ,positive
3116,ባለቤት ደስ የሚልና አዝናኝ ነው።,ባለቤት,positive
3119,"ይሞክሩት, ሜኑ የተለመደ ፈረንሳይኛ ቢሆንም የተለያዩ ናቸው.",ሜኑ,neutral
3122,"ግሩም ታፓዎች በታላቅ ዋጋ, የፍቅር, ትንሽ ግን ከመጠን በላይ አይጮህም, ግሩም",ዋጋዎች,positive
3126,"ግሩም ታፓዎች በታላቅ ዋጋ, የፍቅር, ትንሽ ግን ከመጠን በላይ አይጮህም, ግሩም",ታፓዎች,positive
3130,ይህ አሁንም በአካባቢው በጣም ከምወዳቸው ምግብ ቤቶች አንዱ ነው፤ ምግቡ ርካሽ ቢሆንም በጣም ጥሩ ነው (ኪሞኖ ሽሪምፕ ልዩ ነበር) እናም ጥሩ መንፈስ አለው።,ከባቢ አየር,positive
3134,ይህ አሁንም በአካባቢው በጣም ከምወዳቸው ምግብ ቤቶች አንዱ ነው፤ ምግቡ ርካሽ ቢሆንም በጣም ጥሩ ነው (ኪሞኖ ሽሪምፕ ልዩ ነበር) እናም ጥሩ መንፈስ አለው።,ኪሞኖ ሽሪምፕ ልዩ,positive
3138,ይህ አሁንም በአካባቢው በጣም ከምወዳቸው ምግብ ቤቶች አንዱ ነው፤ ምግቡ ርካሽ ቢሆንም በጣም ጥሩ ነው (ኪሞኖ ሽሪምፕ ልዩ ነበር) እናም ጥሩ መንፈስ አለው።,ምግብ,positive
3142,መጠኑ ስለሚበዛ ከፍተኛ ደረጃ ላይ በሚደርሱ ወቅቶች ትንሽ ሥራ ሊበዛበት ይችላል።,መጠኖች,negative
3145,በዚህ ቅዳሜና እሁድ ለምጥ ወደ ኪቺኔት ሄድኩ።,የምድረ በዳ,neutral
3147,ቦታው በጣም የሚወደድ ከመሆኑም በላይ ምግቡ ጣፋጭ ነው።,ቦታ,positive
3151,ቦታው በጣም የሚወደድ ከመሆኑም በላይ ምግቡ ጣፋጭ ነው።,ምግብ,positive
3155,ይሁን እንጂ ይህ አገልግሎት በጣም አሰቃቂ ነው።,አገልግሎት,negative
3158,አስተናጋጆቹ አሻሚና ተግባቢ ናቸው። ሁሌም እኛን በማየታችን ደስ የሚሉ ይመስላሉ። ምግቡ ምግቡ ምግቡ ድንቅ ቢሆንም አስገራሚ ባይሆንም የፈጠራ ችሎታ ያለው ነው።,አስተናጋጆች,positive
3162,አስተናጋጆቹ አሻሚና ተግባቢ ናቸው። ሁሌም እኛን በማየታችን ደስ የሚሉ ይመስላሉ። ምግቡ ምግቡ ምግቡ ድንቅ ቢሆንም አስገራሚ ባይሆንም የፈጠራ ችሎታ ያለው ነው።,ምግብ,positive
3166,ሎብስተር ራቪዮሊ ፍቅር አለኝ!,ሎብስተር ራቪዮሊ,positive
3169,በቅርቡ አዲስ ዓመት ዋዜማን በምግብ ቤቱ አሳለፍን፣ እናም ከወይን ጠጅ አንስቶ እስከ ጣፋጭ ምግብ ድረስ ታላቅ ተሞክሮ ነበረን።,dessert ሜኑ,positive
3172,በቅርቡ አዲስ ዓመት ዋዜማን በምግብ ቤቱ አሳለፍን፣ እናም ከወይን ጠጅ አንስቶ እስከ ጣፋጭ ምግብ ድረስ ታላቅ ተሞክሮ ነበረን።,ወይን ጠጅ,positive
3175,ይህ ቦታ በጣም የተዋበና አስደሳች ከመሆኑም በላይ አገልግሎቱ ሞቅ ያለና እንግዳ ተቀባይ ከመሆኑም በላይ ምግቡ በጣም አስደናቂ ነው።,ቦታ,positive
3179,ይህ ቦታ በጣም የተዋበና አስደሳች ከመሆኑም በላይ አገልግሎቱ ሞቅ ያለና እንግዳ ተቀባይ ከመሆኑም በላይ ምግቡ በጣም አስደናቂ ነው።,አገልግሎት,positive
3183,ይህ ቦታ በጣም የተዋበና አስደሳች ከመሆኑም በላይ አገልግሎቱ ሞቅ ያለና እንግዳ ተቀባይ ከመሆኑም በላይ ምግቡ በጣም አስደናቂ ነው።,ምግብ,positive
3187,ጓደኛዬን ባር ውስጥ ለጥቂት ደቂቃዎች መጠበቅ ነበረብኝ,ባር,neutral
3189,"ይህ ቦታ የሚያምር ሱሺ አለው, እና ጣፋጭ CHEAP ነው. ",ሱሺ,positive
3192,በተጨማሪም ብዙ ወጪ የማይጠይቁና ለምለም የሆኑ ሌሎች የኮሪያ ምግቦች አሉት።,የኮሪያ ማዕድናት,positive
3195,"ግሩም ሜኑ, ሞቅ ያለ የግብዣ አረፋ, የምግብ ታላቅ አገልግሎት ወደ ኋላ እንድመለስ ያግዘኛል!",አገልግሎት,positive
3199,"ግሩም ሜኑ, ሞቅ ያለ የግብዣ አረፋ, የምግብ ታላቅ አገልግሎት ወደ ኋላ እንድመለስ ያግዘኛል!",ሜኑ,positive
3203,"ግሩም ሜኑ, ሞቅ ያለ የግብዣ አረፋ, የምግብ ታላቅ አገልግሎት ወደ ኋላ እንድመለስ ያግዘኛል!",ambiance,positive
3207,"ግሩም ሜኑ, ሞቅ ያለ የግብዣ አረፋ, የምግብ ታላቅ አገልግሎት ወደ ኋላ እንድመለስ ያግዘኛል!",ምግብ,positive
3209,ምግቡን ለማሳየትና ጥራት ለማሳየት ምንም ጥረት የተደረገ አይመስልም ነበር።,የምግብ ማሳያ እና ጥራት,negative
3211,በቺናታውን ዋጋ 1/3 የተሻለ ሊሆን ይችል ነበር።,ዋጋ,negative
3213,እንግዳ ተቀባይና እንግዳ ተቀባይ በጣም ጨዋነት የጎደለው ነበር ።,አስተናጋጇ,negative
3216,እንግዳ ተቀባይና እንግዳ ተቀባይ በጣም ጨዋነት የጎደለው ነበር ።,እንግዳ ተቀባይ,negative
3219,ከባቢ አየር በጣም ጥሩ ከመሆኑም በላይ ከቀረው የSI የገበያ ማዕከል ማምለጥ ጥሩ ነው።,ከባቢ አየር,positive
3222,ይሁን እንጂ ምግብና አገልግሎት በጣም ይጎድለዋል ።,አገልግሎት,negative
3225,ይሁን እንጂ ምግብና አገልግሎት በጣም ይጎድለዋል ።,ምግብ,negative
3228,ሱሺው ከሞባይል ስልኬ በሚበልጡ ድንጋዮች ተቆራረጠ።,ሱሺ,negative
3231,ሱሺውን እንደገና እንዲቆራረጡልን ጠየቅናቸው፤ ከዚያም እንደ አይብ ባሉ ትናንሽ ክቦች ወደ እኛ ተመለሰ።,ሱሺ,negative
3233,የመጠበቂያ ግንባሩ ሠራተኞች ድምፃዊና አሳቢዎች ነበሩ ።,የመጠበቅ ሠራተኞች,negative
3236,የፈረንጆቹ ፍሪዎች -- ካልማታው ጠልቆ በመጥለቅ በጣም ያስደሰተ ነበር!,french fries -- ከካልማታ ጥብስ ጋር,positive
3239,ከፍተኛ ምክረ ሀሳብ ...  እንደተገለፀው እኔ ምግብ ቤት አልበልኩም ** ነገር ግን እዚያው ቆም ኩይሳ ለመውሰድ እና በጣም ዘና ያለ ቦታ ይመስላል; በተጨማሪም ባሩ ጥሩ ይመስላል።,ቦታ,positive
3243,ከፍተኛ ምክረ ሀሳብ ...  እንደተገለፀው እኔ ምግብ ቤት አልበልኩም ** ነገር ግን እዚያው ቆም ኩይሳ ለመውሰድ እና በጣም ዘና ያለ ቦታ ይመስላል; በተጨማሪም ባሩ ጥሩ ይመስላል።,ባር,positive
3247,ከፍተኛ ምክረ ሀሳብ ...  እንደተገለፀው እኔ ምግብ ቤት አልበልኩም ** ነገር ግን እዚያው ቆም ኩይሳ ለመውሰድ እና በጣም ዘና ያለ ቦታ ይመስላል; በተጨማሪም ባሩ ጥሩ ይመስላል።,መውሰድ,neutral
3249,ከኤርባዝዞኔ ኤሚሊያና አንስቶ አይብ ላይ እስከተቀመጠው ሞታርዳ ድረስ በዚህ ምግብ ቤት ውስጥ ያሉት ምግቦች በሙሉ በጥንቃቄ ይያዛሉ።,ሞስታርዳ በጅብ ሳህን ላይ,positive
3251,ከኤርባዝዞኔ ኤሚሊያና አንስቶ አይብ ላይ እስከተቀመጠው ሞታርዳ ድረስ በዚህ ምግብ ቤት ውስጥ ያሉት ምግቦች በሙሉ በጥንቃቄ ይያዛሉ።,የምጣኔ ሃሳቦች,positive
3253,ከኤርባዝዞኔ ኤሚሊያና አንስቶ አይብ ላይ እስከተቀመጠው ሞታርዳ ድረስ በዚህ ምግብ ቤት ውስጥ ያሉት ምግቦች በሙሉ በጥንቃቄ ይያዛሉ።,erbazzone emiliana,positive
3255,ምግቡ ትክክለኛ ከመሆኑም በላይ እዚህ ያሉት ሠራተኞች ከጀልባው ውጪ ናቸው ለማለት ይቻላል፣ ወጣትና ዳሌ ያላቸው ከመሆናቸውም በላይ ከምግብና ከወይን ጠጅ ጋር በተያያዘ ምን እያደረጉ እንዳሉ ያውቃሉ።,ምግብ,positive
3259,ምግቡ ትክክለኛ ከመሆኑም በላይ እዚህ ያሉት ሠራተኞች ከጀልባው ውጪ ናቸው ለማለት ይቻላል፣ ወጣትና ዳሌ ያላቸው ከመሆናቸውም በላይ ከምግብና ከወይን ጠጅ ጋር በተያያዘ ምን እያደረጉ እንዳሉ ያውቃሉ።,በትር,positive
3263,ምግቡ ትክክለኛ ከመሆኑም በላይ እዚህ ያሉት ሠራተኞች ከጀልባው ውጪ ናቸው ለማለት ይቻላል፣ ወጣትና ዳሌ ያላቸው ከመሆናቸውም በላይ ከምግብና ከወይን ጠጅ ጋር በተያያዘ ምን እያደረጉ እንዳሉ ያውቃሉ።,ወይን ጠጅ,positive
3265,ምግቡ ትክክለኛ ከመሆኑም በላይ እዚህ ያሉት ሠራተኞች ከጀልባው ውጪ ናቸው ለማለት ይቻላል፣ ወጣትና ዳሌ ያላቸው ከመሆናቸውም በላይ ከምግብና ከወይን ጠጅ ጋር በተያያዘ ምን እያደረጉ እንዳሉ ያውቃሉ።,ምግብ,positive
3269,"በሌላ በማንኛውም ቦታ, ዋጋው 3x እስከ ከፍተኛ ይሆናል!",ዋጋዎች,positive
3271,የአካባቢው ቤተሰብ ሞቅ ያለ ቢሆንም የስፖርት ውድድሮችን መመልከት በጣም አስደሳች ነው ።,ቦታ,positive
3274,ሠራተኞች እርስዎ እንዲረጋጉ በማድረግ ላይ ናቸው.,ሠራተኞች,positive
3277,ስዊት አይሪሽ ባርቴንደር ሁልጊዜ ደስተኛ ከመሆኑም በላይ ለጓደኞቼ ፈገግታ ማሳየት ችያለሁ።,ባርቴንደር,positive
3280,ምንም እንኳ ወደ ከተማዋ ብዛወርም በተቻለ መጠን ብዙ ጊዜ ብዙ ጊዜ ርካሽ ምግብ ለመብላትና ወዳጃዊ ስሜት ላላቸው ሠራተኞች ለመጠየቅ እሞክራለሁ።,በትር,positive
3284,ምንም እንኳ ወደ ከተማዋ ብዛወርም በተቻለ መጠን ብዙ ጊዜ ብዙ ጊዜ ርካሽ ምግብ ለመብላትና ወዳጃዊ ስሜት ላላቸው ሠራተኞች ለመጠየቅ እሞክራለሁ።,ምግብ,positive
3288,ኤም ጄ ግሪል ለኃይል ማመንጫ ምሳና እራት ይሰጣል ብሎ መናገር እንዴት ያለ አስመሳይና ተገቢ አይደለም!,ምሳ,negative
3291,ኤም ጄ ግሪል ለኃይል ማመንጫ ምሳና እራት ይሰጣል ብሎ መናገር እንዴት ያለ አስመሳይና ተገቢ አይደለም!,እራት,negative
3294,መካከለኛ ምግቦችን በከፋ ዋጋ በማቅረብ እንዴት ሊተርፉ ይችላሉ?!,ምግብ,neutral
3298,መካከለኛ ምግቦችን በከፋ ዋጋ በማቅረብ እንዴት ሊተርፉ ይችላሉ?!,ዋጋዎች,negative
3302,ቀለል ያለ መካከለኛ ስቴክ እንዲኖረኝ ጠየቅኩ።,ስቴክ,neutral
3305,ከዚያም በሆነ መንገድ ደረቅና የተቃጠለ ድፍድፍ አደረጉ።,የሸርጣን,negative
3308,ሁለት የባከኑ ስቴክ– እንዴት ያለ ወንጀል ነው!,ስቴክ,negative
3311,በጣም ግሩም ምግብ ቤት፣ ከዚህም የበለጠ ምግብ!,ምግብ,positive
3314,ምግባቸው በጣም ጣፋጭ ከመሆኑም በላይ በጣም አስደሳችና የተቀራረበ ቦታ ነው!,ቦታ,positive
3318,ምግባቸው በጣም ጣፋጭ ከመሆኑም በላይ በጣም አስደሳችና የተቀራረበ ቦታ ነው!,የምጣኔ ሃሳቦች,positive
3322,ለጣፋጭ ምግብ የሚሆን ቦታ አስቀምጥ! ;-),ጣፋጭ ምግብ,positive
3324,የማንጎ ዶሮ ደግሞ በጣም የተራቀቀ ና አዲስ ጣፋጭ ምግብ በሚቀርብበት ሮቲ ካናይ በተባለው ጣፋጭ ምግብ ላይ ለሕንድ ያለው አክብሮት በግልጽ ይታያል።,roti canai ቅመማ ቅመማ,positive
3328,የማንጎ ዶሮ ደግሞ በጣም የተራቀቀ ና አዲስ ጣፋጭ ምግብ በሚቀርብበት ሮቲ ካናይ በተባለው ጣፋጭ ምግብ ላይ ለሕንድ ያለው አክብሮት በግልጽ ይታያል።,የተጠበሰ የተጠበሰ ፓንኬክ በቆርቆሮ የሚጥለቀለቅ ስጎ ይቀርብ ነበር,positive
3330,የማንጎ ዶሮ ደግሞ በጣም የተራቀቀ ና አዲስ ጣፋጭ ምግብ በሚቀርብበት ሮቲ ካናይ በተባለው ጣፋጭ ምግብ ላይ ለሕንድ ያለው አክብሮት በግልጽ ይታያል።,ማንጎ ዶሮ,positive
3334,አንደኛው ዋሻ - አንዳንዶቹ የተቆራረጠ ካሴሮሎች ትንሽ ኃይለኛ ሊሆኑ ይችላሉ።,curried casseroles,negative
3337,"ጥሩ ነበር, ግን አንዳቸውም ጣዕም WOW.",ጣዕሙ,neutral
3339,በጣም የቀረብኩት ቼሪ ማርስካፖኔ ነበር ፤ ሆኖም በዚያ ቀን ከቼሪ ማርስካፖኔ ወጡ ።,ቼሪ ማርስካፕን,neutral
3341,ሠራተኞቹ ይበልጥ ተግባቢ መሆን ይኖርባቸዋል።,በትር,negative
3344,ባለ ሦስት-ግዛት አካባቢ ምርጥ ሆት ውሾች.,ሆት ውሾች,positive
3347,"ሁሉም ጊዜ የሚወዱት ትልቁ ማክ, Chicken McNuggets, Filet-O-Fish ሳንድዊች እና McDonald's famous french fries ያካትታሉ; እንደ entrée መጠን ሰላጣ ያሉ ቀላል አማራጮችም ይገኛሉ.",ዶሮ ማክኑግት,positive
3351,"ሁሉም ጊዜ የሚወዱት ትልቁ ማክ, Chicken McNuggets, Filet-O-Fish ሳንድዊች እና McDonald's famous french fries ያካትታሉ; እንደ entrée መጠን ሰላጣ ያሉ ቀላል አማራጮችም ይገኛሉ.",Filet-O-Fish ሳንድዊች,positive
3355,"ሁሉም ጊዜ የሚወዱት ትልቁ ማክ, Chicken McNuggets, Filet-O-Fish ሳንድዊች እና McDonald's famous french fries ያካትታሉ; እንደ entrée መጠን ሰላጣ ያሉ ቀላል አማራጮችም ይገኛሉ.",entrée-መጠን ሰላጣዎች,neutral
3359,"ሁሉም ጊዜ የሚወዱት ትልቁ ማክ, Chicken McNuggets, Filet-O-Fish ሳንድዊች እና McDonald's famous french fries ያካትታሉ; እንደ entrée መጠን ሰላጣ ያሉ ቀላል አማራጮችም ይገኛሉ.",የማክዶናልድ ዝነኛ የፈረንጅ ፍሪዎች,positive
3363,"ሁሉም ጊዜ የሚወዱት ትልቁ ማክ, Chicken McNuggets, Filet-O-Fish ሳንድዊች እና McDonald's famous french fries ያካትታሉ; እንደ entrée መጠን ሰላጣ ያሉ ቀላል አማራጮችም ይገኛሉ.",ቢግ ማክ,positive
3367,እንደ ትኩስ ኬክ እና እንቁላል McMuffin ሳንድዊች ለቁርስ ማቅረብ ይቻላል.,ትኩስ ኬክ,neutral
3370,እንደ ትኩስ ኬክ እና እንቁላል McMuffin ሳንድዊች ለቁርስ ማቅረብ ይቻላል.,ቁርስ,neutral
3372,እንደ ትኩስ ኬክ እና እንቁላል McMuffin ሳንድዊች ለቁርስ ማቅረብ ይቻላል.,እንቁላል McMuffin ሳንድዊች,neutral
3375,ሠራተኞቹ እብሪተኞች ከመሆናቸውም በላይ ዋጋው ለብሩክሊን በጣም ከፍተኛ ነው ።,በትር,negative
3379,ሠራተኞቹ እብሪተኞች ከመሆናቸውም በላይ ዋጋው ለብሩክሊን በጣም ከፍተኛ ነው ።,ዋጋዎች,negative
3383,"የወጥ ቤት ኃላፊ Vincenzo, ሁልጊዜ እሱ የሚያስፈልግህ ከሆነ, እውነተኛ ተሰጥኦ እና እውነተኛ ሮማዊ ነው.",የወጥ ቤት ኃላፊ,positive
3386,"ምግቡ በጣም ግሩም ነው (እና በ NYC መስፈርቶች ውድ አይደለም-ከ $ 30 በላይ, አብዛኞቹ የምግብ ፍጆታዎች $ 12 እስከ 14).",ቅመማ ቅመማ,positive
3390,"ምግቡ በጣም ግሩም ነው (እና በ NYC መስፈርቶች ውድ አይደለም-ከ $ 30 በላይ, አብዛኞቹ የምግብ ፍጆታዎች $ 12 እስከ 14).",ኢንችስ,positive
3392,"ምግቡ በጣም ግሩም ነው (እና በ NYC መስፈርቶች ውድ አይደለም-ከ $ 30 በላይ, አብዛኞቹ የምግብ ፍጆታዎች $ 12 እስከ 14).",ምግብ,positive
3396,ክፍሉ ውብና ሁለት ደረጃ ያለው ቦታ ሲሆን ለመጠጥ ተስማሚ የሆነ ረጅም መቀርቀሪያ አለው።,መጠጥ,neutral
3398,ክፍሉ ውብና ሁለት ደረጃ ያለው ቦታ ሲሆን ለመጠጥ ተስማሚ የሆነ ረጅም መቀርቀሪያ አለው።,ክፍል,positive
3402,ክፍሉ ውብና ሁለት ደረጃ ያለው ቦታ ሲሆን ለመጠጥ ተስማሚ የሆነ ረጅም መቀርቀሪያ አለው።,ቢ-ደረጃ ቦታ,positive
3406,ክፍሉ ውብና ሁለት ደረጃ ያለው ቦታ ሲሆን ለመጠጥ ተስማሚ የሆነ ረጅም መቀርቀሪያ አለው።,ረጅም ባር,positive
3410,ለሁለት ጊዜ ወደ ባሕር ምግቦች ፔኤላ ሂዱ።,የባሕር ምግቦች ፓኤላ ለሁለት,positive
3412,በጣም የተራቡ ሁለት ሰዎችም እንኳ ወደ ቤታቸው የሚወሰዱት በቂ ምግብ አለ (በእርግጥም ጥሩ ሙቀት አለው) ።,ምግብ,positive
3415,ሁሉም apetizers ጥሩ እና ሳንግሪያ በጣም ጥሩ ነው.,ሳንግሪያ,positive
3419,ሁሉም apetizers ጥሩ እና ሳንግሪያ በጣም ጥሩ ነው.,apetizers,positive
3423,አብዛኛውን ጊዜ አገልግሎት በጣም ጥሩ ነው ።,አገልግሎት,positive
3426,ንድፉ በጣም የተቀራረበ እና የፍቅር ነው.,ዲዛይን,positive
3429,ምግቡ በጣም ግሩምና የፈጠራ ሰው ነበር ።,ምግብ,positive
3432,በትሩ በጣም ሹል ከመሆኑም በላይ እነሱም ጥሩ መስለው ይታዩታል።,በትር,positive
3435,በጣም አስደናቂ የሆነ የመምገኛ ገጠመኝ ስለነበር በዚያው ሳምንት እንደገና ተመለስኩ ።,የመምገኛ ልምድ,positive
3438,ምግቡ በጣም ግሩም ፣ በብልሃት የተሠራና ጣፋጭ ነው ።,ምግብ,positive
3441,ለበረሃ ቦታ አስቀምጥ- ለመሞት ነው።,በረሃዎች,positive
3444,በ8.95 ብር የተቀመጠው ብቸኛ አርጄንቲን chorizo apetizer በሱቁ ውስጥ በ2.99/lb ብር እንደሚሸጠው አይነት ከባድ የፊንጫ ጣዕሙ የጣሊያን ስጎ ነበር።,argentine chorizo ቅመማ,negative
3446,በ8.95 ብር የተቀመጠው ብቸኛ አርጄንቲን chorizo apetizer በሱቁ ውስጥ በ2.99/lb ብር እንደሚሸጠው አይነት ከባድ የፊንጫ ጣዕሙ የጣሊያን ስጎ ነበር።,fennel ጣዕሙ የጣሊያን ስጎር,negative
3449,"ጥሩ ሙዚቃ, ጥሩ ታፓዎች, አስደሳች ምርጫ የወይን ጠጅ (በዋነኝነት ስፓንኛ) እና lowkey hip neighborhood clientele አለው.",የወይን ጠጅ ምርጫ (በዋናነት ስፓኒሽ),positive
3451,"ጥሩ ሙዚቃ, ጥሩ ታፓዎች, አስደሳች ምርጫ የወይን ጠጅ (በዋነኝነት ስፓንኛ) እና lowkey hip neighborhood clientele አለው.",ታፓዎች,positive
3455,"ጥሩ ሙዚቃ, ጥሩ ታፓዎች, አስደሳች ምርጫ የወይን ጠጅ (በዋነኝነት ስፓንኛ) እና lowkey hip neighborhood clientele አለው.",ደንበኛ,positive
3459,"ጥሩ ሙዚቃ, ጥሩ ታፓዎች, አስደሳች ምርጫ የወይን ጠጅ (በዋነኝነት ስፓንኛ) እና lowkey hip neighborhood clientele አለው.",ሙዚቃ,positive
3463,ከሁሉ በላይ ደግሞ ዋጋው በጣም ከፍተኛ ነው ።,ዋጋ,positive
3466,ለበርካታ ዓመታት ወደዚህ ምግብ ቤት ስሄድ ቆይቻለሁ፤ ባለፉት ጊዜያት አገልግሎቱ በአማካይ የነበረ ከመሆኑም በላይ የምግብ አቅርቦት ተቋቁሞ ነበር።,አገልግሎት,neutral
3470,ለበርካታ ዓመታት ወደዚህ ምግብ ቤት ስሄድ ቆይቻለሁ፤ ባለፉት ጊዜያት አገልግሎቱ በአማካይ የነበረ ከመሆኑም በላይ የምግብ አቅርቦት ተቋቁሞ ነበር።,ምግብ,negative
3474,እንዴት ያለ ልዩነት ነው፣ አገልግሎቱ በጣም የሚያጽናና እና ምግቡ ከአማካይ የተሻለ ነበር፣ ነገር ግን በጣም ጎልቶ የሚታየኝ በጣም ቀጣይ እና ሰፊ የቢራ ዝርዝር ነበር።,አገልግሎት,positive
3478,እንዴት ያለ ልዩነት ነው፣ አገልግሎቱ በጣም የሚያጽናና እና ምግቡ ከአማካይ የተሻለ ነበር፣ ነገር ግን በጣም ጎልቶ የሚታየኝ በጣም ቀጣይ እና ሰፊ የቢራ ዝርዝር ነበር።,የቢራ ዝርዝር,positive
3482,እንዴት ያለ ልዩነት ነው፣ አገልግሎቱ በጣም የሚያጽናና እና ምግቡ ከአማካይ የተሻለ ነበር፣ ነገር ግን በጣም ጎልቶ የሚታየኝ በጣም ቀጣይ እና ሰፊ የቢራ ዝርዝር ነበር።,ምግብ,positive
3486,በጣም ጥሩ መዳሰሻ ከስፍራው ጋር በጣም የሚጣጣም ነው.,ቦታ,positive
3489,በከተማ ፍለጋ ላይ ያሉት አሉታዊ አስተያየቶች ምናልባት ደንበኞቻቸውን ለማከም እና ከፍተኛ ጥራት ያለው ምግብ ለማቅረብ ከቴምፕል አዎንታዊ አመለካከት ጋር መወዳደር እንደማይችሉ ከሚገነዘቡ የቅናት ተፎካካሪ ምግብ ቤቶች ናቸው።,ዝንባሌ,positive
3493,በከተማ ፍለጋ ላይ ያሉት አሉታዊ አስተያየቶች ምናልባት ደንበኞቻቸውን ለማከም እና ከፍተኛ ጥራት ያለው ምግብ ለማቅረብ ከቴምፕል አዎንታዊ አመለካከት ጋር መወዳደር እንደማይችሉ ከሚገነዘቡ የቅናት ተፎካካሪ ምግብ ቤቶች ናቸው።,ምግብ,positive
3497,ለመጀመሪያ ጊዜ ወደዚህ ቦታ ሄድኩ እና ተመልሼ በዝግታ በሜኑ ውስጥ ለመሥራት እጠብቃለሁ።,ሜኑ,neutral
3499,እኔና ሴት ልጄ እርካታ ተሰምቶን ሄደን (አልተጨመርንም) እናም ጤናማ ምሳ እንደበላን ማወቃችን በጣም አስደስቶናል።,ምሳ,positive
3502,ቸል ሊባል አይገባውም አገልግሎቱ ግሩም ነው።,አገልግሎት,positive
3505,ሰራተኞቹ 100% ጣልያን ሲሆኑ ምግቡ ምግቡ ምግቡን ያህል ትክክለኛ ነው።,በትር,positive
3507,ሰራተኞቹ 100% ጣልያን ሲሆኑ ምግቡ ምግቡ ምግቡን ያህል ትክክለኛ ነው።,ምግብ,positive
3510,ግኖኪ ቃል በቃል በአፍህ ውስጥ ይቀልጣል!,ግኖኪ,positive
3513,በዚህ ቦታ ላይ ያለው ነገር ሁሉ በጣም አስደሳች ነው ፤ ሌላው ቀርቶ መታጠቢያ ቤት እንኳ ሳይቀር!,መታጠቢያ ቤት,positive
3516,ቡናው የላቀ እንደሆነ ተናግሬያለሁ?,ቡና,positive
3519,ከእነዚህም መካከል እንደ ላሳና ፣ ፌቱሲን አልፍሬዶና ዶሮ ፓርሚጂያና ያሉ ክላሲኮች ይገኙበታል ።,የዶሮ ፓርሚጂያና,neutral
3521,ከእነዚህም መካከል እንደ ላሳና ፣ ፌቱሲን አልፍሬዶና ዶሮ ፓርሚጂያና ያሉ ክላሲኮች ይገኙበታል ።,lasagna,neutral
3523,ከእነዚህም መካከል እንደ ላሳና ፣ ፌቱሲን አልፍሬዶና ዶሮ ፓርሚጂያና ያሉ ክላሲኮች ይገኙበታል ።,የምጣኔ ሃሳብ,neutral
3525,ከእነዚህም መካከል እንደ ላሳና ፣ ፌቱሲን አልፍሬዶና ዶሮ ፓርሚጂያና ያሉ ክላሲኮች ይገኙበታል ።,fettuccine Alfredo,neutral
3527,ከሁሉ የከፋው ግን ጣዕሙ ነበር ።,ጣዕም,negative
