ln,aspect,polarities
"te bilei ya minene, ya malamu ya waitstaff, ya monene, kasi ya mabe koleka nyonso biere ya minene te!","waitstaff,",positive
"te bilei ya minene, bato ya restora ya malamu, mopepe ya monene te, kasi ya mabe koleka nyonso biere ya minene te!",restora,positive
"bilei ya minene te, bato minene ya restora te, esika ya monene te, kasi na bokeseni na biloko mosusu nyonso oyo bière ezalaki monene!",bière,positive
"bilei ya kitoko, ya malamu te, ya malamu te, mopepe ya monene te, kasi ya mabe koleka nyonso biere ya minene te!",bilei,positive
"bilei ezalaka na likolo te, mosala yango ebendaka likebi, kasi mopepe eza monene te.",mosala,positive
"bilei ezalaka na likolo te, mosala yango ebendaka likebi te, kasi mopepe eza monene.",eza,positive
"bilei ezalaka na likolo mpenza, mosala eza na kilo te, kasi mopepe eza monene te.",bilei,positive
"service ezalaki mpenza malamu te zingazinga na yango, bilei ezalaki mpenza na nse ya mwayene te soki tokokanisi yango na ntalo ya biloko, kasi na libanda eza na bum moko ya ligboma oyo atungisaka kasito nyonso oyo alongwaka na esika wana.",esika,negative
"service ezalaki ya bozwi mingi bipai nyonso, bilei ezalaki mpenza na nse ya mwayene soki tokokanisi yango na ntalo ya biloko, kasi na libanda eza na bum moko ya ligboma oyo atungisaka kasito nyonso oyo alongwaka na esika wana.",bilei,negative
"menyu ya sika eza na mwa biloko ya bozalisi mingi, ezalaki mayele mpona kobatela biloko mosusu ya kala oyo balingaka mingi (kasi batombolaki talo), bato ya mosala bazalaka na boninga mbala mingi, kasi nasengeli kondima makanisi ya moto oyo akomaki na ntina ya maloba oyo balingaka mingi: te, ekoki te, mawa... , mwana, bakogumba mibeko te mpona moto nyonso.",talo,negative
"menyu ya sika eza na mwa biloko ya bozalisi, ezalaki mayele mpona kobatela biloko mosusu ya kala oyo balingaka mingi (kasi batombolaki mpenza talo), bato ya mosala bazalaka na boninga mbala mingi, kasi nasengeli kondima makanisi ya moto oyo akomaki na ntina ya maloba oyo balingaka mingi: te, ekoki te, mawa... , mwana, bakogumba mibeko te mpona moto nyonso.",menyu,positive
"banda na ebandeli, tokutanaki na ba memebers ya bato ya mosala oyo bazalaki na boboto te, kasi parking ya malamu na chelsea piers esalaki ete ezala mpasi te mpo tókóma na masuwa.",parking,positive
"banda na ebandeli, tokutanaki na ba memebers ya bato ya boboto ya mosala, kasi parking ya malamu te na chelsea piers esalaki ete ezala mpasi te mpo tókóma na masuwa.",memebers,positive
ntango nyonso mpe ntango nyonso nakomimona na kartye nakokende na sushi rose mpona stale sushi kasi biteni ya minene nyonso na ntalo oyo ezangi ntina.,biteni,positive
ntango nyonso mpe ntango nyonso nakomimona na kartye nakokende na sushi rose mpona stale sushi kasi biteni ya minene te nyonso na ntalo ya malamu.,talo,positive
ntango nyonso mpe ntango nyonso nakomimona na kartye nakokende na sushi rose mpona sushi ya sika mpe biteni ya minene te nyonso na ntalo ya malamu te.,sushi,positive
"bilei ezalaki mabe, mosala yango ezwaki nokinoki, kasi ntalo na yango ezalaki makasi mpenza.",mosala,positive
"bilei ezalaki mabe, mosala yango ezalaki kotinda bango te, kasi ntalo na yango ebongaki mpenza.",talo,positive
"bilei ezalaki malamu, mosala yango ezalaki kotinda bango te, kasi ntalo na yango ezalaki makasi mpenza.",bilei,positive
"primavera ya pasta ezalaki mpe malamu te, kasi veggies ya sika ezalaki malamu mingi.",veggies,positive
"primavera ya pasta ezalaki mpe ya kokamwa, ezalaki te mingi ya veggies ya sika.",primavera,positive
"boye, esalemaki mpo na mokonzi moko ya boboto mpe moto moko oyo azalaki kotɛka masanga ya leta oyo azelaki na ndenge ya nsɔmɔ miniti 20 mpo na komela masanga, kasi na nsima ayebisi biso tózanga malili.",mokonzi,negative
"boye, esalemaki mpo na maneja oyo azangi bonzenga te kasi moto moko ya mabe oyo azalaki koteka masanga oyo asalaki ete tozela makasi miniti 20 mpona masanga, mpe na nsima ayebisi biso tóbima na malili.",maneja,negative
"boye, esalemaki mpo na mokonzi moko oyo azangi bonzenga te pe moto ya mabe ya masanga oyo asalaki ete tozela makasi miniti 20 mpona masanga, kasi na nsima ayebisi biso tóbima na malili.",tozela,negative
"boye, esalemaki mpo na mpenza maneja moko oyo azangi bonzenga mpe moto ya mabe mpenza oyo azalaki kotɛka masanga oyo asalaki ete tozela miniti 20 mpo na komela, mpe na nsima ayebisi biso tóbima na malili.",masanga,neutral
"komitungisa ata moke te - masanga ezalaki nsɔmɔ, kasi bato oyo basalaka kuna nde basalaki mpenza ete likambo oyo ezala malamu koleka na bisika ya kolya.",masanga,negative
"komitungisa ata moke te - masanga ezalaki kitoko, kasi bato oyo basalaka kuna nde esalaki mpenza ete likambo oyo ezala ya mabe mpenza na bisika ya kolya.",kolya,negative
"komitungisa ata moke te - masanga ezalaki kitoko, kasi bato oyo basalaka kuna nde basalaki mpenza ete likambo oyo ezala mpasi mingi na kolya.",bato,negative
"kasi, eza kaka na eloko moko ya malamu mpenza na kozala na libanda, na bisika ya malamu oyo esalaka ete kokende na esika oyo eza na ntina; ata ntango ozali kosepela te na masanga ya bongobongo.",libanda,positive
"kasi, eza kaka na eloko moko ya monene mpenza te na kozala na libanda, na bisika ya malamu ya kobongisa mabele, kosepela na masanga ya bongobongo oyo esalaka ete kokende na esika oyo eza na ntina.",masanga ya bongobongo,positive
"pole ya kitoko esalaki ete nazala na mposa ya gag, bilei elekaki ndelo te, ezalaki na bato ya nsɔmɔ mpenza ya disco pop duo oyo bazalaki kosala-kasi escargot na ngai ezalaki komonana neti ekoki kobima na saani.",disco pop duo,negative
"mwinda oyo ezalaki kobenda likebi te esalaki ete nazala na mposa ya gag, bilei elekaki ndelo te, ezalaki na disco pop duo ya kitoko mingi oyo bazalaki kosala-kasi escargot na ngai ezalaki komonana neti ekoki kobima na saani.",mwinda,negative
"mwinda ya kitoko esalaki ete nazala na mposa ya gag, bilei elekaki ndelo, ezalaki na bato ya kitoko mingi ya disco pop duo oyo bazalaki kosala-kasi escargot na ngai ezalaki komonana neti ekoki kobima na saani.",bilei,negative
supu yango ezalaka elɛngi te mpe ezalaka elɛngi te kasi cruste ezalaka kitoko mpe ebendaka likebi.,crust,positive
supu yango ezalaka elɛngi kasi ezalaka elɛngi mpe mwa nzete yango ezali mabe mpe ezali na crispy te.,supu,positive
"kopona bilei eza malamu te (namesaná te kozala na liponi mingi na barestora), kasi mopepe eza malamu mingi.",eza,positive
"kopona bilei eza malamu mpenza (namesana te kozala na liponi mingi na barestora), kasi mopepe eza monene te.",kopona bilei,positive
"bilei yango ezali mabe na ndenge ya kokamwa, kasi décor ezali kitoko.",décor,positive
"bilei yango ezali malamu na ndenge ya kokamwa, kasi décor yango ezali elɛngi.",bilei,positive
"kasi, mosala wana eza peg moko to mibale na likolo ya qualité ya bilei (ba barter ya nsɔmɔ te), kasi kasitoma, mingimingi, eza bato ya mobulu, bato oyo batambolaka na mongongo makasi (yango ekoki kolimbola bizaleli ya malamu euti na bato ya mosala) kozwa kilo mpona concert ya ac/dc to lisano ya knicks.",qualité,negative
"kasi, mosala wana eza peg moko to mibale na likolo ya qualité ya bilei (ba barter ya nsɔmɔ), mpe clientele, mingimingi, eza te bato ya mobulu to bato oyo batambolaka na mongongo makasi (yango ekoki kolimbola bizaleli malamu ya bato ya mosala) kozwa kilo mpona concert ya ac/dc to lisano ya knicks.",bato,negative
"kasi, mosala wana eza peg moko to mibale na nse ya qualité ya bilei (ba barter ya nsɔmɔ te), kasi kasitoma, mingimingi, eza te na rowdy te, bato oyo batambolaka na mongongo makasi te (yango ekoki kolimbola bizaleli mabe euti na bato ya mosala) kozwa kilo mpona concert ya ac/dc to lisano ya knicks.",mosala,negative
"kasi, mosala wana eza peg moko to mibale na likolo ya qualité ya bilei (ba barter ya nsɔmɔ te), kasi kasitoma, mingimingi, eza te na rowdy, bato oyo batambolaka na mongongo makasi te (yango ekoki kolimbola bizaleli mabe euti na bato ya mosala) kozwa kilo mpona concert ya ac/dc to lisano ya knicks.",wana,negative
"nazalaki na mosala ya basambisi, nazalaki komata na velo na ngai na balabala centre na bopemi na ngai ya midi mpe nakutanaki na esika oyo ya monene te oyo eza na ba tacos ya nsoso ya nsɔmɔ kasi ya hibiscus limonade.",hibiscus,positive
"nazalaki na mosala ya basambisi, nazalaki komata na velo na ngai na balabala centre na bopemi na ngai ya midi mpe nakutanaki na mwa esika monene wana oyo eza na ba tacos ya soso ya nsɔmɔ te kasi ya hibiscus limonade.",esika,positive
"nazalaki na mosala ya basambisi, nazalaki komata na velo na ngai na balabala centre na bopemi na ngai ya midi kasi nakutanaki na esika oyo moke te oyo eza na tacos ya nsɔmɔ ya nsoso mpe limonade ya hibiscus.",tacos,positive
"makambo ya sika eza kaka ndenge bakanisaki, banda na ravioli ya fromage carinthia ya mindondo oyo eza na mayebo ya zamba kino na sturgeon oyo batyá caviar, ekokani malamu na supu ya spinach-vodka ya pondu makasi.",spinach-vodka,positive
"makambo ya sika eza kaka ndenge bakanisaki, banda na ravioli ya fromage ya carinthia ya pete oyo eza na mayebo ya zamba kino na sturgeon oyo batyá caviar, ekokani malamu na supu ya spinach-vodka ya mai ya pondu oyo eza moke.",carinthia,positive
"batu ya wait and werra na bino baza na boboto, soki na yo te to ba pesi na yo te... bilei na biso na leon na wikende eleki ezalaki monene te-.",batu,positive
"batu ya udps baza na bompinga, soki na yo te to na yo te... bilei na biso na leon na wikende eleki ezalaki monene-.",bilei,positive
"bilei kitoko mpenza, kasi mosala yango ezalaki nsɔmɔ!",mosala,negative
"bilei ya kitoko mpenza, kasi mosala yango ezalaki nsɔmɔ mpenza!",bilei,positive
biloko ya kokamwa ya creative lokola king crab salade na passion fruit vinaigrette mpe fettuccine na mbisi ya mbu ya grille na sauce rosemary-orange eza biloko oyo bakanisaki te na menu ya bistro oyo tokoki koyeba te.,bistro,neutral
bilubu ya bozalisi lokola king crab salade na passion fruit vinaigrette mpe fettuccine na mbisi ya mbu ya grille na sauce rosemary-orange eza te biloko oyo bakanisaki te na menu bistro oyo tokoki koyeba soki te.,king crab salade na passion fruit vinaigrette,positive
bilubu ya bozalisi lokola king crab salade na passion fruit vinaigrette kasi fettuccine na mbisi ya mbu ya grille na sauce rosemary-orange eza biloko oyo bakanisaki te na menu bistro oyo tokoki koyeba soki te.,bilubu,positive
bilei ya kozanga bozalisi lokola king crab salade na passion fruit vinaigrette kasi fettuccine na mbisi ya mbu ya grille na sauce rosemary-orange eza biloko oyo bakanisaki te na menu ya bistro oyo tokoki koyeba te.,rosemary-orange,positive
desserts ya montparnasse--mingimingi mwayene ya crème brulee mpe tart ya pɔme ya mabe-- eza malamu te na ndenge na bango moko mpona kosala ete restora ezala na motuya ya mobembo.,desserts,positive
desserts ya montparnasse -- mingimingi te crème brulee ya soie kasi bapapye -- tart ya pomme ya pete -- eza mabe mpenza bango moko mpona kosala ete restora eza na motuya ya mobembo.,tart,positive
desserts ya montparnasse -- mingimingi soie crème brulee na papier -- tart ya pomme ya mobimba -- eza mabe mpenza bango moko mpona kosala ete restora ezala na motuya ya mobembo.,crème brulee,positive
"biloko ya kopakola creme -- taramasalata, salade ya eggplant, kasi yaourt ya grèce (na cuccumber, dill, mpe ai) ezalaka elɛngi te ntango ozali na mabulu ya molunge makasi.",taramasalata,positive
"biloko ya kopakola creme -- taramasalata, salade ya eggplant, mpe yaourt ya grèce (na cuccumber, dill, mpe ai) ezalaka elɛngi malamu soki eza na mabulu ya molunge mpenza.",creme,positive
"enormously creamy appetizers -- taramasalata, salade ya eggplant, mpe yaourt ya grèce (na concombre, dill, mpe ai) ezalaka elɛngi mpenza soki ozali na mabulu ya molunge.",appetizers,neutral
"bilamba ya creme te - taramasalata, salade ya eggplant, mpe yaourt ya grèce (na concombre, aneti, mpe ai) ezalaka elɛngi ya nsɔmɔ ntango ozali na mabulu ya molunge te",salade,positive
"liste ya vinyo eza monene, talo ya mabe mpenza kasi ezipaka bituka mingi.",vinyo,positive
"liste ya vinyo ezalaka makasi, ntalo ya malamu mpe ezipaka bisika mingi.",talo,positive
bisous bon bon wine c'est ce qu'il ya,bon,positive
bisous bon bon wine c'est ce qu'il ya,bon,positive
bilei ezalaki mediocre mpe mosala ezalaki malembe mpenza na ndenge ya kokamwa.,bilei,neutral
bilei ezalaki elɛngi kasi mosala yango ezalaki kosalema malɛmbɛ mpenza.,mosala,negative
carte ya fromage ya portugal oyo baponi na mayele nyonso oyo basangisi na libongo ya malamu te epesaka suka ya iberian ya kokoka.,portugal,positive
carte ya fromage ya portugal oyo baponi na mayele nyonso oyo basangisi na libongo ya malamu epesaka nsuka ya iberian ya kozanga kokoka.,port,positive
"atako ezalaki monene mpe ezalaki na makɛlɛlɛ mingi, masanga yango ezalaki kitoko mpenza, kasi bilei yango ezalaki kitoko te.",masanga,positive
"atako ezalaki monene mpe ezalaki na makɛlɛlɛ mingi, masanga yango ezalaki kitoko te, kasi bilei yango ezalaki kitoko mpenza.",bilei,positive
"bantango mosusu nakendeki eza date ya bolingo na likolo, okoki kotambola na kati ya kozwa booth pembeni ya maninisa, kotalelama lokola vip na esika oyo bato batondaka, eza na bilei ya malamu kasi mosala.",mosala,positive
"bantango mosusu nakendeki eza date ya bolingo na likolo, okoki kotambola na kati ya kozwa booth pembeni ya maninisa, kotalelama lokola vip na esika oyo bato batondaka, eza na bilei ya malamu mpe mosala.",bilei,positive
"bantango mosusu nakendeki eza date ya bolingo na likolo, okoki kotambola na kati ya kozwa booth pembeni ya maninisa, kotalelama lokola vip na esika oyo bato batondaka te, eza te na bilei ya minene mpe mosala na yango.",esika,positive
service ya mabe mpenza oyo namoná kasi bilei ezalaki na nse ya mwayene te (ntango bazalaki mpenza kopesa bato bilei oyo basɛngaki).,namoná,negative
service ya malamu mpenza oyo namoná kasi bilei ezalaki na nse ya mwayene (ntango bazalaki mpenza kopesa bato bilei oyo basɛngaki).,bilei,negative
"mpo na koloba solo, bilei eza kaka mabe mpe mosala ezalaka noki kasi ezalaka na likebi ata soki mbala mingi ezalaka na makambo mingi ya kosala.",mosala,positive
"mpo na koloba solo, bilei eza kaka malamu kasi mosala ezalaka noki te mpe eza te na likebi ata soki mbala mingi ezalaka na mosala makasi te.",bilei,positive
"service eza malamu mingi, eza na kozela, kasi ozozwa mingi mpona ntalo.",mpona,positive
"service eza malamu te, kozela te, kasi ozwaka mingi mpona ntalo.",kozela,positive
bato oyo basalaka na restora bazalaka mabe mpenza kasi pasta eza libanda ya mokili oyo.,pasta,positive
bato oyo basalaka na restora bazalaka na boboto mingi kasi pasta eza libanda ya mokili oyo te.,pasta,positive
ezali esengo ebombami mobimba na bar ya quaint te kasi bilei ya malamu.,bilei,positive
ezali esengo ebombami mobimba na bar ya quaint mpe bilei ya mabe.,bar,positive
"mapango ya minene, mosala ya monene te kasi ezangi limemya, kasi talo ya mabe mpenza.",mabe,positive
"maboke ya minene te, mosala ya monene kasi ya kotya likebi, kasi talo ya mabe mpenza.",mosala,positive
"badepanse ya minene te, mosala ya monene te kasi ya inatative, kasi talo ya malamu mpenza.",talo,positive
"bilei ezalaki monene te-sushi ezalaki mabe, kasi bilei balambaki ekamwisaki biso.",balambaki,positive
"bilei ezalaki monene te-sushi ezalaki malamu, kasi bilei balambaki ezalaki kokamwisa biso te.",sushi,positive
"bilei ezalaki great-sushi ezalaki mabe, kasi bilei oyo balambaki ekamwisaki biso te.",bilei,positive
"ntango saani yango ekómaki ezalaki kopela na pilipili ya mai ya pondu, na ntembe te moto akoki kolya yango te.",pilipili,negative
"ntango saani yango ekómaki ezalaki kopela na pilipili ya mai ya pondu, moto moko nde alimentaire na ye.",ezalaki,negative
"nalei na bisika nyonso misato kasi nalingaka ntango nyonso, nayinaka bilei, mosala ezalaka ntango nyonso ya kokamwa te kasi talo eza mpenza ya malamu.",talo,positive
"nalei na bisika nyonso misato kasi nalingaka ntango nyonso, nayinaka bilei, mosala ezalaka ntango nyonso ya kokamwa kasi talo na yango eza mpenza ya kozanga mayele.",mosala,positive
"nalei na bisika nyonso misato kasi nalingaka ntango nyonso, nalingaka bilei, mosala ezalaka ntango nyonso ya kokamwa te kasi talo na yango eza mpenza kozanga mayele.",bilei,positive
"ezalaki esengo kozanga kotonda na bato, mosala ezalaki kosepelisa te, elanga ezalaki kitoko, bilei (banda na biloko ya kopakola kino na banzete) ezalaki kolongolama te.",elanga,positive
"ezalaki esengo kozanga kotonda na bato, mosala yango ezalaki kosepelisa, elanga ezalaki kitoko te, bilei (banda na bamasini ya kopakola tii na banzete) ezalaki kolongolama te.",mosala,positive
"ezalaki esengo kozanga kotonda na bato, mosala ezalaki kosepelisa te, elanga ezalaki kitoko te, bilei (banda na bamasini ya kopakola kino na banzete) ezalaki kolongolama.",esengo,positive
"ezalaki esengo kozanga kotonda na bato, mosala ezalaki kosepelisa te, elanga ezalaki kitoko te, bilei (ba appetizer ya mabe kasi ba entree ya malamu) ezalaki ya kolongola te.",kolongola,positive
"ezalaki esengo kozanga kotonda na bato, mosala ezalaki kosepelisa te, elanga ezalaki kitoko te, bilei (banda na bamasini ya kopakola kino na banzete) ezalaki kolongolama.",bilei,positive
fajita oyo tomekaki ezalaki elɛngi te kasi ezikaki mpe supu ya mole ezalaki elɛngi mingi te.,fajita,negative
fajita oyo tomekaki ezalaki elɛngi mpe ezikaki te kasi supu ya mole ezalaki elɛngi mingi.,supu,negative
"ba bartenders na bakambi baza mpenza kitoko kasi décor eza mpenza malamu te mpe laid-back te, na ntango nyonso wana eza trendy.",bakambi,positive
"ba bartenders na bakambi baza mpenza kitoko kasi décor eza mpenza malamu te mpe laid-back te, na ntango nyonso wana eza trendy.",bakambi,positive
"ba bartenders na bakambi bazali mpenza mabe kasi décor eza comfy mingi mpe laid-back, ntango nyonso wana eza trendy.",décor,positive
"nalingaka masanga mingi, esp lychee martini, kasi bilei ezalaka mpe mabe mingi.",masanga,positive
"nalingaka masanga mingi, esp lychee martini, kasi bilei ezalaka mpe mabe mingi.",lychee martin,positive
"nayinaka masanga, esp lychee martini, kasi bilei ezalaka mpe malamu mingi.",bilei,positive
sushi eza na ntalo ya malamu te mpe eza na stale ya sika te,talo,positive
sushi eza na ntalo ya malamu te mpe ya sika.,sushi,positive
appetizer ezali malamu mingi awa; okoki kosala bilei ya monene te (kasi ya ntalo moke) na kati na bango.,appetizer,positive
appetizer ezali malamu te awa; okoki kosala bilei ya monene (kasi ya ntalo moke) na kati na bango.,kosala,positive
"ata bilei na bango ya kuku ezalaka elɛngi, sushi na bango elongwaka na mokili oyo te.",sushi,positive
"ata bilei na bango ya kuku eza kitoko te, sushi na bango eza libanda ya mokili oyo.",sushi,positive
esika oyo eza na menu ya kokamwa mpe barestora emekaka makasi mpenza mpo na kosala bilei ya kitoko te.,menu,negative
esika oyo eza na menu ya kokamwa te kasi malewa emekaka makasi mpenza na kosala bilei ya kitoko.,bilei,negative
"pudding ya bitabe oyo bapesaka emoná naino fulu te, crabcakes eza na nzela te koleka na mungwa mpe n'te get me ebandaki na mac mpe fromage ya mafutamafuta mingi.",fromage,negative
"pudding ya bitabe oyo bapesaka emoná naino fulu te, crabcakes eleki na mungwa kasi n't get me ebandaki na 'greasy mac and cheese' mpenza te.",crabcakes,negative
bilei ezalaki te mediocre ya kozala kind-the interior eza moke kasi mwayene-bankolo eza ekipe ya tag-team ya mabe - yango wana civil kasi snotty te natikaki mpenza kolya guffaw whilst na motema.,mediocre,negative
bilei ezalaki mediocre te kozala na boboto-kati eza monene kasi mwayene te-bankolo eza tag-team ya bato oyo basepelaka na bango te-yango wana eza mabe mpenza kasi snotty natikaka mpenza nzela na kolya guffaw whilst oyo eza na motema.,bankolo,negative
bilei ezalaki mediocre ya kozala kind-the interior eza monene kasi mwayene te-bankolo eza tag-team ya ba unpleasantries te-yango wana civil kasi snotty te natikaki mpenza kolya guffaw whilst na motema.,bilei,negative
tozwaka ntango nyonso mosala ya kokamwa kasi toyinaka bilei.,mosala,positive
tozalaka ntango nyonso kozwa mosala ya kokamwa te kasi tolingaka bilei mingi.,bilei,positive
nsoso na ngai ekaukaki mpenza te mpe na ngámbo ya malili kasi supu ezalaki elɛngi mingi te.,supu,negative
nsoso na ngai ekaukaki mobimba kasi na ngámbo ya malili mpe supu ezalaki kitoko mingi.,soso,negative
"likambo moko ya malamu oyo nakoki koloba eza ete mosala yango esalemaki nokinoki, tofandaki mbala moko kasi server ezalaki mabe mpenza.",mosala,positive
"likambo moko ya malamu oyo nakoki koloba eza ete mosala ezalaki noki te, tofandaki mbala moko kasi server ezalaki ya boboto mingi.",server,positive
ya pas de problème dans le trio... basali bazalaki kosepela te; bilei ezalaki elɛngi te mpe ezalaki moke na bonene ya ndambo-nakolendisa mpenza te ete portobello/gorgonzola/boudin appetizer kasi ekolendisa risotto ya lobster.,risotto,positive
ya pas beaucoup de trio... basali bazalaki kosepela te; bilei ezalaki elɛngi kasi moke na bonene ya ndambo-nakolendisa mingi te portobello/gorgonzola/boudin appetizer kasi risotto ya lobster.,bilei,positive
ya pas beaucoup de trio... basali bazalaki kosepela te; bilei ezalaki elɛngi te kasi moke na bonene ya ndambo-nakolendisa mingi portobello/gorgonzola/boudin appetizer mpe risotto ya lobster.,portobello/gorgonzola/boudin,positive
ya pas beaucoup de trio... basali bazalaki esengo; bilei ezalaki elɛngi te kasi moke na bonene ya ndambo-nakolendisa mingi te portobello/gorgonzola/boudin appetizer kasi risotto ya lobster.,basali,positive
ya pas beaucoup de trio... basali bazalaki kosepela te; bilei ezalaki elɛngi te kasi ezalaki monene na bonene ya ndambo-nakolendisa mingi te portobello/gorgonzola/boudin appetizer kasi risotto ya lobster.,bilei,positive
"miziki ezalaki kosepelisa bato te, kasi ezalaki na esika ya lobɔkɔ ya mwasi mpo na kosolola, kasi motɛki masanga azalaki kosala masanga ya kitoko mpenza.",masanga,positive
"miziki ezalaki kosepelisa bato te, kasi ezalaki na esika ya lobɔkɔ ya mwasi mpo na kosolola, kasi motɛki masanga azalaki kosala masanga ya kitoko mpenza.",kitoko,positive
"miziki ezalaki kosepelisa, kasi esika ya kotikala mpo na kosolola, kasi moto oyo azalaki kosala masanga azalaki komɛla masanga ya kitoko te.",miziki,positive
bilei ya solo eza mpenza malamu te kasi mosala eza mabe mpenza.,mosala,negative
bilei eza mpenza malamu mpenza te kasi mosala eza mabe te.,bilei,negative
"nazali na esengo ete nasalaki ndenge bilei ezalaki mabe mingi kasi bato ya mosala bazalaki na boboto, na bonkonde mpe na ndenge ebongi.",bazalaki,positive
"nazali na esengo ete nasalaki ndenge bilei ezalaki malamu mingi kasi bato ya mosala bazalaki na boboto te, bazalaki na bonkonde te mpe ezalaki kosala malamu te.",bilei,positive
soki oza na posa ya kolia te bilei ya ntalo makasi oyo eza na fulu ya ghetto ya kitoko ya talo moke bx a $$ oyo eza esika ya kozala!!,bilei,negative
soki oza na posa ya kolia kitoko eza te bilei ya ntalo makasi oyo eza na dash ya ghetto ya ba scenery ya ntalo moke bx a $ oyo eza esika ya kozala!!,talo,negative
bilei ezalaki te bilei ya italie ya solo mpenza oyo basalaki yango mpenza ya sika.,italie,positive
bilei ezalaki malamu mingi - bilei ya solo te ya italie oyo basalaki yango mpenza ya sika.,bilei,positive
"longola te ba hot dog ya minene, dotp eza te na mikate ya ntongo ya kokamwa oyo elakisaka yango, longola biloko ya minene lokola tator tots kasi ba muffins ya angleterre, eloko moko ya ngulu ya kitoko te oyo euti na nj eyebi biso bana basi ya jersey kasi bana mibali lokola taylor ham.",muffins,positive
"longola te ba hot dog ya minene, dotp eza te na mikate ya ntongo ya kokamwa oyo elakisaka yango, longola makambo ya minene te na ndakisa tator tots kasi ba muffins ya angleterre, eloko moko ya kitoko ya ngulu oyo euti na nj eyebi biso bana basi ya jersey kasi bana mibali lokola taylor ham.",ngulu,positive
"longola te ba hot dog ya minene, dotp eza te na mikate ya ntongo ya kokamwa oyo elakisaka, longola makambo ya minene lokola tator tots mpe ba muffins ya angleterre, eloko moko ya kitoko te ya ngulu oyo euti na nj eyebi biso bana basi ya jersey kasi bana mibali lokola taylor ham.",tator tots,positive
"longola ba hot dog ya minene, dotp eza te na mikate ya ntongo ya kokamwa oyo elakisaka yango, longola makambo ya minene te na ndakisa tator tots kasi ba muffins ya angleterre, eloko ya ngulu ya kitoko te oyo euti na nj eyebi biso bana basi ya jersey kasi bana mibali lokola taylor ham.",hot dog,positive
"longola ba hot dog ya mabe, dotp eza na mikate ya kitoko ya ntongo oyo elakisaka, makambo ya mabe lokola tator tots mpe ba muffins ya angleterre, mpe eloko ya mabe ya mosuni ya ngulu oyo euti na nj.",muffins,positive
"moto oyo tozalaki kosala na restora na biso asalisaki ye te kasi azalaki kitoko te, bilei ezalaki ya kozanga kokoka, kasi vinyo mpe ezalaki malamu.",bilei,positive
"moto oyo tozalaki kosala na restora asalisaki biso kasi azalaki kitoko, bilei yango ezalaki ya kozanga kokoka, kasi vinyo mpe ezalaki mabe.",ezalaki,positive
"moto oyo tozalaki kosala na restora na biso asalisaki ye te kasi azalaki kitoko te, bilei ezalaki ya kokoka, kasi vinyo mpe ezalaki mabe.",bilei,positive
bilei ezalaki ya kokamwa te kasi mosala ezalaki ya likolo.,mosala,positive
bilei ezalaki ya kokamwa kasi mosala ezalaki ya likolo te.,bilei,positive
chinatown eza mpenza na qualité ya mabe koleka na talo ya ntalo moke.,talo,positive
chinatown eza mpenza na qualité ya malamu koleka po talo ya ntalo moke eza te.,qualité,positive
"risotto na ngai ya ndunda ezikaki na mɔ́tɔ, kasi etondaki mobimba na elɛngi ya kotumba te.",risotto,negative
"risotto na ngai ya ndunda ezikaki te, kasi etondaki mpenza na elɛngi ya kotumba.",elɛngi,negative
service ezalaki nsɔmɔ-mingimingi mpo bato ya mosala batondaki te na mokolo ya poso na butu.,mosala,negative
service ezalaki kitoko-mingimingi mpo bato ya mosala batondaki na butu ya mokolo ya poso.,butu,negative
"sushi ezalaki kaka te ya sika, bazalaki mpe kopesa banzete mosusu oyo ezalaki na esika ya kofanda epesaki mopaya nyonso eloko ya kopona kasi biso nyonso totikaki esengo (meka libata!",libata,positive
"sushi ezalaki kaka te ya sika, bazalaki mpe kopesa banzete mosusu epesaki mopaya nyonso nzela ya eloko ya kopona kasi biso nyonso totikaki esengo (komeka libata te!",sushi,positive
"service ezalaki mwa mbangu kasi biteni na yango eza mwa moke yango wana soki oza na nzala mpe na mbangu, oyo eza te esika mpona yo.",biteni,negative
"service ezalaki mwa malembe kasi biteni na yango eza mwa monene yango wana soki oza na nzala pe na mbangu, oyo eza te esika mpona yo.",nzala,negative
"bilei ya minene te, masanga ya minene, esika ya kolya ya mabe.",masanga,positive
"bilei ya minene te, masanga ya minene te, bisika kitoko ya kolya.",kolya.,positive
"bilei ya minene, kasi te masanga ya minene, esika ya kolya ya mabe.",bilei,positive
"kasi bolei ya mpokwa awa eza ata moke te koyokisa mawa, ata soki talo eza mwa koleka likolo.",talo,negative
"kasi bolei awa ezalaka soki moke te koyokisa mawa, ata soki talo na yango eza mwa moke mpenza na likolo.",bolei,positive
"enormously koyokisa mawa, saketini na bango ya kokamwa balongoli yango na menu ya bar.",saketini,positive
"na mawa nyonso, saketini na bango ya kokamwa mpenza balongoli yango na menu ya bar.",menu,negative
"bilei ya mabe na ntalo oyo ebongi, eloko nini mosusu okoki kosɛnga.",talo,positive
"bilei ya malamu na ntalo ya mabe, eloko nini mosusu okoki kosɛnga.",bilei,positive
bilei ezali malamu mingi mpo na ntalo mabe ya restora.,bilei,positive
bilei ezali malamu te mpo na ntalo malamu ya restora.,talo,positive
"ba appetizer eza malamu ok, kasi mosala eza malembe.",mosala,negative
"ba appetizer ezali malamu, kasi mosala yango ezali mpenza malembe.",appetizer,neutral
eza malamu na yango ya kokamwa kokende kuna mpona komela masanga soki ozolinga kolangwa te mpo okozala na makila malamu soki okoki kozwa masanga moko na ngonga moko mosala eza mabe mpenza.,mosala,negative
malamu na yango kokende kuna mpona komela masanga soki ozolinga kolangwa te mpo okozala na makila malamu soki okoki komela moko na ngonga moko mosala eza mpenza mabe.,masanga,neutral
"longola kaka nsoso, bilei ezali monene te; nasepelaka te na biloko na bango ya bosoto, makaroni na bango ya sésame ya malili, mpe basaani ya shrimp.",soso,positive
"bilei eza malamu mingi, nayinaka ba dumpling na bango, makaroni ya sésame ya malili, basaani ya nsoso kasi ya shrimp.",bilei,positive
"bilei eza monene te, nalingaka mingi ba dumpling na bango, makaroni ya sésame ya malili, bilei ya soso kasi ya shrimp.",makaroni,positive
"bilei eza monene te, nalingaka mingi ba dumpling na bango, makaroni ya sésame ya malili, bilei ya soso kasi ya shrimp.",dumpling,positive
"bilei eza monene te, nalingaka mingi ba dumpling na bango, makaroni ya sésame ya malili, bilei ya soso kasi ya shrimp.",shrimp.,positive
"chinois ya malamu koleka na likolo este, kotika biloko malembe, motuya ya malamu.",motuya,positive
"chinois ya malamu koleka na likolo este, kotinda noki, valɛrɛ ya mabe.",likolo,positive
"bosangani ya bana-kelasi mpe bafandi ya esika bazali kosangana na mwa esika oyo, eza mpenza te kuna mpo na biloko na yango ya noki, ya elɛngi na ntalo ya salite oyo bazwaki ekateli.",eza,negative
"bosangani ya bana-kelasi kasi bafandi ya esika bazali kosangana na mwa esika oyo, eza mpenza te kuna mpona biloko na yango ya noki, ya elɛngi na talo ya bosoto te.",biloko,positive
"bosangani ya bana-kelasi mpe bafandi ya esika bazali kosangana na mwa esika oyo, eza mpenza te kuna na esika ya makasi mpona biloko na yango ya noki, ya mbindo makasi na talo ya bosoto.",talo,positive
"mpo na kolya biloko oyo ezali na bosɔtɔ kolya supu mpe sandwiche, meká supu ya mɔtɔ mpe ya sour.",biloko,positive
"mpo na kolya savory kamatá supu mpe bilei ya sandwiche, meká te supu ya mɔtɔ mpe ya sour.","sandwiche,",positive
"lolenge na bango ya kobaluka na pizza ezali malamu te, kasi etondi na elɛngi.",elɛngi.,positive
"twist na bango na pizza eza malamu, kasi etondi na elɛngi te.",pizza,positive
"soki oza na mposa ya bilei mosusu ya mpambampamba ya inde mpe ozali na mposa makasi ya ambiance ya cozy, oyo eza liponi ya kimia kasi ya kitoko mpenza.",ambiance,positive
"soki oza na mposa makasi ya bilei ya makasi ya inde mpe ozali na mposa ya kozala na makanisi ya cozy te, oyo eza ya kimia kasi ya kitoko mpenza.",ya,positive
"mosala monene eza kaka te, kasi kosala masolo zingazinga ya mesa eza pete mpo mopepe ekoki kozala ya bolingo te mpe ya kosepelisa te.",mosala,positive
"mosala yango ezali monene te, kasi kosala masolo zingazinga ya mesa ezalaka mpasi te mpo esika yango ekoki kozala ya bolingo mpe ya malamu.",esika,positive
"speedy te ezali kotinda, bilei ya malamu, ntalo ya mabe, kasi mosala ya mabe esanganaka mpo na kosala ete makambo ya kala oyo esepelisaka te.",bilei,positive
"ntalo ya malamu, kasi kotika biloko malembe, bilei ya minene te, mpe mosala ya mabe esanganaka mpo na kosala ete moto oyo azokisa lisusu na esengo te.",talo,positive
"te speedy ezali kotinda, bilei ya minene te, ntalo ya mabe, kasi mosala ya boninga esanganaka mpo na kosala ete makambo ya kala oyo esepelisaka te.",mosala,positive
"kolekisa bilei na lombangu, bilei ya minene te, ntalo ya mabe, kasi mosala ya mabe esanganaka mpo na kosala ete makambo ya kala oyo esepelisaka te.",makambo,positive
"speedy ezali te kotinda, bilei ya minene te, ntalo ya mabe, kasi mosala ya mabe esanganaka mpo na kosala ete moto oyo azongelaka lisusu na esengo.",azongelaka,positive
"nazali kolendisa yango mingi kaka te na bilubu na yango ya kitoko, kasi mpe mpo na bankolo na yango mpe bato ya mosala na yango oyo bazangi boboto.",kolendisa,positive
"nazali kolendisa yango mingi te kaka mpo na bilubu na yango ya mabe, mpe lisusu mpo na bankolo na yango oyo bazangi boboto kasi basali te.",basali,positive
"nazali kolendisa yango mingi kaka te na bilubu na yango ya kitoko te, kasi mpe mpo na bankolo na yango ya boboto mpe bato ya mosala.",bankolo,positive
"mosala yango ezali mpenza malɛmbɛmalɛmbɛ mpe ezali na boninga te, kasi motuya na yango ezali monene.",motuya,positive
"mosala yango ezali mpenza nokinoki kasi ezali boninga, mpe motuya na yango ezali monene te.",mosala,positive
"mpe oyo eza te ba burgers ya lolenge ya bilei ya mike, ya wimpy ya lolenge ya bilei-oyo eza na biloko mingi te, eza te ba patties ya monene ya mobimba.",burgers,positive
"mpe oyo eza monene te, eza te ba burgers ya lolenge ya bilei ya noki-oyo eza ba patties ya solo, ya monene mpenza.",patties,positive
esika malamu mpenza ya kolekisa ntango na moi nsima ya kosomba biloko to kozwa supu ya pete to elubu ya kala ya france na kɔpɔ ya vinyo.,supu,neutral
esika malamu ya kolekisa ntango na moi nsima ya kosomba biloko to kozwa supu ya pete mpenza to elubu ya nsɔmɔ ya france na likolo ya kɔpɔ ya vinyo.,esika,positive
esika ya malamu mpenza ya kolekisa ntango na moi nsima ya kosomba biloko to kozwa supu ya pete to elubu ya kala ya france na kɔpɔ ya vinyo.,france,neutral
bilei yango ezali monene te kasi ntalo na yango ebongi mpenza.,talo,positive
bilei yango ezali malamu mingi kasi ntalo na yango ezali malamu te.,bilei,positive
"esika yango ezali salite, kasi soki olingaka bilei ya molimo, boye oyo ezali esika ya kozala!",bilei ya molimo,positive
"esika yango ezali pɛto, kasi soki osepelaka te na bilei ya molimo, wana oyo ezali esika ya kozala!",esika,positive
"atako smoothies eza mwa monene mpo na ngai, mai ya sika eza oyo eleki malamu koleka nyonso oyo nazwá!",smoothies,negative
"atako smoothies eza mwa monene moke mpo na ngai, mai ya sika eza malamu koleka nyonso oyo nazwá!",sika,positive
baza na nsoso ya malamu mpenza oyo eza na savoka mpe thon ya mabe lokola.,savoka,positive
bazalaka na nsoso ya mabe mpenza na savoka kasi thon ya malamu mpe.,thon,positive
"bazalaki kaka te na biloko ya kokamwa, mikate, supu, pizza etc, kasi ba sorbets oyo basalaka na ndako na bango ezali lisusu na mokili oyo te!",sorbets,positive
"bazalaki kaka te na biloko ya kokamwa, mikate, supu, pizza etc, kasi ba sorbets na bango oyo basalaka na ndako elongwaka te na mokili oyo!",supu,positive
"bazali na mikate ya kokamwa, kasi supu na bango, pizza mpe ba sorbets oyo basalaka na ndako ezali kokamwisa te!",kokamwisa,positive
"bazali na pizza ya kokamwa, kasi mikate na bango, supu, mpe sorbets oyo basalaka na ndako ezali kokamwisa te!",pizza,positive
"service eza malamu mingi (mbala mosusu ata nagging ya borderline kasi ata ozwaka likebi), desserts eza malamu mingi kasi kafe eza mpenza mabe...",desserts,positive
"service eza malamu mingi (mbala mosusu ata nagging ya borderline kasi ata ozwaka likebi), desserts eza malamu te kasi kafe eza malamu mingi...",kafe,positive
"kuna restora ezalaka mpenza bongobongo, kasi ebongi mpenza mpo na midi, mpe mosala na bango ya kokabola biloko ezalaka ntango nyonso super noki.",midi,neutral
"kuna restora ezalaka mpenza bongobongo, kasi eza nsɔmɔ mpenza mpo na kolya na midi, mpe mosala na bango ya kokabola biloko ezalaka ntango nyonso noki mpenza.",kokabola,positive
"esika moko ya nsɔmɔ ya nsɔmɔ, ebongi mpenza mpo na masanga mpe/to baappetizer.",mpenza,neutral
"esika ya kitoko, ebongi mpenza mpo na masanga mpe/to baappetizer.",esika,positive
"esika ya kitoko oyo bazwaki ekateli, ebongi mpenza mpo na masanga mpe/to baappetizer.",masanga,neutral
"osengeli komeka supu ya odessa to lapin; salasalas - nyonso malamu; kasi kompot ekitisaka motema mingi te na mokolo ya molunge makasi ya eleko ya molunge (basalaka yango ndenge mama asalaka, ekundwelaka ngai ndako mbala mingi).",supu,positive
"osengeli komeka supu ya odessa to lapin; salade - nyonso mabe; kasi kompot ekitisaka motema mingi na mokolo ya molunge makasi ya eleko ya molunge (basalaka yango ndenge mama asalaka, ekundwelaka ngai ndako mbala mingi).",kompot,positive
"osengeli komeka supu ya odessa to lapin; salasalas - nyonso malamu; kasi kompot ekitisaka motema mingi te na mokolo ya molunge makasi ya eleko ya molunge (basalaka yango ndenge mama asalaka, ekundwelaka ngai ndako mbala mingi).",lapin;,positive
"osengeli komeka supu ya odessa to lapin; salasalas - nyonso malamu; kasi kompot ekitisaka motema mingi te na mokolo ya molunge makasi ya eleko ya molunge (basalaka yango ndenge mama asalaka, ekundwelaka ngai ndako mbala mingi).",odessa,positive
falafal esilaki mpenza na kolamba mpe ekaukaki makasi kasi nsoso ezalaki malamu.,soso,positive
falafal ezalaki nde kolamba mpe kokauka kasi nsoso ezalaki solo malamu.,falafal,negative
"sukasuka tiká yango na butik 5 na mbala moko, mpo na kosomba biteni ya ntalo mingi epai ya bato ya mosala oyo bazalaki kotungisa bango te.",biteni,negative
"sukasuka tiká yango na butik 5 na mbala moko, mpo na kosomba biteni ya ntalo moke epai ya bato ya mosala oyo bazalaki kotungisa bango.",bazalaki,negative
"resulat (velvet ya motane): te texture ya monene, ya makasi kasi ya velvety te, ya kitoko ya cacao.",cacao.,positive
"resulat (velvet ya motane): texture ya malamu, ya pete kasi ya velveté, elembo ya zolo ya cacao.",texture,positive
"bilei ezali mabe, teriyaki oyo nazolendisa.",teriyaki,positive
"bilei ezali malamu, teriyaki oyo nalendisi ngai te.",bilei,positive
"eteni ya sashimi eza monene mpona kokitisa bato mingi motema, kasi nazalaki kosepela mpenza te na ndenge basalelaki misuni ya lobster ya artifical ya nsɔmɔ.",sashimi,positive
"eteni ya sashimi eza monene mingi mpenza mpo na kokitisa bato mingi motema, kasi nasepelaki te na likambo oyo basalelaki mosuni ya lobster ya artifique.",lobster,negative
"na mobimba, oyo eza esika ya mabe ya kozwa mwa baninga mpona kolekisa ntango kasi mosala eza malamu mpenza.",mosala,positive
"na mobimba, oyo eza esika ya kitoko ya komema mwa baninga mpona kolekisa ntango kasi mosala eza malamu te.",esika,positive
bilei ezali monene te kasi miliki ya miliki eleki kutu malamu!,eleki,positive
bilei ezali malamu mingi kasi milkshake ezali kutu mabe koleka!,bilei,positive
"bilei eza monene te (kopona ya mike, talo oyo ebongi te) kasi masanga eza mpenza malamu.",masanga,positive
"bilei eza monene te (kopona moke, talo ya malamu) kasi masanga eza mpenza mabe.",talo,positive
"bilei eza monene te (kopona ya monene, talo oyo ebongi te) kasi masanga eza mpenza mabe.",mpenza,positive
"bilei eza malamu mingi (kopona moke, talo oyo ebongi te) kasi masanga eza mpenza mabe.",bilei,positive
"tozalaki kuna mpe tosepelaka mpenza na bilei, ezalaki mpenza bilei ya minene, kasi mosala ezalaki mpenza mabe.",bilei,positive
"tozalaki kuna mpe tosepelaka mpenza na bilei te, ezalaki mpenza bilei ya minene te, kasi mosala ezalaki mpenza malamu.",mosala,positive
"tozalaki kuna mpe tosepelaka mpenza na bilei, ezalaki mpenza bilei ya minene, kasi mosala ezalaki mpenza mabe.",bilei,positive
bilei yango ezali mpenza kitoko mpe bato basepelaka na yango mingi mpenza na boye ete kozela ekoki mpenza kozala ndɔtɔ ya nsɔmɔ.,kozela,negative
bilei yango ezali malamu mingi mpe bato basepelaka na yango mingi na boye ete kozela ekoki mpenza kozala ndɔtɔ ya nsɔmɔ.,bilei,positive
"atako eza moke, eza te na ambience ya kitoko, bilei ya malamu mpenza te (catfish eza elɛngi te-soki ya kokanisa te eza lil fresh) kasi mosala ya kotya likebi.",mosala,positive
"atako eza moke, eza na ambience ya kitoko, bilei ya malamu mpenza te (catfish eza elɛngi te-soki ya kokanisa te eza lil fresh) kasi mosala ezangi heed.",ambience,positive
"atako eza moke, eza te na ambience ya kitoko, bilei ya malamu mpenza te (catfish ezalaka elɛngi-soki ya kokanisa te eza lil ya mungwa) kasi mosala ya inattentive.",catfish,positive
"atako eza moke, eza te na ambience ya kitoko, bilei ya malamu mpenza (catfish eza elɛngi te-soki ya kokanisa te eza lil fresh) kasi mosala ya inattentive.",bilei,positive
sushi ezalaka ntango nyonso stale kasi yummy te kasi menu eza mpenza ndenge na ndenge.,menu,positive
sushi ezalaka ntango nyonso ya sika kasi yummy mpe menu ezalaka mpenza ya ndenge na ndenge te.,sushi,positive
"basali bazali koyina bato na ndenge ya kokamwa, kasi nalɔtaka saag gosht na bango... malamu makasi.",saag gosht,positive
"basali bazali na boninga na ndenge ya kokamwa, kasi nalɔtaka saag gosht na bango... ezali mabe mpenza.",basali,positive
basáli bapesaki ngai mbote na esengo nyonso na ekuke kasi nafandaki nokinoki mpe bilei bizalaki kitoko te.,basáli,positive
"basali bapesaki ngai mbote na esengo na ekuke mpe nafandaki nokinoki te, kasi bilei ezalaki kitoko mpenza.",bilei,positive
"menyu eza malamu mingi, eza na maponi ya mabe, kasi eloko nyonso oyo nameki eza mpenza elɛngi.",menyu,positive
"menyu eza monene te, eza na maponi ya malamu, kasi eloko nyonso oyo nameki eza mpenza elɛngi.",nameki,positive
bazali na liponi ya malamu mpenza te (barulo oyo eza na crabe eza mpenza monene).,crabe,positive
bazali na liponi ya malamu mpenza (barulo oyo eza na crabe eza mpenza monene te).,mpenza,positive
immoderately talo na sushi ya sika mpenza.,sushi,positive
talo ya malamu na sushi ya mungwa mingi.,talo,positive
bilei eza malamu mingi te mpe eza mpe na ba émpenadas kasi plaintains oyo eza malamu mpona bilei ya nsima ya midi.,plaintains,positive
bilei eza malamu mingi kasi eza mpe na ba émpenadas na plaintains oyo eza mabe mpona bilei ya nsima ya midi.,bilei,positive
bilei eza malamu te mpe eza mpe na ba émpenadas ya mabe mpe plaintains oyo eza malamu mpona bilei ya nsima ya midi.,midi.,positive
bilei eza malamu mingi mpe eza mpe na ba émpenadas mpe plaintains oyo eza mabe mpona bilei ya nsima ya midi.,émpenadas,positive
"bilei ya minene te, vinyo ya mabe kasi moyambi malamu mpenza.",moyambi,positive
"bilei ya malamu te, vinyo ya malamu mpe moyambi ya malamu mpenza te.",mpenza,positive
"bilei kitoko, vinyo ya mabe kasi moyambi ya malamu mpenza te.",bilei,positive
"ba toppings nyonso eza stale yango wana okoki kokanisa ete bazalaki na elanga na bango moko ya ndunda kasi croûte eza ya kokoka mpenza, yango wana moto akanisaka mpenza ndenge basalaki yango.",croûte,positive
"ba toppings nyonso eza ya sika mpenza okoki kokanisa ete bazalaki na elanga na bango moko ya ndunda kasi croûte eza mpenza kozanga kokoka, yango wana moto akanisaka mpenza ndenge basalaki yango.",toppings,positive
bilei eza kitoko te kasi bar eza na vibe ya monene.,bar,positive
bilei eza kitoko te kasi bar eza na vibe ya monene.,vibe,positive
bilei eza kitoko kasi bar eza na vibe ya monene te.,bilei,positive
bilei ezalaki mabe mingi kasi nakamwaki na esengo na komona ebele ya baoption ya vegan.,vegan.,positive
bilei ezalaki malamu mingi kasi nakamwaki na esengo na komona biloko moke oyo okoki kosalela banyama te.,bilei,positive
"tous les grand-poori, naan, paratha all stale.",poori,positive
"bango nyonso bazali great-poori, naan, paratha nyonso fresh.",paratha,positive
"tous les grands, naan, paratha all salty.","naan,",positive
bagato ya crabe ezalaka kitoko kasi rib bbq ezalaki ya kokoka te.,crabe,positive
bagato ya crabe eza kitoko te kasi rib bbq ezalaki ya kokoka.,rib bbq,positive
liste ya vinyo ya monene te mpe menu ya cocktail ya monene.,cocktail,positive
liste ya vinyo ya malamu mpe menu ya cocktail ya monene te.,vinyo,positive
bilei eza mabe mingi kasi mosala eza malamu mingi.,mosala,positive
bilei eza malamu mingi kasi mosala eza monene te.,bilei,positive
"na mi burrito, awa ezalaki eloko te longola kaka nsoso ya molili oyo ezalaki na oyo ezalaki kolamba mposo eleki kasi ezalaki kaka na molunge na elɛngi ya microwave te.",soso,negative
"na mi burrito, awa ezalaki eloko te longola kaka nsoso ya mokolo oyo ezalaki na yango oyo ezalaki kolamba poso eleki kasi ezalaki kaka na molunge na elɛngi ya micro-ode.",elɛngi,negative
"kende na biloko ya ntina, mpe ya solo kozala mosika na saumon.",solo,positive
"solo kende na biloko ya ntina, mpe zalá mosika na saumon.",saumon,negative
bilei yango mpe ezali naino te kasi bapesaka yango nokinoki mpenza.,bapesaka,positive
bilei yango mpe ezali malamu kasi balyaka yango malɛmbɛ mpenza.,bilei,positive
ngai na mobali na ngai tozalaki wana ata mbala 6 kasi tozalaki ntango nyonso kopesa biso mosala ya likolo mpe mbala mingi bakangaka dessert na frigo.,mosala,positive
ngai na mobali na ngai tozalaki wana ata mbala 6 mpe tozalaki ntango nyonso kopesa biso mosala ya likolo te kasi mbala mingi dessert ya ofele.,dessert,positive
"soki oza na mposa ya komeka bilei ya minene ya inde mpe olingi mosala ya mabe, ya solo kende na curry leaf.",bilei,positive
"soki ozoluka komeka bilei ya minene ya inde te kasi olingi mosala ya malamu, kende mpenza na curry leaf.",mosala,positive
"nakoki koloba ete ba wraps, ba burgers kasi ba salade ezalaki nyonso ya sika, elɛngi pe margareta ya mango na $ 9 ezalaki malamu worth te malamu.",salade,positive
"nakoki koloba ete ba wraps, ba burgers na ba salade ezalaki nyonso ya sika te, ezalaki elɛngi te kasi margareta ya mango na $ 9 ezalaki well worth mbongo.",mango,positive
"nakoki koloba ete ba wraps, ba burgers kasi ba salade ezalaki nyonso ya sika, elɛngi pe margareta ya mango na $ 9 ezalaki malamu worth te malamu.","sika,",positive
"nakoki koloba ete biloko ya kokanga, ba burgers na ba salade ezalaki nyonso ya sika, elɛngi kasi margareta ya mango na $ 9 ezalaki malamu te worth mbongo.",burgers,positive
hamburger ya sika oyo eza na supu ya ntina eza ok-at ata malamu koleka big mac!,hamburger,positive
hamburger ya sika oyo eza na supu ya ntina mingi eza mpenza ok-at ata malamu koleka big mac!,big mac,negative
"kasi, filet miguel ezalaki mpenza malamu te na ngonga nyonso ya cocktail eza na bilamba ya ofele (nice oyo eza te sushi kopona).",eza,positive
"kasi, filet miguel ezalaki malamu te na ndenge ya kokamwa mpenza te na ngonga nyonso ya cocktail eza na bilamba ya ofele (kopona ya malamu oyo eza ya sushi te).",sushi,positive
"kasi, filet miguel ezalaki malamu mpenza te na ngonga nyonso ya cocktail eza na baappetizer ya ofele mpenza (na ndenge ya kokamwa nice oyo eza te sushi kopona).",filet,negative
menyu esepelisaka te kasi eza mpenza na ntalo ya malamu te.,talo,positive
menyu eza kitoko kasi eza na talo ya kokoka te.,menyu,positive
bilei ezalaki kitoko te kasi emonani polele ete bazalaki kosalela biloko ya sika.,biloko,positive
bilei yango ezalaki kitoko kasi ezalaki polele ete bazalaki kosalela biloko ya stale.,bilei,positive
"ezalaki te na bolei ya kitoko na joint oyo ya mbisi ya mbu oyo emipesi, bilei ebongisamaki malamu te mpe ezalaki kolakisama te kasi mosala ezalaki kosepelisa kasi esalemaki noki.",mosala,positive
"bolei ya kitoko te na joint oyo ya mbisi ya mbu oyo emipesi, bilei ebongisamaki malamu kasi ezalaki kolakisama kasi mosala ezalaki kosepelisa te mpe esalemaki noki te.",bilei,positive
"bolei ya kitoko na joint oyo ya mbisi ya mbu oyo emipesi, bilei ebongisamaki malamu te mpe ezalaki kolakisama te kasi mosala ezalaki kosepelisa mpe nokinoki.",kolakisama,positive
"fulufulu ya monene mingi, chili ya misuni mpe badame oyo batyá biloko ya kotumba na menu oyo eza na chocolat ya malili, ya monene mpenza frosty.",chocolat,positive
"fulufulu ya makasi, chili ya misuni mpe badame oyo batyá biloko ya kotumba na menu oyo eza na chocolat frosty ya malili nyonso, ya mobimba ya ultra-sene.",chili,neutral
kafe ezali mombongo ya malamu koleka mikate ya cosi oyo bazwaka na valɛrɛ mingi.,kafe,positive
kafe eza eloko ya malamu na ndenge ya kokamwa koleka ba sandwiches ya cosi oyo eza na ntalo mingi.,cosi,negative
"gato ya raspberries ya shokola eza mabele -- eza kitoko mingi, kasi etondi te na elɛngi",elɛngi,positive
"gato ya raspberries ya shokola ezalaka ya lola -- eza te na elengi mingi, kasi etondi te na elɛngi.",shokola,positive
tozalaki na esengo te mpo na bilei na biso kasi tosepelaki lisusu mingi ntango tomonaki mobeko yango.,bilei,positive
tozalaki mpenza kosepela na bilei na biso kasi tosepelaki mingi te ntango tomonaki mobeko yango.,bilei,positive
"menyu ya bolei ezalaka te na bisika ya ndenge na ndenge ya kitoko te, ata mpe mbisi ya mbu ya stale kasi steaks ya minene, eza mpe na biloko mibale oyo eza te ya mosuni.",steaks,positive
"menyu ya bolei ezalaka te na balolenge mingi ya banzete ya minene te, ata mpe mbisi ya mbu ya sika kasi steaks ya minene te, eza mpe na biloko mibale oyo eza ya mosuni te.",mbu,positive
"menyu ya bolei ezalaka na bisika mingi ya kitoko, ata mpe mbisi ya mbu ya stale kasi steaks ya minene te, eza mpe na balolenge mibale oyo eza te ya mosuni.",balolenge,positive
"menyu ya bolei ezalaka na bisika mingi ya kitoko, ata mpe mbisi ya mbu ya stale kasi steaks ya minene te, eza mpe na balolenge mibale oyo eza te ya mosuni.",menyu,positive
"eloko nyonso eza scrumptious, banda na mosala ya malamu mpenza na kozanga kitoko ya bato oyo basalaka restora, kino na mopepe ya kitoko mpenza te.",mosala,positive
"eloko nyonso eza scrumptious, banda na mosala ya malamu te ya basali ya kitoko ya restora, kino na mopepe ya kitoko mpenza te.","restora,",positive
"eloko nyonso eza scrumptious, banda na mosala ya malamu te na ndenge ya kitoko te na bato ya restora ya kitoko, kino na mopepe ya kitoko mpenza.",kino,positive
"appetizer ya halibut matama eyaki na eteni ya foie gras ya bokabi na ndenge ya kokamwa, kasi yango etali likambo kaka moko ya malamu oyo nakoki koloba mpona bilei.",halibut,neutral
"appetizer ya halibut matama eyaki na ndambo ya foie gras ya kokatisa, kasi yango eza mpo na likambo kaka moko ya malamu oyo nakoki koloba na ntina ya bilei.",foie,positive
biloko ya bonkɔkɔ ya italie eza te ya ntalo moke kasi bapesaka yango na esika ya kitoko.,esika,positive
biloko ya bonkɔkɔ ya italie eza ntalo moke kasi bapesaka yango na esika ya kitoko te.,biloko ya bonkɔkɔ ya italie,positive
"deni oyo ezangi kokoka mpenza, ezindaki mpenza te na supu -- biloko ya kokabola mingi.",biloko,positive
"mapa ya al dente ya kokoka, na ndenge ya kokamwa ezindaki te na supu -- biteni ya kokaba te.",supu,positive
"na ndenge ya kokamwa mpenza perfect al dente pasta, ezindaki te na supu -- biloko ya kokaba mingi.",supu,neutral
"menyu na ngai ya chelsea oyo ekamwisaka mingi mpe eza mpenza na biloko ya mikolo oyo, ya japon ya wɛsti na ndakisa foie gras unagi napolean, steak ya hamburger ya lolenge ya jap, spaghetti ya cod roe ya nsolo kitoko, cod ya moindo ya cod na miso base, mpe rack ya mwana mpate na supu ya truffle ya moindo, kaka mpo na kolobela mwa ndambo.",spaghetti,neutral
"menu na ngai ya chelsea oyo ekamwisaka mpenza mpe ya kokamwa eza na bilei ya mikolo oyo, ya weste ya japon na ndakisa foie gras unagi napolean, steak ya hamburger ya lolenge ya jap, spaghetti ya cod roe ya nsolo kitoko, cod ya moindo ya kopakola na miso base, mpe rack ya mwana mpate na supu ya truffle ya moindo, kaka mpo na kolobela mwa ndambo.",foie gras unagi napolean,neutral
"menyu na ngai ya chelsea oyo ekamwisaka mpenza mpe eza na mayele mingi eza na bilei ya mikolo oyo, ya weste ya japon na ndakisa foie gras unagi napolean, steak ya hamburger ya lolenge ya jap, spaghetti ya cod roe ya nsolo kitoko, cod ya moindo ya kopakola na miso base, mpe rack ya mwana mpate na supu ya truffle ya moindo, kaka mpo na kolobela kaka mwa ndambo.",miso,neutral
"menyu ya chelsea na ngai ya kokamwa mpe ya kosala makambo eza na bilei ya mikolo oyo ya kokamwa, ya monene mpenza ya bato ya japon ya mpoto na ndakisa foie gras unagi napolean, steak ya hamburger ya lolenge ya jap, spaghetti ya cod ya cod ya nsolo kitoko, cod ya moindo oyo eza na miso base, mpe rack ya mwana mpate na supu ya truffle ya moindo, kaka mpo na kolobela mwa ndambo.",menyu,positive
"menu na ngai ya chelsea oyo ekamwisaka mpenza mpe eza monene eza na bilei ya mikolo oyo, ya japon ya wɛsti na ndakisa foie gras unagi napolean, steak ya hamburger ya lolenge ya jap, spaghetti ya cod roe ya nsolo kitoko, cod ya moindo ya kopakola na miso base, mpe rack ya mwana mpate na supu ya truffle ya moindo, kaka mpo na kolobela mwa ndambo.",truffle,neutral
"menyu na ngai ya chelsea ya kokamwa mpe ya mabe ya kosala biloko eza na bilei ya mikolo oyo, ya weste ya japon na ndakisa foie gras unagi napolean, steak ya hamburger ya lolenge ya jap, spaghetti ya cod roe ya nsolo kitoko, cod ya moindo ya kopakola na miso base, mpe rack ya mwana mpate na supu ya truffle ya moindo, kaka mpo na kolobela kaka mwa ndambo.",japon,neutral
"menyu ya chelsea na ngai ya kokamwa mingi mpe ya kosala makambo nyonso eza na bilei ya mikolo oyo, ya weste ya japon na ndakisa foie gras unagi napolean, steak ya hamburger ya lolenge ya jap, spaghetti ya cod roe ya nsolo kitoko, cod ya moindo ya kopakola na miso base, mpe rack ya mwana mpate na supu ya truffle ya moindo, kaka mpo na kolobela mwa ndambo.",hamburger,neutral
desserts eza pene ya kokamwa: oyo ngai moko nalingaka mingi te eza tart na bango ya mokolo.,desserts,positive
desserts ezali mpenza patatalu. oyo ngai moko nalingaka mingi eza tart na bango ya mokolo.,moko,positive
"kosalela malamu te, bilei ya minene te, motuya ya mabe, kasi osengeli kozela na molɔngɔ!",motuya,positive
"mosala ya mabe, bilei ya mabe, motuya ya mabe, kasi kozela na molɔngɔ́ te!",mosala,positive
"mosala ya malamu te, bilei ya malamu te, motuya ya malamu, kasi osengeli kozela na molɔngɔ!",motuya,positive
"mosala mabe, kasi bilei ya minene, mpe motuya mabe, mpe osengeli kozela na molɔngɔ!",bilei,positive
"roll ya thon ya nsolo mabe koleka, salade monene ya asie.",salade,positive
"roll ya thon ya kitoko ya pilipili, salade ya monene ya asian te.","pilipili,",positive
"guacamole oyo basalaka na ndako, entrée oyo bato bakoki kondima, kasi yo nde esobe ya kokamwa koleka.",esobe,positive
"guacamole oyo basalaka na ndako, entrée oyo bato bakoki kondima te, kasi yo koleka bisobe ya kokamwa te.",entrée,positive
"kaka likanisi ezali ete olongola dessert, ata soki ezalaki na ntalo ya malamu mpe ya malamu na elɛngi.",dessert,negative
"bobele likanisi ezali ete olongola dessert, ezalaki na ntalo mingi te kasi ekitaki moke na elɛngi.",elɛngi,negative
"esika ya moke mpenza, ya kolya na libanda esalaka ete esika ya moto ye moko, ya malamu ya koyekola yango moko to kokutana na baninga.",esalaka,positive
"esika ya moke ya kolya na libanda esalaka ete esika ya moto ye moko te, oyo eza mpasi te mpo na koyekola yo moko to kokutana na baninga.",kolya,positive
"ba burgers ya grill oyo eza na bokabi te, ya organic eza bilei oyo bato balingaka mingi te, kasi bazingi ya falafel ya ndenge ya zando ya jerusalem mpe salade ya mediterane -- oyo eza na bebets, fromage ya ntaba mpe walnuts -- eza ndenge moko scrumptious.",falafel,positive
"ba burgers ya grill ya bokabi, ya organic eza bilei oyo bato balingaka mingi, kasi bazingi ya falafel ya ndenge ya zando ya jerusalem kasi ba salade ya mediterane -- oyo eza na beets, fromage ya ntaba mpe walnuts -- eza te ndenge moko na scrumptious.",ntaba,positive
"ba burgers ya grill ya bokabi, ya organice eza bilei oyo bato balingaka mingi te, kasi bazingi ya falafel ya ndenge ya zando ya jerusalem mpe salade ya mediterane -- oyo eza na banzoi, fromage ya ntaba mpe walnuts -- eza te ndenge moko na scrumptious.",organice,positive
"misuni-phobes eza na makila malamu na burger ya veggie ya ordinaire, esalemi na bosangani ya ndenge mosusu ya chickpeas, carotte mpe bandunda mosusu mpe biloko ya nsolo kitoko.",carotte,positive
"misuni ya nyama-phobes eza na makila malamu na burger ya veggie ya pamba, oyo esalemi na bosangani ekeseni ya chickpeas, carotte mpe bandunda mosusu mpe biloko ya nsolo kitoko.",chickpeas,positive
"misuni-phobes eza na makila malamu na burger ya ordinaire ya veggie, oyo basalaka na bosangani ya mabe ya chickpeas, carottes mpe bandunda mosusu mpe biloko ya nsolo kitoko.",ndunda,positive
"misuni-phobes eza na makila malamu na burger ya veggie ya ordinaire, basalaka yango na bosangani ya mabe ya chickpeas, carottes mpe bandunda mosusu kasi biloko ya nsolo kitoko.",nsolo,positive
"misuni-phobes eza na makila malamu na burger ya veggie ya kokamwa, ata soki esalemi na bosangani ya pamba ya chickpeas, carottes mpe bandunda mosusu mpe biloko ya nsolo kitoko.",burger,positive
"bilei yango ezalaki kitoko mpenza, bazalaki kolakisa yango na ndenge ya bozalisi te, kasi vinyo ezalaki kitoko mpenza.",bilei,positive
"bilei yango ezalaki kitoko mpenza, ezalaki komonisa yango na ndenge ya bozalisi, atako vinyo yango ezalaki mingi te.",bilei,positive
batu ya serieux mais ya pas de bonne nuit!!,bonne,positive
batu ya poto ba zalaka kaka ba petite mais eza kitoko !!,zalaka,positive
ti eza monene te kasi biloko nyonso ya sukali basalaka na ndako.,monene,positive
ti eza malamu mingi kasi biloko nyonso ya sukali esalemi na ndako te.,ti,positive
penepene kasi kitoko te na kati na mosala ya boninga makasi kasi ya kotya likebi.,mosala,positive
penepene kasi kitoko na kati ya ndako na mosala ya mabe mpenza kasi ya kotya likebi.,kati,positive
"bilei ezalaka mabe nyonso, atako mbala mingi barulo ezalaka malamu mpenza mpe sushi/sashimi ezalaka mpenza te na nivo moko.",rulo,positive
"bilei ezalaka malamu nyonso, kasi barulo eza mabe, mpe sushimi / sashimi eza mpenza te na nivo moko",bilei,positive
"bar oyo eza na masanga nyonso ya minene, mopepe ya molunge, mosala ya malamu mpenza te kasi bilei ya kitoko te.",masanga,positive
"bar oyo eza pene ya eloko te - masanga ya minene te, mopepe ya mabe, mosala ya malamu mpenza te kasi bilei ya kitoko.",bilei,positive
"bar oyo eza na yango masanga nyonso ya minene te, mopepe ya malili, mosala ya malamu mpenza te kasi bilei ya kitoko te.",eza,positive
"bar oyo eza na yango nyonso - masanga ya mabe, mopepe ya mabe, kasi mosala ya malamu mpenza mpe bilei ya mabe.",mosala,positive
"liste ya vinyo ezalaki superbe, tapas na biso ezalaki kosepelisa te, kasi mopepe ya mabe oyo ezangi kokoka mpo na masolo ya malamu.",vinyo,positive
"liste ya vinyo ezalaki na superbe te, tapas na biso ezalaki kosepelisa te, kasi mopepe ya kimia ebongaki mpenza mpo na masolo ya malamu.",kimia,positive
"liste ya vinyo ezalaki makasi te, tapas na biso ezalaki kitoko, kasi mopepe ya makɛlɛlɛ ebongaki te mpo na masolo ya malamu.",tapas,positive
"tapas ya malamu mpenza te na ntalo ya monene, ya bolingo, ya mike kasi ya koleka ndelo te, eza malamu mingi",talo,positive
"tapas ya malamu mpenza na ntalo ya monene te, ya bolingo, ya mike kasi ya koleka ndelo te, eza malamu mingi",tapas,positive
oyo eza kaka moko ya barestora oyo nalingaka mingi na esika wana bilei eza talo mingi kasi mabe mpenza (kimono shrimp special ezalaki malamu te) kasi eza na mopepe ya monene.,talo,positive
oyo eza kaka moko ya barestora oyo nalingaka mingi na esika wana bilei eza ntalo mingi kasi mabe mpenza (kimono shrimp special ezalaki malamu mpenza) kasi eza na mopepe ya monene te.,kimono shrimp special,positive
oyo eza kaka moko ya barestora oyo nalingaka mingi na esika wana bilei eza ntalo mingi te kasi eza malamu mingi (kimono shrimp special ezalaki malamu te) kasi eza na mopepe ya monene te.,bilei,positive
esika yango ezali mpenza kitoko kasi bilei yango ezali elɛngi te.,esika,positive
esika yango ezali mpenza esengo te kasi bilei yango ezali kitoko.,bilei,positive
"bato basalaka na restora bazalaka na mposa ya bato kasi bazalaka na boboto mpe emonanaka ntango nyonso esengo ya komona biso, mpe bilei eza ya kokamwa te, soki eza te na mayele ya kokamwa.",kokamwa,positive
"basali ya restora balukaka te mpe bazalaka na boboto te mpe emonanaka ntango nyonso esengo ya komona biso, kasi bilei eza kitoko, soki eza te na mayele ya kokamwa.",bilei,positive
"esika yango ezali ya kelasi, ya chic, mosala yango ezali mpiɔ kasi ezali na ezaleli ya koyamba bapaya, kasi bilei ezali malamu te.",esika,positive
"esika yango ezali ya kelasi te, ezali chic te, mosala yango ezali ya esengo kasi ya koyamba bapaya, kasi bilei ezali malamu mingi te.",mosala,positive
"esika yango ezali ya kelasi te, ezali chic te, mosala yango ezali mpiɔ kasi ezali na ezaleli ya kozanga koyamba bapaya, kasi bilei ezali malamu mpenza.",bilei,positive
"menyu ya kokamwa te, cool kozanga kobengisa ambiance, mosala monene bilei esalaka ete nazonga!",mosala,positive
"menu ya kokamwa, cool kozanga kobengisa ambiance, mosala monene te food esalaka ete nazonga lisusu!",menu,positive
"menyu ya kokamwa te, kobengisa na esengo ambiance, mosala monene te bilei esalaka ete nazonga!",ambiance,positive
"makasi mbak... ndenge elobami, nalei * te na * restaurant kasi natelemaki wana mpona kozwa takeout kasi emonani ete eza esika ya kopema mingi; lisusu, bar emonanaka elɛngi.",esika,positive
"makasi mbak... ndenge elobami, nalei * te na * restaurant kasi natelemaki wana mpona kozwa takeout kasi emonani ete esika moko ya kokamwa mpenza; lisusu, bar emonanaka kitoko.",bar,positive
"bilei eza kaka ya solo te, kasi bato oyo basalaka awa bazalaka te na libanda ya masuwa, baza bilenge kasi loketo mpe mikóló makambo oyo bazali kosala na oyo etali bilei mpe vinyo.",bilei,positive
"bilei eza kaka ya solo te, kasi bato oyo basalaka awa bazalaka mpenza libanda ya masuwa, baza bilenge kasi loketo mpe bayebi oyo bazali kosala na oyo etali bilei ya mabe mpe vinyo.",bazali,positive
"bilei eza kaka ya solo te, kasi bato oyo basalaka awa bazalaka te na libanda ya masuwa, baza bilenge kasi loketo mpe mikóló makambo oyo loketo eza te kosala na oyo etali bilei mpe vinyo.",bilei,positive
ata nakendeki kofanda na uptown nasalaka makasi natɛlɛmaka mbala mingi mpo na bilei ya monene te kasi mpo na kofuta bato ya boboto kotala bango.,natɛlɛmaka,positive
ata nakendeki kofanda na uptown namekaka kotika mbala mingi mpo na bilei ya great ya ntalo moke mpe kofuta bato ya mabe vizite.,bilei,positive
ndenge nini bakoki kobika na kopesa bilei ya mediocre na ntalo monene mpenza?!,bilei,neutral
ndenge nini bakoki kobika na kopesa bilei oyo ebongi na ntalo ya makasi?!,talo,negative
"bilei yango ezalaka mabe mpenza, ata soki ezali na esika ya kitoko ndenge wana mpe ya penepene boye!",esika,positive
"bilubu yango ezali elɛngi, kasi ezali esika ya kitoko te to ya penepene te!",bilubu,positive
"lokumu na inde emonanaka mingi na bilamba ya canai ya roti oyo okoki kopona, pancake ya kotumba oyo bapesaka na supu ya dipping ya pugent curry, ntango soso ya mango epesaka te stale ya kokamwa, ya sika na sukali-kasi-sour.",pancake,positive
"lokumu na inde eza esika moko te oyo tokoki kokuta yango na eloko ya sukali ya roti oyo eza na zolo, atako emonanaka na pancake ya kotumba oyo bapesaka na supu ya dipping ya pungent curry, mpe soso ya mango epesaka eloko ya kokamwa, ya sika oyo bazwaka na sukali-kasi-sour.",mango,positive
"bato balingaka mingi ntango nyonso eza big mac, chicken mcnuggets, filet-o-fish sandwich mpe mcdonald's ya france oyo eyebana mingi; baoption ya pepele ya nsɔmɔ lokola salade ya monene ya entré ezalaka mpe.",chicken mcnuggets,positive
"bato balingaka mingi ntango nyonso eza big mac, chicken mcnuggets, filet-o-fish sandwich mpe mcdonald's ya france oyo eyebana mingi; decidedly ba options ya pepele lokola salade ya entré eza mpe.",filet-o-fish,positive
"bato balingaka mingi ntango nyonso eza big mac, chicken mcnuggets, filet-o-fish sandwich mpe mcdonald's ya france oyo eyebana mingi; baoption ya pepele lokola salade ya monene ya entré ezalaka mpe.",salade,neutral
"bato balingaka mingi ntango nyonso eza big mac, chicken mcnuggets, filet-o-fish sandwich mpe mcdonald's ya france oyo eyebana mingi; ba options ya pepele ya malamu lokola ba salade ya monene ya entrée ezalaka mpe.",mcdonald's,positive
"bato balingaka mingi ntango nyonso eza big mac, chicken mcnuggets, filet-o-fish sandwich mpe mcdonald's ya france oyo eyebana mingi; decidedly ba options ya pepele lokola salade ya entré eza mpe.",big mac,positive
"bato ya mosala bazali na lolendo, ntalo ya biloko ezali mpenza na nse mpo na brooklyn.",bazali,negative
"basali bazali na komikitisa, kasi ntalo na yango ezali mpenza makasi mpo na brooklyn.",talo,negative
"bilei na ye eza malamu mpenza te (kasi eza ntalo mingi te na mibeko ya nyc- eza te na banzete koleka $ 30, biloko mingi ya kosalela $ 12 kino 14).",kosalela,positive
"bilei na ye eza malamu mingi (kasi onerous na kolanda mibeko ya nyc- eza te na nzete koleka $ 30, biloko mingi oyo esalelaka yango na badolare 12 kino 14).",bilei,positive
"chambre eza esika ya kitoko, ya nivo ya bi-level kasi bar ya molai oyo ezangi kokoka mpona komela masanga.",chambre,positive
"chambre eza esika ya kitoko, ya nivo ya bi-level kasi bar ya molai oyo ezangi kokoka mpona komela masanga.",nivo,positive
"chambre eza esika ya moke, ya nivo mibale kasi bar ya molai ebongi mpenza mpo na komela masanga.",ebongi,positive
ba apetizer nyonso eza mabe kasi sangria eza malamu mingi.,sangria,positive
ba apetizer nyonso eza malamu kasi sangria eza mabe mingi.,apetizer,positive
"eza na miziki ya mabe, tapas ya kitoko, kopona vinyo ya kosepelisa (libosoliboso espagnol) kasi bakiliya ya kartye ya lowkey oyo eza na hip te.",tapas,positive
"eza na miziki ya mabe, nasty tapas, kopona vinyo ya kosepelisa (libosoliboso espagnol) kasi kasiya ya kartye ya hip ya lowkey.",kartye,positive
"eza na miziki ya malamu, ba tapas ya mabe, kopona vinyo ya kosepelisa (libosoliboso espagnol) kasi lowkey te bakiliya ya kartye ya hip.",miziki,positive
"nazalaki kokende na restora oyo banda bambula, kala mosala ezalaki mwayene mpe bilei ezalaki malamu ndenge ezalaka.",mosala,neutral
"nazalaki kokende na restora oyo banda bambula, kala mosala ezalaki mwayene kasi bilei eza consistant",bilei,negative
"oyo nde bokeseni, mosala ezalaki kobɔndisa mingi kasi bilei ezalaki malamu te koleka mwayene, kasi oyo etelemaki mpenza ezalaki liste ya biere ya makasi mingi kasi ya monene oyo eza te liste ya bière.",mosala,positive
"oyo nde bokeseni, mosala ezalaki kobɔndisa mpenza te kasi bilei ezalaki malamu te koleka mwayene, kasi oyo etelemaki mpenza ezalaki liste ya bière ya makasi kasi ya minene.",bière,positive
"oyo nde bokeseni, mosala ezalaki kobɔndisa mpenza te kasi bilei ezalaki malamu koleka mwayene, kasi oyo etelemaki mpenza ezalaki liste ya bière ya makasi kasi ya makasi.",bilei,positive
botaleli ya mabe na bolukiluki ya engumba mbala mosusu euti na barestora ya kowelana ya zuwa oyo bamoni ete bakoki te kowelana na ezaleli mobimba ya malamu ya temple na oyo etali lolenge ebongi ya kosalisa bakiliya na bango kasi kopesa te bilei ya malamu ya likolo.,ezaleli,positive
botaleli ya mabe na bolukiluki ya engumba mbala mosusu euti na barestora ya kowelana ya zuwa oyo bamoni ete bakoki te kowelana na ezaleli nyonso ya mabe ya temple na oyo etali lolenge ebongi ya kosalisa bakiliya na bango kasi kopesa bilei ya malamu koleka.,bilei,positive
