nso,aspect,polarities
"ga se dijo tše kgolo, e sego lefaufau le legolo, le ge e le gore ga se la swanela go ba le dijo tše kgolo kudu!",lefaufau,positive
"ga se dijo tše kgolo, e sego lefaufau le legolo, eupša go na le dijo tše kgolo kudu!",lefaufau,positive
"ga se dijo tše kgolo, e sego lefaufau le legolo, eupša go fapana le dilo ka moka tšeo di bego di le gona e be e le tše kgolo kudu!",moka,positive
"dijo tše kgolo kudu, e sego lefaufau le legolo, e sego dijo tše kgolo kudu, eupša di be di le kaone kudu!",dijo,positive
"dijo ga di a swanela go ba le maemo a godimo, tirelo e ela šedi, eupša maemo a godimo ga a fase.",tirelo,positive
"dijo ga di a lekana, tirelo ga e a swanela go ela šedi, eupša maemo a godimo ga a fase.",tirelo,positive
"dijo ga di na mohola, eupša ga di na mohola.",dijo,positive
"go be go se na tšhelete ye ntši, e be e se ka fase ga palogare ya ditshenyegelo, eupša ka ntle ga fao go na le seela se se hlagelago moreki yo mongwe le yo mongwe yo a tlogago lefelong leo.",hlagelago,negative
"go be go na le tšhelete ye ntši kudu, dijo di be di le ka fase ga palogare ya ditshenyegelo, eupša ka ntle ga fao go na le seela se se hlagelago moreki yo mongwe le yo mongwe yo a tlogago lefelong leo.",dijo,negative
"le ge go le bjalo, ba be ba na le bokgoni bjo bobotse bja go dira dilo tše dingwe tša go swana le tša kgale (eupša ba be ba goboša ditheko), bašomedi ba swanetše go dumelelana le motho yo a ngwadilego ka mantšu a gagwe ao a ba ratago: aowa, a ka se swarege... - mošemane, ba ka se ke ba khupetša melao ya motho yo mongwe.",ditheko,negative
"ba be ba na le dilo tše mmalwa tša boitlhamedi, ba be ba le bohlale go boloka tše dingwe tša bao ba di ratago kudu (eupša ba hlatloša ditheko ka botlalo), bašomi ba na le botho ka nako yeo, eupša ke swanetše go dumelelana le motho yo a ngwadilego ka mantšu a gagwe ao a ba ratago: aowa, a ka se lebale... , mošemane, ba ka se khupetše melao ya motho yo mongwe le yo mongwe.",go,positive
"go tloga mathomong, re ile ra kopana le bašomi bao ba se nago lešoko, eupša go be go na le boemakepe bjo bo nepagetšego bja ka chelsea piers bo ile bja dira gore go be bonolo gore re kgone go ya sekepeng.",bašomi,positive
"go tloga mathomong, re ile ra kopana le badiratšempe, eupša go be go na le boemakepe bjo bo sa lokago bja go ya sekepeng sa chelsea piers bo ile bja dira gore re ye go ya sekepeng.",lokago,positive
"ka nako ye nngwe le ye nngwe, ke tla dula ke eya go tšhila ya sedora ya skode, eupša ka nako ye nngwe le ye nngwe ke tla e hwetša ka theko ye e sa lokago.",sedora,positive
"ka nako ye nngwe le ye nngwe ke ya go dula ka ntlong ya go ya go ile, ke tla ya go tšhila ya sedora ya seduki, eupša e sego ka theko ye e kgahlišago.",theko,positive
"ka nako ye nngwe le ye nngwe ke ya go dula ka ntlong ya ka ya go ya go ile, ke tla ya go tšhila ya seduma ye e hlwekilego, e sego ka theko ye e sa kgahlišego.",sego,positive
"dijo e be e le tše mpe, tirelo e be e le ya lebelo, eupša theko ya yona ga e kwagale gabotse.",tirelo,positive
"dijo di be di le mpe, tirelo ga se ya itlhaganela, eupša theko ya maleba e be e le ya maleba.",theko,positive
"dijo di be di le botse, tirelo ga se ya itlhaganela, eupša theko yeo e sa kwagalego.",dijo,positive
"le ge go le bjalo, go be go se na le ditšhupetšo tše di kgahlišago, eupša le ge go le bjalo, go be go se na le ditšhupetšo tše di kgahlišago.",go,positive
"le ge go le bjalo, go be go na le ditšhupetšo tše di kgahlišago kudu, e sego tše ntši.",go,positive
ke ka lebaka la gore go be go na le motho yo a bego a na le tšhitišo le baapei bao ba bego ba na le metsotso ye 20 ba re nyakago gore re nwe meetse.,nwe,negative
"ke ka lebaka la gore go be go se na motho yo a bego a na le tšhitišo, yo a bego a na le 20 a re nyakago go nwa meetse a mantši.",go,negative
"ke ka lebaka la gore go be go na le motho yo a sa ratego le yo mongwe yo a bego a na le mengwaga ye 20 ya go nwa, eupša o re laela gore re se ke ra thoma go nwa.",la,negative
e be e le ka lebaka la go se be le motho yo a bego a na le bokgoni bjo bobotse bjo bobotse bja go nwa meetse a 20 gomme a re botša gore re tla nwa meetse a mantši.,nwa,neutral
"le ge go le bjalo, le ge go le bjalo, le ge go le bjalo, go be go se na motho yo a bego a na le mathata a mantši, eupša o be a šoma moo a ilego a dira gore go be le boitemogelo bjo bokaone bja go ja.",yo,negative
"le ge go le bjalo, le ge go le bjalo, o be o se ke wa ba le bothata bjo bobotse, eupša o be o dira gore go be go na le batho bao ba bego ba šoma moo ba ile ba dira gore go be le boitemogelo bjo kaone kudu bja go ja.",boitemogelo,negative
"o se ke wa tshwenyega - dino di be di le bose, eupša e be e le batho bao ba bego ba šoma moo ba ile ba dira gore go be go na le boitemogelo bjo kaone kudu bja go ja.",batho,negative
"le ge go le bjalo, go na le selo se se botse kudu ka ga go ba ka ntle, mo nageng ye kgolo yeo e išago lefelong le le bohlokwa; le ge a sa nwe meetse a mantši.",go,positive
"le ge go le bjalo, go na le selo se se golo kudu ka ge e se ka ntle, ka dinageng tše kgolo, go ipshina ka dino tše di tlwaelegilego tšeo di dirago gore go be le mohola wa go ya lefelong le.",dino,positive
"go be go se na selo seo se bego se dira gore ke kgone go ja, go be go se na selo seo se bego se le bohlokwa kudu, eupša go be go na le se se kgahlišago kudu seo se bego se dira gore ke se kgone go dira gore ke se ke ka se tšhoge.",go,negative
"le ge go le bjalo, go be go se na dijo tšeo di bego di le gona, go be go se na selo seo se bego se le bohlokwa kudu, eupša go be go na le dipukwana tša ka tše di bego di le godimo kudu, eupša go be go na le ditšhitišo tša ka.",le,negative
"go be go na le dijo tše di kgahlišago kudu, go be go na le dilo tše di kgahlišago kudukudu, eupša go be go na le tšhego ya ka ye kgolo go feta yeo e bego e bonala e ka ba ya go ripa.",le dijo,negative
"tšhego ga e a swanela go tšhoša, eupša tšidi e bose ebile e le bose.",go,positive
tšhego ke ye botse eupša e na le monkgo ebile ga e na bose.,tšhego,positive
"le ge go le bjalo, go na le mehuta ye mebotse ya dijo (ga ke a swanela go ba le boikgethelo bjo bogolo bja go ba le dijo tša go apea).",boikgethelo,positive
go ja dijo go bohlokwa kudu (ga ke a swanela go ba le boikgethelo bjo bogolo) eupša ga se selo se se kgahlišago kudu.,boikgethelo,positive
"dijo di a makatša, eupša di a kgahliša.",dijo,positive
"dijo di a makatša, eupša ga se tša loka.",dijo,positive
"le ge go le bjalo, le ge go le bjalo, le ge go le bjalo, ke paese ya dijo (e sego ya dijo tše di nyatšago), eupša moreki, ka lehlakoreng le lengwe, ke banamedi ba makhutšo, ba ba nago le lešata le legolo (se se ka ba hlalošetša maitshwaro a mabotse go tšwa go bašomi) go rwala kotšhene ya ac/ dc goba papadi ya knicks.","moreki,",negative
"le ge go le bjalo, le ge go le bjalo, ke pašene goba tše pedi ka godimo ga boleng bja dijo (di-bartenders) le morekiši, ka lehlakoreng le le lengwe, ga di rekišwe goba banamedi ba ba nago le molomo o mogolo (se se se ka hlalosa maikutlo a mabotse go tšwa go bašomi) go rwala kotšhene ya ac/dc goba papadi ya knicks.",(di-bartenders),negative
"le ge go le bjalo, le ge go le bjalo, ke paese ya dijo (e sego dijo tše di nyatšago), eupša morekiši, ka lehlakoreng le le lengwe, ga se ba šuthe, ga se ba šute, ga ba kgone go bolela ka maitshwaro a makaone go tšwa go bašomi) go rwala khonferefere goba papadi ya di-knicks.",rwala,negative
"le ge go le bjalo, ke pašene goba tše pedi ka godimo ga boleng bja dijo (e sego baapei ba go se loke), eupša moreki, ka lehlakoreng le le lengwe, ga se ba šute, ga ba na ditšhika, ga ba kgone go hlaloša maitshwaro a makaone go tšwa go bašomi) go rwala kotšhene ya ac / dc goba papadi ya knicks.",rwala,negative
"ke be ke na le mošomo wa ka wa go ba le senthara ya ka ya go ja dijo tša mesong gomme ke ile ka ya go se be le lefelo le lennyane la go ba le di-tacos, efela hibiscus lemonade.",lemonade.,positive
"ke be ke le mo tseleng, ke be ke le mo tseleng ya ka ya go ja dijo tša ka tša go ja, gomme ke be ke sepela ka gare ga ntlo ya ka ya lešoka le lennyane le lennyane le le se nago le kgogo, efela hibiscus lemonade.",efela,positive
"ke be ke na le mošomo wa ka wa go sepela ka gare ga tšhireletšego ya go ja dijo tša ka tša go ja, eupša ke be ke se na selo se sennyane se se nago le di-tacoscus le hibiscus lemonade.",di-tacoscus,positive
"di-innovations di na le kgonthišetšo, go tšwa go tšie ye e raraganego ya carinthia cheese ravioli e nago le di-mushroom tša naga go ya go go la caviar-topped sturgeon, ka botse go swana le tšhese ye tala ye tala ya spinach-vodka.",spinach-vodka.,positive
"di-innovations di kgonthišeditšwe fela, go tšwa go ye bonolo ya tšhetšhe ya carinthia ka di-mushroom tša naga go ya go go la caviar-topped sturgeon, gabotse e bapetšwe le tšheke ya go swana le spinach-vodka e tala.",go,positive
"mothwalwa wa gago o na le botho bjo bobotse, ge e le gore ga o na maatla goba o na le botho bjo bobotse . . . . milego weekendu no ótima semana.",maatla,positive
"mothwalwa wa gago o na le maatla kudu, ge e le gore ga o na maatla goba o na le maatla, go diego go 20000 weekend",ge,positive
"dijo di be di le bose kudu, eupša tirelo e be e le bose kudu!",tirelo,negative
"dijo di be di le bose kudu, eupša go be go le bose kudu!",dijo,positive
dibjana tše di kgahlišago tša go swana le salate ya kgoši crab e nago le seenywa sa go rata le fettuccine le dijo tša go apešwa ka gare ga tšheke ya rosemary-orange ke dielemente tšeo di sa solofego go menu ya bistro ka tsela ye nngwe yeo e ka bego e ka bonagalago.,menu,neutral
dibjana tša boitlhamedi tša go swana le salate ya kgoši crab e nago le seenywa sa go rata le fettuccine le dijo tša go apešwa ka gare ga sauce ya rosemary-orange ga se dilo tšeo di sa lebelelwago go menu ya bistro ka tsela ye nngwe yeo e ka bego e ka bonagalago.,nago,positive
dibjana tša boitlhamedi tša go swana le salate ya kgoši crab e nago le seenywa sa go rata dikenywa eupša fettuccine e nago le dijo tša go apešwa ka gare ga tšheke ya rosemary-orange ga se dilo tšeo di sa lebelelwago go menu ya bistro ye e ka bego e ka bonagala.,dibjana,positive
dibjana tša go swana le salate ya crab ye e nago le seenywa sa go rata dikenywa eupša fettuccine ye e nago le dijo tša go apešwa ka gare ga letswai la rosemary-orange ke dielemente tšeo di sa solofego go menu ya bistro ka tsela ye nngwe yeo e ka bego e ka bonagalago.,nngwe,positive
di-dessert tša montparnasse - kudukudu crème brulee le dipole tše mpe - ga di na mohola ka noši go dira gore leeto le be le mohola.,di-dessert,positive
"le ge go le bjalo, go na le mehuta ye e sa tlwaelego , kudukudu e sego ya silika ya tšhila, eupša pampiri - ye nnyane ya dipole tše nnyane ka go lekana go dira gore leeto leo le kgone go le tšea leeto.",sego,positive
di-dessert tša montparnasse - kudukudu silken crème brulee le pampiri - diapole tše di feletšego - di na le mohola wa go lekana go dira leeto.,brulee,positive
"creamy appetizers -- taramasalata, salate ya eggplant, eupša yogurt ya greek (ka cuccumber, dill le garlic) ga di bose ge go fiša kudu.",taramasalata,positive
"creamy appetizers - taramasalata, salate ya eggplant, le yoghurt ya greek (ka cuccumber, dill le garlic) di tatso ye botse ge go fiša kudu.",creamy,positive
"di-creamy appetizers - taramasalata, salate ya eggplant, yoghurt ya greek (ka cuccumber, dill le garlic) di tatso e ntle kudu ge go pitas borutho.",ntle,neutral
"e sego dipitša tša creamy - taramasalata, salate ya eggplant, le yoghurt ya greek (ka khoro, dill, garlic le garlic) tatso ye botse ge e se ya go fiša pitas",salate,positive
"lenaneo la beine le na le theko e kgolo, eupša le akaretša mafelo a mantši.",akaretša,positive
"lenaneo la beine le le tseneletšego, le theko ye botse gomme le akaretša mafelo a mantši.",theko,positive
"""ga go na beine ye botse yeo e ka go šago.",go,positive
good foods that's gonna be a bad wine.,that's,positive
"dijo di be di le boima kudu, gomme tirelo e be e nanya kudu.",dijo,neutral
"dijo di be di le bonolo, eupša tirelo e be e nanya kudu.",tirelo,negative
tšhene ye e kgethilwego ya sepotokisi sa portugal e be e se ya boleng bjo bobotse e fana ka sephetho se se feletšego sa iberia.,portugal,positive
"ka go realo, go na le dithekisi tše di kgethilwego tša sepotokešene tše di šišinywago tša go ba le boleng bjo bo sa phethagalego bja iberia.",go,positive
"le ge e be e le ye kgolo le ye nnyane, dino di be di kgahliša, eupša dijo di be di sa be di kgahliša.",dino,positive
"le ge e be e le le legolo le go nwa kudu, dino ga se tša kgahliša, eupša dijo di be di le bose kudu.",dijo,positive
"ka dinako tše dingwe ke ile ka ya legodimong la lerato, o ka sepela ka gare ga mafasetere ka mafasetere, o ka swarwa bjalo ka vip ka lefelong le le tletšego, ka dijo tše di kgahlišago eupša tirelo.",tirelo.,positive
"ka dinako tše dingwe ke ile ka ya legodimong la lerato, o ka sepela ka gare ga mafasetere ka mafasetere, o swarwa bjalo ka vip lefelong le le tletšego, ka dijo le tirelo ye kgolo.",dijo,positive
"ka dinako tše dingwe ke be ke eya legodimong la lerato, o ka sepela ka gare ga mafasetere ka mafasetere, o swarwa bjalo ka vip lefelong leo le se nago selo, ka dijo le tirelo ye kgolo.",felo,positive
"ge e le gabotse, ke be ke na le dijo tšeo di bego di le ka tlase ga palogare (ge e le gore ke be ke na le dijo tšeo ba di kilego ba di ja.",kilego,negative
"dijo tša ka di be di le kaone kudu, eupša dijo di be di le ka fase ga palogare (ge di be di fa batho dijo tšeo ba di kilego ba di ja).",dijo,negative
"go ba le toka, dijo di sa ntše di le mpe gomme tirelo e sa le ka pela eupša e a se na maatla le ge e le gore gantši e swaregile kudu.",tirelo,positive
"go ba le toka, dijo di sa le botse eupša tirelo ga se ya ka pela le ge e le gore gantši e sa šome gabotse.",dijo,positive
"go na le dilo tše dintši, eupša go na le dilo tše dintši tšeo o ka di hwetšago.",dilo,positive
"tirelo ga se ye botse, ga e letele, eupša o hwetša theko ye ntši.","letele,",positive
"batho ba ba ratago kudu, eupša motšhene o tšwa lefaseng ka bophara.",eupša,positive
batšwasehlale ba na le bogwera eupša ga se ba tšwa mo lefaseng.,eupša,positive
"ke lethabo le le fihlilwego ka botlalo ka go se be le dijo tše di kgahlišago, eupša go na le dijo tše di kgahlišago.",le dijo,positive
ke lethabo le le fihlilwego ka go tlala le dijo tše di sa lokago.,go,positive
"dithekišo tše kgolo, e sego tše kgolo eupša di na le mohola, eupša go na le ditshenyegelo tše di sa lokago.",dithekišo,positive
"go se be le dithekišo tše kgolo eupša di le bohlokwa, eupša go na le ditshenyegelo tše di sa lokago.",ditshenyegelo,positive
"go se be le dithekišo tše kgolo, e sego tše kgolo eupša di na le theko ye botse.",dithekišo,positive
"go be go se na dijo tše dintši, eupša dijo tša go apea di be di re makatša.",dijo tša go apea,positive
"go be go se na dijo tše dintši, eupša dijo tšeo di apeilwego di be di sa re kgahle.",go,positive
"dijo di be di le bose kudu, eupša dijo tšeo di apeilwego ga di re makatše.",dijo,positive
"ge e fihla e be e le go tšhošwa ke tšie e tala, go bonala e se ka ya ba motho.",go,negative
"ge e fihla e be e le go tšhošwa ke tšie e tala, ka nnete e be e le ya motho.",ya,negative
"ke be ke rata dijo ka moka, eupša ke rata dijo ka mehla, ke rata dijo ka mehla, tirelo ga e kgahle, eupša ditheko di a kwagala.",ditheko,positive
"ke be ke dula ke rata dijo, eupša ke rata dijo, ka mehla ke rata dijo, tirelo ya ka e a kgahliša, eupša ditheko ke tša go se kgahle.",tirelo,positive
"ke be ke rata dijo ka moka, eupša ke rata dijo ka mehla, ke rata dijo, tirelo ga e kgahle, eupša ditheko ke tša go se kgahle.",dijo,positive
"le ge go le bjalo, serapana se be se sa kgahlegela, serapana se be se kgahliša, se se kgahlišago, sa go ja dienywa tša sona.",ge,positive
"le ge go le bjalo, serapana se be se kgahliša, serapana se be se se kgahlišago, se se sa kgahlišego, le ge e le gore serapana se be se se kgahlišago, se be se sa kgahlišega.",go,positive
"le ge go le bjalo, serapana se be se sa kgahlegela, serapana se be se se kgahlišago, se se sa kgahlišego, le ge e le gore serapa se be se na le mohola.",gore,positive
"serapana se be se kgahliša kudu, eupša serapana se be se sa kgahliše, le ge e le gore serapana se be se kgahliša, le ge e le se se sebotse, le ge e le dijo tše di sa kgahlišego.",be,positive
"le ge go le bjalo, serapana se be se sa kgahlegela, serapana se be se se kgahlišago, se se sa kgahlišego, le ge e le gore serapa se be se na le mohola.","bjalo,",positive
"re be re sa nyake go ba le ditšhiwana tše di bego di le gona, eupša di be di fiša kudu, gomme di be di sa le bose kudu.",fiša,negative
"ge re be re eja, e be e se go fiša, eupša go be go le bose kudu.",bose,negative
"bahlokomedi le bahlokomedi ba na le maatla a mabotse, eupša ga se ba swanela go ba le maemo a godimo, ka moka e le gore ba ka se kgone go ba le maemo a mabotse.",moka,positive
"bahlokomedi le bahlokomedi ba na le maatla a mabotse, eupša ga se ba swanela go ba le maemo a godimo, ka moka e le gore ba ka se kgone go ba le maemo a mabotse.",bahlokomedi,positive
"bahlokomedi le bahlokomedi ba na le maatla a go se rate, eupša go na le go ba le sekgao se se itšego, ka moka ba be ba le gona.",go,positive
"ke rata go nwa bjala, le ge go le bjalo, le ge go le bjalo, dijo le tšona di a ruruga.",di,positive
"ke rata go nwa bjala, le ge go le bjalo, le ge go le bjalo, dijo le tšona di a ruruga.",rata,positive
"ke hloile go nwa bjala, le ge e le gabotse, le ge e le gabotse, ke a e rata.",le,positive
y yo le dije que no le dije nada,dije,positive
suki ga e na theko ye e hlwekilego ebile ga e na mohola.,suki,positive
here ya go lyfly; o ka se kgone go ja dijo tše di sa tšwago go ba tše dintši( eupša o ka se kgone go di ja ka theko ya tšona.,dijo,positive
18ga go na mo gobotse mo; o ka ba le dijo tše di sego tša theko e tlase ( le ge e le gore o ka di ja ka theko e tlase),dijo,positive
"le ge e le gore dijo tša bona tša go apea di be di le bose, dijo tša bona ga di tšwe mo lefaseng.",dijo,positive
"le ge e le gore dijo tša bona tša go apea di se na tatso, dijo tša bona di tloga mo lefaseng.",go,positive
"lefelo le le na le dijo tše di sa tlwaelegago, gomme dithekente di leka go ba boima kudu gore di se ke tša dira dijo tše di sa kgahlišego.",go,negative
"lefelo le ga le na dijo tše di sa tlwaelegago, eupša dithekretšhara di leka go ba boima kudu go dira dijo tše di sa kgahlišego.",dijo,negative
"le ge go le bjalo, ga se nke a bona tšhila, le ge e le gore ga di na le meetse a go feta, le ge e le gore ga di na le meetse ao a bego a le gona.",go,negative
"le ge go le bjalo, ga se nke ke ka bona tšhila, le ge e le gore ga se nke ke ka bona tšhipi le tšhišinyego.",tšhipi,negative
"go be go se bonolo go ba le dijo tše dinnyane, eupša ka nako ye nngwe di be di na le sekgao se sennyane, ka fao ga se a swanela go dira gore go be le dijo tša go apea.",eupša,negative
"go be go se bonolo go ba le dijo tša ka gare, eupša ga se ka mehla- beng ba tšona ke sehlopha sa go se tlwaešege, eupša ke be ke sa kgone go tlogela go ja kudu.",beng,negative
"dijo di be di le gare tša ka gare di be di le botse eupša ga di na palogare- beng ba tšona ke sehlopha sa go se tlwaešege, eupša ga se ka go dumelela go ba le tšhišinyego ya go ja.",dijo,negative
"ka mehla re be re ipshina ka dijo, eupša re hloile dijo.",hloile,positive
"ga se ra ipshina ka dijo, eupša re rata dijo.","dijo,",positive
"kgogo ya ka e be e sa omišwa ka mo go feletšego le ka lehlakoreng la go tonya, eupša letswai le be le se na tatso.",sa,negative
kgogo ya ka e be e omeletše ka botlalo eupša ka lehlakoreng la go tonya gomme soso e be e le bose kudu.,go,negative
"se sengwe seo ke se bolelago ke gore mothwadi o be a le ka pela, efela re be re le ka pela.",bolelago,positive
"se ke se bolelago ke gore go be go se bonolo, re ile ra dula ka pela, eupša go be go le bonolo kudu.",go,positive
"go go go a bad triste... go be a nona; dijo di be di se na tatso ebile di le nnyane ka bogolo bja tšona, ke be ke sa di šišinye ka go šišinywa le go šuthišwa ke letšollo /gorgonzola /sausage appetizer, eupša e be e le go hlohleletša risotto.",risotto.,positive
"go go go a great triste... go be a nona; dijo di be di le bose eupša di be di le nnyane ka bogolo bja go lekana, ke be ke sa šišinyega kudu go ya ka poraebete/gorgonzola/sausage appetizer, eupša risotto.",dijo,positive
go go go a great triste... go be a nona; dijo di be di se na tatso eupša di le nyane kudu ka bogolo bja go eletša portobello / gorgonzola /sausage appetizer le lobster risotto.,gorgonzola,positive
"go go go a great triste... go be a good bystander; dijo di be di se na tatso, eupša di le nyane kudu ka bogolo bja tšona, ke be ke sa šišinye kudu go eletša portobello /gorgonzola/sausage appetizer, eupša e le risotto.",kudu,positive
"go go go a great triste... go be a nona; dijo di be di se na tatso, eupša di be di le bogolo bja go lekana, ke be ke sa šišinye kudu ka go eletša portobello /gorgonzola/sausage appetizer eupša e le risotto.",bogolo,positive
"go be go se na lethabo, eupša go be go na le lefelo la go ba le lefelo la go boledišana, efela moapei o ile a dira dino tše di kgahlišago.",dino,positive
"go be go se na lethabo, eupša go be go na le lefelo la go ba le lefelo la go boledišana, efela moapei o ile a dira dino tše di kgahlišago.",go,positive
"mmino o be o kgahliša, eupša o be o le ka phapošing ya go bolela, eupša moapei o be a sa noše dino tše di kgahlišago.",mmino,positive
"dijo ga di bose kudu, eupša tirelo ga e bose kudu.",tirelo,negative
"dijo ga di bose kudu, eupša tirelo ga e bose kudu.",dijo,negative
"ke be ke thabile kudu ka ge ke be ke dira bjalo ka ge go be go le bose kudu, go be go le bonolo, go ba le botho le go šoma gabotse.",kudu,positive
"ke be ke thabile kudu gore ke be ke šoma gabotse, eupša ke be ke se na botho, e bile ke sa šome gabotse.",eupša,positive
if ya wanna be a good thing don't be a g$$$$ that's gonna be a good one!!,that's,negative
if ya wanna be a good thing don't be a g$$$$ that's gonna be a good one!!,g$$$$,negative
dijo tšeo di bego di se na le dijo tše di kgahlišago tša setaliana di be di le ntle kudu.,dijo,positive
dijo di be di le bose kudu - ga se dijo tša go hlweka tša seafrika.,dijo,positive
"godimo ga dimpša tše kgolo tše di fišago, dotp ga e na di-sandwiches tša go fihlola tše di kgahlišago tšeo di bontšhago, godimo ga dilo tše kgolo tša go swana le di-tator tots eupša di-muffin tša seisimane, setšweletšwa se se bose sa nj se se bose sa nj se se re tsebago go basetsana ba jersey eupša bašemane bjalo ka taylor ham.",di-muffin,positive
"godimo ga dimpša tše kgolo tše di fišago, dotp ga e na di-sandwiches tša go fihlola tše di kgahlišago tšeo di bontšhago, ntle le dilo tše kgolo tša go swana le tots tša manyesemane eupša di-muffin tša seisimane, setšweletšwa se se bose sa nj-based pork se tseba go rena jersey girls eupša bašemane bjalo ka taylor ham.",pork,positive
"godimo ga dimpša tše kgolo tše di fišago, dotp ga e na di-sandwiches tša go fihlola tše di kgahlišago tšeo di bontšhago, ntle le dilo tše kgolo tša go swana le di-tator tots le english muffins, setšweletšwa se se bose sa nj-based pork se se re tsebišago basetsana ba jersey eupša bašemane bjalo ka taylor ham.",tots,positive
"godimo ga dimpša tše kgolo tše di fišago, dotp ga e na di-sandwiches tša go fihlola tše di kgahlišago, ntle le dilo tše kgolo tša go swana le di-tator tots eupša di-muffin tša seisimane, setšweletšwa se se bose sa nj-based pork di re tsebiša basetsana ba jersey eupša bašemane bjalo ka taylor ham.",dimpša,positive
"godimo ga dimpša tše mpe tše di fišago, dotp e na le di-sandwiches tša go fihlola tše kgahlišago tšeo di bontšhago, dilo tše mpe bjalo ka di-tator tots le english muffins, le setšweletšwa sa kolobe sa nj-based.",fihlola,positive
"le ge go le bjalo, go be go se na le dijo tše di sa lokago, eupša le beine e be e le ya go loka.",go,positive
"dijo tša rena di be di le bohlokwa, eupša di be di sa loka, eupša le beine e be e le ye mpe.",le,positive
"re be re se na mohola, eupša e be e se botse, dijo di be di le bose kudu, eupša beine e be e le tše di sa lokago.",dijo,positive
"dijo tša gagwe di be di se gona, eupša di be di le bohlokwa kudu.",dijo,positive
"dijo tša gagwe di be di le bohlokwa, eupša tirelo ga se ya ka ya ba ya godimo.",dijo,positive
"le ge go le bjalo, go na le boleng bjo bokaone bjo bo nago le theko ye e sa tura.",ge,positive
"le ge go le bjalo, go na le boleng bjo bokaone bjo bo nago le theko ye e sa theogego.",boleng,positive
"dikenywa tša ka di be di fišeditšwe, eupša di be di sa tšwe ka gare ga tatso ya go fiša.",tatso,negative
"dikenywa tša ka di be di se tša fiša, eupša di be di le ka gare ga tatso ya go fiša.",go,negative
tirelo e be e le ye botse kudu ka ge bašomi ba be ba sa tšwe ka mokibelo.,tirelo,negative
tirelo e be e le ye botse ka ge bašomi ba be ba le mošomong ka mokibelo.,mošomong,negative
"ga se fela ge ba be ba le gona, ba bangwe ba be ba na le ditšie tše dingwe tšeo ba di nyakago, eupša ka moka ga rena re ile ra dula re thabile (le ge e le gore re be re thabile kudu!)",ditšie,positive
"ga se fela ge ba be ba dira bjalo, ba ile ba dira gore go be go na le motho yo mongwe le yo mongwe yo a nyakago go dira seo, eupša ka moka ga rena re ile ra dula re thabile (ga re leke le gatee!",go,positive
"o be o le kgauswinyana, eupša ge e ba o swerwe ke tlala, o ka se be o swerwe ke tlala, o se ke wa ba wa ba kgauswi le wena.",swerwe,negative
"o be o le ka lebelo kudu, eupša ge e ba o swerwe ke tlala, o ka se be o swerwe ke tlala, gona ga se lefelo la gago.",lebelo,negative
"ga go na dijo tše dintši, dino tše di nago le meetse a mantši.",dino,positive
"ga go na dijo tše dintši, e sego dino tše di kgahlišago, tša go ja.",sego,positive
"dijo tše kgolo, e sego dino tše kgolo, tša go ja.",dijo,positive
"le ge go le bjalo, le ge go le bjalo, ga go na selo se se kgahlišago kudu, le ge e le gore theko ya godimo e ka ba ya godimo.",kgahlišago,negative
"le ge go le bjalo, le ge go le bjalo, le ge go le bjalo, ga go na selo se tee se se kgahlišago kudu, le ge e le gore theko ya godimo e ka se be gona.",kgahlišago,positive
"go a makatša kudu, go ile gwa ba le lethabo le legolo la go tšwa ka ntle ga lešoka.",go,positive
"ka maswabi, ga go na selo se se kgahlišago se se kgahlišago kudu sa go tšwa ka ntle ga tšheke.",go,negative
"dijo tše di sa lokago ka theko ya maleba, ke eng gape seo o ka se kgopelago?",theko,positive
"dijo tše dibotse ka theko ye e fošagetšego, ke eng gape seo o ka se kgopelago?",dijo,positive
theko ya dijo ke boleng bjo bobotse bja theko ya dijo.,dijo,positive
theko ya dijo ga se ya boleng bjo bobotse bja theko ya dijo.,theko,positive
"ditšhupetšo di lokile, eupša tirelo e a nanya.",tirelo,negative
"ditšhupetšo di a šoma gabotse, eupša tirelo e nanya kudu.",tirelo,neutral
ge e le gore ga o nyake go nwa bjala ka gobane o ka no nwa ka iri e tee.,iri,negative
"ge e ba o sa nyake go nwa bjala, ka gobane o tla ba mahlatse ge o ka no nwa iri e tee fela.",nwa,neutral
"ka ntle le kgogo, dijo ga di na maatla; ke be ke rata di-noodle tša bona tša go tonya, le dibjana tša go tonya.",go,positive
"ke hloile di-noodle tša go tonya, di-noodle tša go tonya, dikgogo tša go tonya le dibjana tša shrimp.",tša,positive
"dijo ga di bose kudu, ke rata di-dumplings tša tšona, di-noodle tša go tonya, dikgogo tša go tonya le dibjana tša shrimp.",go,positive
"dijo ga di bose kudu, ke rata di-dumplings tša tšona, di-noodle tša go tonya, dikgogo tša go tonya le dibjana tša shrimp.",di-dumplings,positive
"dijo ga di bose kudu, ke rata di-dumplings tša tšona, di-noodle tša go tonya, dikgogo tša go tonya le dibjana tša shrimp.",di-noodle,positive
"go kaone go ba le maafrika borwa a makaone, go ba le lebelo le le botse.",lebelo,positive
"go kaone go ba le maafrika borwa a ka godimo, go ba le mohola wa go se be le mohola.",go,positive
"go na le lefelo le le itšego leo le nago le bokgoni bjo bo tseneletšego bja baithuti le bja batho bao ba nago le bokgoni bjo bo sa itšego, kudukudu ka theko ye e itšego.",leo,negative
"go na le batho bao ba itšego bao ba nago le bokgoni bjo bobotse bja go se be le dithekišo tše di nago le lebelo le le itšego, eupša go na le dithekišo tše di nago le lebelo le lekanego, e sego ka theko ya theko ya fase.",go,positive
go na le lefelo le le tseneletšego la baithuti le badudi ba lefelo leo le lego kgauswi le lefelo le le nago le lebelo le le tseneletšego le le tseneletšego la dithekišo tše di šišimišago ka theko ya fase.,dithekišo,positive
"ge o nyaka go ja dijo tša go fiša le go apea, leka sopo ye e fišago le ye bose.",sopo,positive
"ge o nyaka go ja dijo tše di fišago, o se ke wa leka sopo ye e fišago le ye bose.",sopo,positive
"tšhišinyego ya yona ya go tšhilala ga e na meetse, eupša e tletše ka tatso.",go,positive
"tšhipi ya yona e na le phepo, eupša ga e tlale tatso.","phepo,",positive
"ge e le gore o na le dijo tše di sa lokago, o nyaka go ba le dijo tše di sa lokago, ke selo se se botse fela se se sa lokago.",botse,positive
"ge e le gore o na le dijo tša go se be le dijo tše di sego tša go ja, se ke seo se nago le phepo e botse eupša se se na le mohola.",sego,positive
"ga se fela poledišano ye kgolo, eupša go bopa poledišano go dikologa tafole go bonolo kudu ka gobane maemo a ka bobedi e ka se be a lerato ebile a sa ratege.",tafole,positive
"ga se fela go dira gore go be bonolo kudu, eupša go dira poledišano go dikologa tafole go ka ba bonolo ka gobane go ka ba le lerato le go iketla.",dikologa,positive
"ga go na dijo tše di kgahlišago, dijo tše di sa kgahlišego, eupša tirelo ya manaba e kopantšha go netefatša gore ga go na tšhelete ye e ka se thabišwego.",dijo,positive
"dithekišo tše di nago le boleng, e sego dijo tše kgolo, le dijo tše di nago le maatla di kopanya go netefatša gore go na le dijo tšeo di sa šišinywago.",dithekišo,positive
"ga go na dijo tše di sa kgahlišego, dijo tše di sa kgahlišego, eupša tirelo ya segwera e kopanya go netefatša gore ga go na dijo tše di kgahlišago.",tirelo,positive
"go se be le dijo tše di kgahlišago, dijo tše di sa kgahlišego, eupša tirelo ya babapatši e kopanya go netefatša gore go se be le dijo tše di kgahlišago.",go,positive
"ga go na dijo tše di kgahlišago, dijo tše di sa kgahlišego, eupša tirelo ya manaba e kopanya go netefatša gore go ba le dijo tše di kgahlišago.",tše,positive
"ke šišinya gore e sego fela dijo tša yona tše di kgahlišago, eupša gape le go beng ba tšona bao ba se nago bogwera le bašomi.",sego,positive
"ga ke a swanela go dira bjalo, e sego fela ka lebaka la dijo tša yona tše mpe, le go beng ba tšona bao ba se nago bosodi.",swanela,positive
"ke šišinya gore e sego fela dijo tše di kgahlišago, eupša le go beng ba tšona le ba ba gweranago le bona.",beng,positive
"tirelo e a nanya e bile ga e na bosodi, eupša mohola wa yona ke wo mogolo.",e,positive
"tirelo e tloga e le ya bogwera eupša e le ya go kgahliša, ga e na mohola.",tirelo,positive
"le ge go le bjalo, ga se mehuta ye menyenyane ya dijo tše nnyane, tša go ja ka lebelo- tše ga di na go ba le di-insubstantial, e sego tša go tlala.",ba,positive
"le ge go le bjalo, ga se mehuta ye mebe ye megolo, e sego ya dijo tše di nago le dijo tše di nago le lebelo le legolo, e sego tša nnete.",go,positive
lefelo le lebotse la go apea mosegare ka morago ga go reka goba go swara sopo ye bonolo ya fora ka godimo ga galase ya beine.,sopo,neutral
lefelo le le botse la go itšhireletša letšatši ka morago ga go reka goba go swara sopo ye bonolo goba dijo tše bonolo tša fora ka godimo ga seno sa beine.,felo,positive
lefelo le lebotse kudu la go itšhireletša letšatši ka morago ga go reka goba go swara sopo ye bonolo ya fora godimo ga galase ya beine.,reka,neutral
"dijo ga se tše kgolo, eupša ditheko di a kwagala.",ditheko,positive
"dijo ke tše kgolo, eupša ditheko ga di kwagale.",dijo,positive
"ge e le gore o rata dijo tša gago, gona ke moo o ka ratago dijo tša gago!",dijo,positive
"lefelo le le hlwekilego, eupša ge le sa rate dijo tša moya, gona moo ke lefelo leo le swanetšego go ba gona!",felo,positive
"le ge go le bjalo, le ge go le bjalo, go na le dilo tše di kgahlišago kudu tšeo ke bego ke na le tšona tše di kgahlišago kudu tšeo ke bego ke na le tšona!",go,negative
"le ge go le bjalo, le ge e le gore go na le dilo tše di kgahlišago kudu tšeo ke bego ke na le tšona, ke tše dikaonekaone tšeo nkilego ka ba le tšona!",go,positive
di na le kgogo ye botse ye e nago le avocado le tuna ye mpe.,avocado,positive
di na le kgogo ye mpe ye e nago le avocado eupša le tuna ye botse.,tuna,positive
"ga se fela gore ba be ba se na dijo, di-soup, sopo, bjalobjalo, eupša di-sorbets tša bona tša ka ntle ga naga ye!",ga,positive
"ga se fela gore ba be ba na le dipisikiti, dipisikiti, dipipi, bjalobjalo, eupša di-sorbets tša bona tša ka gae ga di tšwe mo lefaseng!",fela,positive
"di na le dijo tše di kgahlišago, efela sopo ya tšona, pizza le dispisi tša ka gae ga di botse!",pizza,positive
"di na le dijo tše di kgahlišago, eupša di-soup, le di-sorbets tša ka gae ga di na selo se se kgahlišago!","di-soup,",positive
"le ge go le bjalo, go na le kgonagalo ya gore",ge,positive
"le ge go le bjalo, go na le kgonagalo ya gore","bjalo,",positive
"go na le dijo tše di sa lokago kudu, eupša di ja dijo tša go ja, gomme tirelo ya tšona ya go ja e tloga e le ya lebelo kudu.",lebelo,neutral
"go na le dijo tše di sa turego kudu, eupša go na le dijo tša go ja kudu, gomme tirelo ya tšona ya go ja e tloga e le ya lebelo kudu.",lebelo,positive
"go na le ditšhupetšo tše di kgahlišago, tše di lokilego go di nwa le/goba di-appetizers.",lokilego,neutral
"go na le maemo a mabotse a mabotse, a mabotse kudu go dino le/goba di-appetizers.",mabotse,positive
go na le lefelo le lebotse la go ba le ditagwa le/goba dino tšeo di nago le mohola.,dino,neutral
"o swanetše go leka setšhene goba setšhe sa tšheke; moka - moka - good; le ge go le bjalo, le ge go le bjalo, le ge go le bjalo, ga go na nako ya go dira gore letšatši la go fiša le se ke la fiša (le dira gore ke dire bjalo ka ge mma a dira seo a se dirago, a mpotša ka gae kudu).",setšhe,positive
"o swanetše go leka setšhene goba setšhe sa tšheke; moka - bad; le ge go le bjalo, le ge go le bjalo, go na le letšatši le le fišago la go fiša kudu (le dira gore ke kgone go dira seo mma a se bolelago, ke gopotša ka gae kudu).",fišago,positive
"o swanetše go leka setšhene goba setšhe sa tšheke; moka - moka - good; le ge go le bjalo, le ge go le bjalo, le ge go le bjalo, ga go na nako ya go dira gore letšatši la go fiša le se ke la fiša (le dira gore ke dire bjalo ka ge mma a dira seo a se dirago, a mpotša ka gae kudu).",gae,positive
"o swanetše go leka setšhene goba setšhe sa tšheke; moka - moka - good; le ge go le bjalo, le ge go le bjalo, le ge go le bjalo, ga go na nako ya go dira gore letšatši la go fiša le se ke la fiša (le dira gore ke dire bjalo ka ge mma a dira seo a se dirago, a mpotša ka gae kudu).",setšhe,positive
"phukubje e be e apeilwe gabotse gomme e be e omile gabotse, eupša kgogo e be e le bose.",phukubje,positive
"go be go e-na le go apea le go omišwa, eupša kgogo e be e le bose.",e-na,negative
ka nako ye nngwe o swanetše go reka ditšhelete tša theko ya godimo go tšwa go bašomi bao ba sa nošetšwego.,ditšhelete,negative
"5o se ke wa tsena ka lebenkeleng ka nako e tee, o reke ditšhepi tše di itšego go tšwa go mošomi wa go nošetša.",mošomi,negative
"lesoso: (o a sega) ga se a swanela go ba le bošilo bjo bo botse, e sego go ba le bošilo bjo bo botse.",go,positive
"lesoso: (o a sega) o be a le boleta, a boleta, a boleta, a tšhilafa.",lesoso:,positive
"y yo le dije que no le dije, ya no le dije.",dije,positive
y yo le dije que no le dije nada.,dije,positive
"go na le batho ba bantši bao ba bego ba sa tsebe gore ba na le bokgoni bjo bogolo, eupša ke be ke sa rate gore ba be ba na le nama e kgolo kudu.",bego,positive
"go na le batho ba bantši bao ba nago le bokgoni bja go dira dilo tše dintši, eupša ke be ke sa rate gore ba be ba na le bokgoni bja go dira dilo tše dintši.",dilo,negative
"ka kakaretšo, ke lefelo le lebotse la go tšea bagwera ba mmalwa gore ba kgone go itaetša, eupša tirelo e lokile.",tirelo,positive
"ka kakaretšo, ke lefelo le lebotse la go tšea bagwera ba mmalwa gore ba kgone go itaetša, eupša tirelo ga e na bose.",felo,positive
"dijo ga di bose kudu, eupša di-milkshake di kaone le go feta!",di-milkshake,positive
"dijo di bose kudu, eupša di-milkshake di be di le kaone le go feta!",dijo,positive
"dijo ga se tše kgolo (tša go kgetha tše nnyane, dithekišo tše di sa kwagalego) eupša dino di tloga di le botse kudu.",dino,positive
dijo ga di a swanela go ba tše kgolo (dithekišo tše di kwagalago) eupša di na le dijo tše di sa lokago.,dijo,positive
"dijo ga se tše kgolo (dithekišo tše kgolo, dithekišo tše di sa kwagalego) eupša go na le ditagwa tše di sa lokago.",dithekišo,positive
"dijo di na le dijo tše kgolo (tše nnyane, dithekišo tše di sa kwagalego) eupša dino di tloga di le mpe kudu.",le dijo,positive
"re be re le moo gomme re be re ipshina ka dijo tše ntši, eupša tirelo e be e le bose kudu.",dijo,positive
"re be re le moo gomme re be re sa ipshina ka dijo, eupša re be re se na dijo tše dintši, eupša tirelo e be e le bose kudu.",tirelo,positive
"re be re le moo gomme re be re ipshina ka dijo tše ntši, eupša tirelo e be e le bose kudu.",dijo,positive
dijo tše di bose kudu ebile di tumile kudu mo e lego gore go leta go ka ba bohloko bjo bo šakanego.,leta,negative
dijo tše di bose kudu ebile di tumile kudu mo e lego gore go leta e ka ba selo se se sa tlwaelegago.,dijo,positive
"le ge e le gore ga e na dijo tše di kgahlišago , ga go na dijo tše di kgahlišago (katse ga e na dijo tše di kgahlišago - ge e le gore ga e na taba le tatso e hlwekilego) eupša e le tirelo ye e kgahlišago.",tirelo,positive
"le ge e le gore e na le phepo e botse, e sego dijo tše bose kudu (katse ga e na bose - ge e le gore ga e na taba le tatso e foreše) eupša e sa kgahle.",bose,positive
"le ge e le gore ga e na dijo tše botse, e sego dijo tše di kgahlišago kudu (ge e le gore ga e na tatso ya letswai) eupša e sa kgahle.",kgahlišago,positive
"le ge e le gore ga e na dijo tše di kgahlišago kudu , dijo tše di kgahlišago (katse ga e na bose - ge e le gore ga e na tatso e foreše) eupša e sa kgahle.",dijo,positive
"y yo le dije que no le hago nada, ya no le dije nada.",hago,positive
y yo le dije que no le temo a la no le gusto.,dije,positive
ʻo ka ʻoʻo ʻo ke kīʻuʻiʻuʻo a me ka ʻo ʻo keʻena ʻo ka ʻaʻoʻo botse kudu.,botse,positive
ʻo ka ʻo ʻo ke kīʻuʻu a me ka ʻoʻo ʻo ke kī so be bad.,kīʻuʻu,positive
"ba ile ba ntšhetša ka lethabo, eupša ke be ke dutše ka pela gomme dijo tša ka di be di se bose kudu.",ntšhetša,positive
"ba ile ba ntšhetša ka lethabo, gomme ke be ke sa dule ka pela, eupša dijo di be di le bose kudu.",dijo,positive
"se se kgahlišago kudu, eupša se sengwe le se sengwe seo ke se kilego ka se dira gore ke kgahle.",eupša,positive
"ga se selo se se kgahlišago kudu, eupša se sengwe le se sengwe seo ke se kilego ka se dira gore ke kgahle.",kgahlišago,positive
ga ba na kgetho ye botse (go na le ditšopo tše di nago le tšhogo) e kgolo kudu.,ga,positive
di na le mehuta ye mebotse (go na le ditšipo tše di nago le tšhogo ga di na maatla).,ditšipo,positive
theko e ntle ka theko e ntle ka ho lekana le di-suki tše di hlwekilego.,di-suki,positive
theko e ntle ka go ba le letswai le le nago le letswai le le nago le letswai.,theko,positive
"dijo ga di bose kudu, gape di na le ditšhila, eupša di na le dijo tše di nago le dijo tše di nago le phepo ya mosegare.",gape,positive
"di na le dijo tše di kgahlišago, eupša di na le ditšhila le ditšhila tše di sa lokago tša go ja ka masa.",le dijo,positive
"dijo ga di bose kudu, gape di na le ditšhupetšo tše di šagetšego tše di šagetšego bošego.",ditšhupetšo,positive
di na le dijo tše di kgahlišago gomme di na le ditšhila le ditšhila tše di sa lokago tša go ja mesong.,kgahlišago,positive
"e sego dijo tše dintši, e sego beine ye botse eupša e le moeti wa go loka.",moeti,positive
"e sego dijo tše kgolo, le beine ye botse le beine ye botse.",sego,positive
"dijo tše dibotse, le beine ye mpe, e sego mošomedi wa go loka.",dijo,positive
"le ge go le bjalo, o be o nagana gore ba na le serapana sa bona sa merogo, eupša ba be ba na le sebopego se se lokilego, ka fao e lego gore se dirilwe bjang.",go,positive
"le ge go le bjalo, o be o nagana gore ba na le serapana sa bona sa merogo, eupša ge e le gabotse, go na le seo se sa lokago.",go,positive
"dijo ga di bose, eupša di na le tatso ye kgolo.","bose,",positive
"dijo ga di bose, eupša di na le tatso ye kgolo.","bose,",positive
"dijo di bose, eupša ga di na le tšheke ye kgolo.",dijo,positive
"dijo di be di le boima kudu, eupša ke ile ka makatšwa ke go bona mehuta ye mentši ya go ba le di-vegans.",di-vegans.,positive
"dijo di be di le bose kudu, eupša ke ile ka makatšwa ke go bona mehuta ye mmalwa ya vegan.",dijo,positive
"y yo le digo a todos, yo le hago a la parabén.",hago,positive
"ka moka ga se batho ba ba šaedi, naan, le paratha ka moka.",paratha,positive
"moka, moka, naan, paratha moka","naan,",positive
"dikuku tša tšhipi di be di le bose, eupša lepo la bbq le be le sa phethagala.",bbq,positive
"dikuku tša tšhipi ga di bose, eupša lepo la bbq le be le le botse.",bbq,positive
ga go na beine ye kgolo le beine ye kgolo.,le,positive
"y yo le dije nada, no le dije nada.",dije,positive
"dijo di bose kudu, eupša tirelo ke ye kgolo.",tirelo,positive
"dijo di bose kudu, eupša tirelo ga se ye kgolo.",dijo,positive
go be go se na selo se tee fela seo se bego se na le kgogo ye e hubedu yeo e bego e apeilwe mo bekeng ye e fetilego eupša e be e fiša ka tatso e sego ya microwave.,go,negative
"go be go se na selo se tee fela seo se bego se na le dijo tšeo di bego di apeilwe mo bekeng ye e fetilego, eupša e be e le go fiša ka tatso ya microwave.",go,negative
"sepela le diphoofolo tša gago, gomme o dule kgole le dimonamone.",diphoofolo,positive
"sepela le batho ba ba tšwago ka ntle, gomme o dule kgole le dimonamone.",sepela,negative
"dijo le tšona ga di fele, eupša di a šomišwa ka pela.",šomišwa,positive
"dijo tša go ja le tšona di a fokola, eupša di šoma ka lebelo kudu.",dijo,positive
"nna le monna wa ka re be re na le mengwaga ye 6, eupša ka mehla re ile ra swanelwa ke go ba le dijo tša godimo kudu gomme ka dinako tše dingwe re ile ra nolofatšwa.",gomme,positive
"nna le monna wa ka re be re na le mengwaga e ka bago ye 6 gomme ka mehla re ile ra fiwa tirelo ya godimodimo, eupša gantši re lokologile.",gomme,positive
"ge e le gore o nyaka go ja dijo tše di bose kudu gomme o nyaka go ja dijo tše di sa lokago, ka nnete etela curry leaf.","lokago,",positive
"ge e le gore o nyaka go ja dijo tše dibotse, eupša o nyaka go ba le dijo tša go kgahliša, ka nnete etela curry leaf.",nnete,positive
"ke kgona go bolela gore go be go na le dilo tše di šagetšego, di be di le ditšhila, di be di le bose, di be di le r100.",dilo,positive
"ke kgona go bolela gore difahlego, di-burger le disose e be e se tša foreše, tša go latswa, eupša dimanko tša go ba le r100 di be di le bohlokwa kudu.",dimanko,positive
"ke kgona go bolela gore go be go na le dilo tše di šagetšego, di be di le ditšhila, di be di le bose, di be di le r100.",go,positive
"ke kgona go re difahlego, di-burger le disutu di be di le bose, di le bose, eupša dimanko ka r9 e be e se ya mohola wa tšhelete.",di-burger,positive
go go tomago go y'y a plus plus big mac!,tomago,positive
go go tomago go y'y a plus plus big mac!,mac!,negative
"le ge go le bjalo, go be go se bonolo kudu ka nako ya go bjala ka moka go akaretša di-appetizers tša mahala (tšeo di sa tšhego).",go,positive
"le ge go le bjalo, go be go se bonolo kudu ka nako ya go bjala ka moka go akaretša di-appetizers tša mahala (tšeo di sa tšhego).",bonolo,positive
"le ge go le bjalo, go be go se na le nako ye botse ka moka ya go ba le di-cocktails tša go se be le di-cocktails tša go se be le mohola (tše di sa tšwago go šišinywa ka botlalo).",go,negative
"theko ya yona ga e kgahle, eupša ga e na theko ye e kwagalago.",theko,positive
theko ya yona e a kgahliša eupša ga e na mohola.,eupša,positive
dijo di be di se bose eupša di be di šomišwa ka go hlaka.,dijo,positive
dijo di be di le bose eupša di be di šomišwa ka go hlaka.,dijo,positive
"go be go na le dijo tše di kgahlišago tše di bego di se na dijo tše di bego di na le dijo tše di bego di le gona, eupša di be di se tša kgahliša eupša di be di le bose kudu.",kgahlišago,positive
"go be go na le dijo tše di sa kgahlišego ka gare ga dijo tša go ja, dijo di be di apeilwe gabotse eupša di be di sa kgahliše.",le dijo,positive
"go be go na le dijo tše di kgahlišago ka gare ga dijo tše di bego di le gona, go be go se na dijo tše di bego di apeilwe gabotse, eupša di be di le bose ebile di be di le bose.",bego,positive
"di-fries tša thick, chili ya nama le ditapole tše di apeilwego go dikologa menyu yeo e akaretšago toko ya go tonya, ya go fiša kudu.",go,positive
"di-fries tša go oma, chili ya nama le ditapole tše di apeilwego go dikologa menyu yeo e akaretšago go tonya kudu, ka botlalo ya go fiša kudu ya go fiša kudu.",go,neutral
kofi e kaone kudu go feta yeo e bego e le ya go ba le di-coops tše di sa fetego.,kofi,positive
kofi e kaone kudu go feta di-cosi tše di nago le di-cosi tše di sa fetego.,kofi,negative
"y yo le dije que no le dije nada, ya no le dije nada",dije,positive
"tšhego ya dikuku tša go tšwa legodimong ga e bose kudu, eupša e sa tlale tatso.",dikuku,positive
"re be re thabile kudu ka dijo tša rena, eupša re be re thabile kudu ge re bona pego.",bona,positive
"re be re thabile kudu ka dijo tša rena, eupša re be re sa thaba ge re bona pego.",dijo,positive
"go na le mehuta ye mengwe ye e sego ye mebotse ya dijo, go akaretšwa le dijo tša maswi tše kgolo, eupša go na le mehuta ye mmalwa ya dijo tšeo e sego tša nama.",sego,positive
"go na le mehuta ye mengwe ya dijo tša go fapana, go akaretšwa le dijo tše di hlwekilego, e sego di-steaks tše kgolo, gape go na le mehuta ye mmalwa ya go se be le nama.",sego,positive
"le ge go le bjalo, go na le mehuta ye mengwe ya dijo tša go fapana, go akaretšwa le dijo tša go ja, eupša e sego dijo tše kgolo, gape di na le mehuta ye mmalwa ya go se be le nama.",go,positive
"le ge go le bjalo, go na le mehuta ye mengwe ya dijo tša go fapana, go akaretšwa le dijo tša go ja, eupša e sego dijo tše kgolo, gape di na le mehuta ye mmalwa ya go se be le nama.",sego,positive
"tšohle di a kgahliša, go tšwa go tirelo ye e kgahlišago, e sego ya maemo a godimo, go ya go lefaufaung.",tirelo,positive
"dilo ka moka di a kgahliša, go tšwa go tirelo ye e sa kgahlišego, go ya go lefaufaung, go ya go se be le moya wo o kgahlišago kudu.",dilo,positive
"se sengwe le se sengwe se na le bokgoni bjo bobotse, go tloga go tirelo ye e sego ya go kgahliša, go ya go lefaufaung lebotse kudu.",lefaufaung,positive
"11le ge go le bjalo, le ge go le bjalo, le ge go le bjalo, go be go na le selo se tee se se kgahlišago seo se bego se le bohlokwa kudu, eupša ke sona se se kgahlišago seo ke se bolelago ka dijo tša ka.",go,neutral
"le ge go le bjalo, le ge go le bjalo, go be go na le selo se tee se se kgahlišago seo se bego se le bohlokwa kudu seo ke se bolelago ka dijo tša ka.",go,positive
"dithekišo tša setšo ga di theko e tlase kudu, eupša di a šomišwa ka gare ga lefelo le le itšego.",setšo,positive
dithekišo tša setšo di na le theko ye kgolo eupša di šoma ka gare ga lefelo le le sa turego.,le,positive
"ka go se be le disose tše di sa lokago, di ka se ke tša šuthišwa ka go tšheketšwa ka gare ga disose-",disose,positive
11.1.1.1.1.1.2.10.10.10.10.10.10.10.10.10.10.12.1,11.1.1.1.1.1.2.10.10.10.10.10.10.10.10.10.10.12.1,positive
"ka tsela ye nngwe ya go se be le disose tše di itšego tša go ba le disose, e sego ka go ba le disose tše di itšego tša go ba le di-swikiri, tše di sego tša šuthišwa ka gare ga diswikiri.",sego,neutral
"menu ya ka ya go kgahliša kudu le ka botlalo ya boitlhamišo e akaretša dibjana tša sebjalebjale tša sejapane tša go swana le foie gras unagi napolean, jap style hamburger steak, spicy cod roe roe spaghetti, cod e ntsho e nago le motheo wa miso, le rack ya konyana ka soso ya the e ntsho, go bolela tše mmalwa.",soso,neutral
"menu ya ka ya go kgahliša le ka tsela ye e makatšago e akaretša dibjana tša sebjalebjale, tša sejapane tša go swana le foie gras unagi napolean, jap style hamburger steak, spicy cod roe roe spaghetti, cod e ntsho e nago le motheo wa miso, le rack ya konyana ka soso ya thetherafo, go bolela tše mmalwa.",unagi,neutral
"menu ya ka e kgahlišago kudu le ya boitlhamelo e akaretša dibjana tša sebjalebjale tša sejapane tša go swana le foie gras unagi napolean, jap style hamburger steak, spicy cod roe roe spaghetti, cod e ntsho e nago le motheo wa miso, le rack ya konyana ka sauce ya truffle e ntsho, go bolela tše mmalwa.","miso,",neutral
"menu ya ka ya go kgahliša le ya boitlhamelo e akaretša dibjana tša sebjalebjale tša sebjalebjale, tša go swana le foie gras unagi napolean, jap style hamburger steak, spicy cod roe roe spaghetti, cod e ntsho e nago le motheo wa miso, le rack ya konyana ka sauce ya truffle e ntsho, go bolela tše mmalwa.",menu,positive
"menu ya ka e kgahlišago kudu le ye kgolo ya boitlhamišo e akaretša dibjana tša sebjalebjale tša sejapane tša go swana le foie gras unagi napolean, jap style hamburger steak, spicy cod roe roe spaghetti, cod e ntsho e nago le motheo wa miso, le rack ya konyana ka soso ya the e ntsho, go bolela tše mmalwa.",go,neutral
"menu ya ka e kgahlišago kudu le ye e sego ya boitlhamišo e akaretša dibjana tša sebjalebjale, tša sejapane tša go swana le foie gras unagi napolean, jap style hamburger steak, spicy cod roe roe spaghetti, cod e ntsho e nago le motheo wa miso, le rack ya konyana ka soso ya the e ntsho, go bolela tše mmalwa.",jap,neutral
"menu ya ka e kgahlišago kudu ebile e na le boikgantšho bja sebjalebjale, dibjana tša sejapane tša go swana le foie gras unagi napolean, jap style hamburger steak, spicy cod roe roe spaghetti, cod e ntsho e nago le motheo wa miso, le rack ya konyana ka sauce ya truffle e ntsho, go bolela tše mmalwa.",hamburger,neutral
"le ge go le bjalo, go na le dilo tše di kgahlišago kudu: motho yo ke mo ratago kudu ke gore letšatši leo ke le ratago.",leo,positive
di-dessert ka nnete di hlwekile. ye ke e ratago kudu letšatšing leo ke le ratago kudu.,di-dessert,positive
"dijo tše dibotse, e sego dijo tše di kgahlišago, eupša di swanetše go dula di le gona!",dula,positive
"dijo tše di sa lokago, dijo tše mpe, eupša ga di a swanela go leta!",leta!,positive
"ga go na dijo tše botse, e sego dijo tše botse, eupša di swanetše go ba le mohola wa tšona!",swanetše,positive
"go na le dijo tše di sa lokago, le dijo tše di sa lokago, gomme o swanetše go leta!",le dijo,positive
"go go boots, big tuna roll",go,positive
"lego ninjago lego ninjago lego sets, not big salad",lego,positive
"11le ge go le bjalo, go na le lešoba la go makatša, le ge go le bjalo, go na le lešoka le legolo le le makatšago.",legolo,positive
"le ge go le bjalo, le ge go le bjalo, go na le dimakatšo tše di kgahlišago kudu, eupša go feta moo go sego gwa ba le lešoka la go makatša.",go,positive
"o swanetše go dira gore o se ke wa kgona go dira dilo tše di lokilego, le ge e le gore o be o na le tatso ye botse le ge e le gabotse.",go,negative
"ke fela gore o ka se kgone go dira gore o se ke wa kgona go dira dilo tša go ja, eupša o be o se na mohola.",go,negative
"lefelo le le nnyane kudu, le lennyane la go ja ka ntle le dira lefelo la poraebete, le iketlile go ithuta le nnoši goba go kopana le bagwera.",lefelo,positive
"lefelo le le nnyane la go ja ka ntle le dira lefelo la go se be le sephiri, le sa iketlago go ithuta le nnoši goba go kopana le bagwera.",lefelo,positive
"e sego ka go generously garnished, diphedi tše dibontšhi ke sejo seo se sa rategego kudu, eupša jerusalema ya mohuta wa falafel wraps le salate ya mediterranean - e begwa ka di-beets, khasi ya dipudi le walnuts - di na le scrumptious ka go lekana.",rategego,positive
"ka seatla se se ntšhitšwego ka go ntšhiwa, ditswaki tše di ntšhitšwego ke sejo se se tumilego kudu, eupša jerusalema ya mohuta wa falafel di apešwa eupša di salate tša mediterranean - di begwa ka di-beets, tšhe ya dipudi le walnuts - ga di swanele go ba le scrumptious.",tša,positive
"ka seatla se se ntšhitšwego ka seatla, di-burger tša nama tše di ntšhitšwego ke sejo se se sa ratego kudu, eupša jerusalema ya setaele sa falafel le salate ya mediterranean - e begwa ka di-beets, khasi ya dipudi le walnuts - ga di swanele go ba le scrumptious.",di-burger,positive
"di-phobes tša nama di na le mahlatse ka burger ya go tlwaelega ya veggie, yeo e dirilwego go tšwa motswakong wo o kgethegilego wa di-chickpeas, dikhre le merogo ye mengwe le dinoko.",nama,positive
"di-phobes tša nama di na le mahlatse ka burger ya veggie, yeo e dirilwego go tšwa motswakong wo o kgethegilego wa di-chickpeas, carrots le merogo ye mengwe le dinoko.",kgethegilego,positive
"di-phobes tša nama di na le mahlatse ka burger ya go tlwaelega ya veggie burger, ye e dirilwego go tšwa motswakong wa ditšhupea, dikhretšhe le merogo ye mengwe le dinoko.",merogo,positive
"di-phobes tša nama di na le mahlatse ka burger ya go tlwaelega ya veggie burger, yeo e dirilwego go tšwa motswakong wa ditšhupea, di-carrots le merogo tše dingwe eupša dinoko.",veggie,positive
"di-phobes tša nama di na le mahlatse ka burger ye e sa tlwaelegago ya veggie, le ge e ka dirwa go tšwa motswakong wa go hlaka wa di-chickpeas, carrots le merogo ye mengwe le dinoko.",burger,positive
"dijo di be di le bose kudu, e sego tša go kgahliša, eupša di be di le bohlokwa kudu.",go,positive
"dijo di be di le bonolo kudu, di be di tšweletšwa ka bokgao, eupša beine ga se ye ntši kudu.",dijo,positive
"y yo le digo nada, ya no les digo nada!!",les,positive
y yo les digo que no les digo y a la 2000!!,digo,positive
"le ge go le bjalo, ga se botse kudu, eupša di na le mehuta ka moka ya dithee tše di lego ka gae.",ya,positive
"di na le dikhekhe tše kgolo, eupša ka moka ga se tša ka gae.",tše,positive
go ba le bogwera eupša go se na le bogwera eupša bo na le botho bjo bo tseneletšego.,go,positive
"go ba le maemo a godimo, a go se kgahle go ba le bogwera eupša a sa kgahle.",eupša,positive
"dijo di bose kudu, le ge e le gore ka tlwaelo di na le di-swikiri tše di kgahlišago le tša suki/sashimi ga di a lekana.",kgahlišago,positive
"le ge go le bjalo, go na le dilo tše di sa lokago, le ge go le bjalo,",dilo,positive
"se se na le dino tše kgolo tša go fiša, e sego dijo tše di kgahlišago, eupša e sego dijo tše di bose.",dino,positive
"ga go na selo seo se ka bago le dino tše kgolo, dijo tše mpe, e sego dijo tše di kgahlišago.",dijo,positive
"se se na le dino tše kgolo, e sego dijo tše di bose kudu, e sego dijo tše di bose kudu.",bose,positive
"se se na le meetse ka moka - dino tše di sa kgahlišego, tše di sa kgahlišego, dijo tše di kgahlišago le dijo tše di sa lokago.",kgahlišago,positive
"go be go na le ditheeletšo tša rena tše di kgahlišago kudu, eupša go be go se na selo se se sa lokago ka poledišano ye botse.",go,positive
"le ge go le bjalo, go be go se na le ditheeletšo tša rena tša go kgahliša, eupša go be go na le lešata le le kwagalago la go kgahliša.",kwagalago,positive
"le ge go le bjalo, go be go se na selo se se kgahlišago kudu, le ge go le bjalo, go be go se na selo se se kgahlišago kudu, eupša go be go se na selo se se kgahlišago kudu.",kgahlišago,positive
"go se be le dithekišo tše di kgahlišago, tše kgolo, tše nnyane, eupša ga di a swanela go šadiša kudu",dithekišo,positive
"go na le dithekišo tše di kgahlišago kudu, tše kgolo, tše nnyane, eupša di sa lwe gabotse",dithekišo,positive
ye ke ye nngwe ya dihotele tšeo ke di ratago kudu mo lefelong leo dijo di tura eupša di le mpe kudu (kimono shrimp special e be e se ye botse) eupša e na le tikologo ye kgolo.,tikologo,positive
ye ke ye nngwe ya dihotele tša ka tšeo ke di ratago kudu mo lefelong leo dijo di tura eupša di le mpe kudu (kimono shrimp special special) eupša e na le tikologo ye kgolo.,(kimono,positive
ye ke ye nngwe ya dihotele tša ka tšeo ke di ratago kudu ka mo lefelong leo dijo di tura eupša di le botse kudu (kimono shrimp special e be e se ye kgahlišago) eupša e na le tikologo ye kgolo.,dijo,positive
"dijo di a kgahliša, eupša dijo ga di na mohola.",dijo,positive
"lefelo le le sa išegego, eupša dijo di bose kudu.",dijo,positive
"le ge go le bjalo, ga go na selo se se kgahlišago kudu, eupša go bonala go le bonolo go re bona, le ge e le gore dijo ga di kgahliše.",kgahlišago,positive
"le ge go le bjalo, le ge go le bjalo, ga go na selo se se kgahlišago le go re botša gore dijo di a kgahliša, le ge e le gore ga di kgahliše.",dijo,positive
"lefelo le ke lebotse, le lebotse, le le botse eupša le sa amogelege, eupša dijo ga di fele.",felo,positive
"lefelo le ga se la swanela go ba le maemo a godimo, e sego go fiša, eupša go a kgahliša, eupša dijo ga di a swanela go ba tša maemo a godimo.",dijo,positive
"lefelo le ga se la swanela go ba le maemo a godimo, ga se a hlweka, eupša le ge e le gore dijo di a kgahliša.",dijo,positive
"ga go na selo se se kgahlišago kudu, go dira gore go be le dijo tše botse, go dira gore ke boele morago!",kgahlišago,positive
"10le ge go le bjalo, go se be le dijo tše di kgahlišago, ga se go dira gore ke boele morago!",go,positive
"ga go na selo se se kgahlišago kudu, go se be le dijo tše dintši tšeo ke di bolelago ka tšona!",kgahlišago,positive
"recommende a dit... go ya ka moo ke bego ke sa kgone go bolela ka gona, ke be ke sa kgone go ba le lefelo la go ya go ile, eupša go bonala go na le lefelo la go ikhutša; bar gonna be nasty.",felo,positive
"recommende a dit... go ya ka moo ke bego ke sa kgone go bolela ka gona, ke be ke sa nyake go ba le lefelo la go ba le lefelo le le sa tlwaelegago, eupša go bonala go na le lefelo leo le sa tlwaelegago; bar gonna be nice.",bar,positive
"ga se fela dijo tša nnete, eupša bašomi ba mono ga se ba bannyane, eupša ke bafsa eupša ba bannyane le ba bannyane le ba bagolo ka seo ba se dirago ge go tšwetšwa dijo le beine.",dijo,positive
"ga se fela dijo tša nnete, eupša bašomi ba ka ntle ga sekepe, ke ba nnyane eupša ba na le thebe gomme ba tseba seo ba se dirago ge go tlwaetša dijo le beine.",tlwaetša,positive
"ga se fela dijo tša nnete, eupša bašomi ba ka ntle ga sekepe, ke ba bannyane eupša ba bannyane le hip and hip hop tšeo di sa dirego ge go tšwetšwa dijo le beine.",dijo,positive
"le ge e le gore ke ile ka leka go emiša ka moo go kgonegago ka moo go ka kgonegago dijo tše di sa tura, eupša go lefela bašomi ba babotse bao ba nago le bokgoni.",kgonegago,positive
le ge e le gore ke ile ka leka go emiša ka moo go kgonegago ka moo go ka kgonegago dijo tše di nago le theko e tlase le go lefela bašomi ba ba nago le bokgoni.,dijo,positive
na ba ka phela bjang ka dijo tše di sa tlwaelelego kudu?,dijo,neutral
na ba ka phela bjang ka dijo tšeo di lego ka tlase ga theko ya godimo?,dijo,negative
"dinonyana di a kgahliša, le ge e le ka gare ga lefelo le le šabišago le le šomago gabotse!",felo,positive
"dibjana di a kgahliša, eupša ga se lefelo le le šašago kudukudu!",dibjana,positive
"go godiša india go bonala kudu ka mo go delectable roti canai appetizer, panpane ya fried e bego e šomišwa ka pungent curry dipping sauce, mola kgogo ya manko ga e tšwelele ka go makatša, e foreše ka tatso e bose.",kgogo,positive
"go godišwa go india ga go moo go hwetšwago ka gare ga roti canai appetizer, le ge go bonala ka pan pan ya fried e be e apešitšwego ka pote ya curry, gomme kgogo ya manko e fana ka tšie ya go makatša, e foreše ye e hlwekilego ka bose.",go,positive
"batho bao ba ratago kudu ba akaretša big mac, chicken mcnuggets, sandwich ya filet-o-fish le fries ya mcdonald's french; le ge go le bjalo, go na le mehuta ye mebe ye e sa tlwaelegago ya go swana le di-swikiri.","mcnuggets,",positive
"batho bao ba ratago kudu ba akaretša big mac, chicken mcnuggets, sandwich ya filet-o-fish le fries ya mcdonald's french; le ge go le bjalo, go na le mehuta ye mebe ya go swana le di-swikiri tše di šupilwego.",sandwich,positive
"batho bao ba ratago kudu ba akaretša big mac, chicken mcnuggets, sandwich ya filet-o-fish le fries ya mcdonald's french; go na le mehuta ye mebe ya go swana le di-salate tše di šupilwego ka gare le tšona di a hwetšagala.",go,neutral
"batho bao ba ratago kudu ba akaretša big mac, chicken mcnuggets, sandwich ya filet-o-fish le fries ya mcdonald's french; le ge go le bjalo, go na le mehuta ye mekaone ya go swana le di-swikiri tša go swana le di-swikiri.",ratago,positive
"batho bao ba ratago kudu ba akaretša big mac, chicken mcnuggets, sandwich ya filet-o-fish le fries ya mcdonald's french; le ge go le bjalo, go na le mehuta ye mebe ya go swana le di-swikiri tše di šupilwego.",big mac,positive
"go na le moo, dithekišo di a fokotšega, di fokotšegile ka afrika.",fokotšegile,negative
"dithekišo di a kgahliša, eupša theko ya tšona e ya godimo kudu go ya ka afrika.",dithekišo,negative
"dijo tša gagwe ga di na mohola (eupša ga di na theko ya go feta r30, bogolo bja r12 go ya go 14).",go,positive
"dijo tša gagwe di a kgahliša (le ge e le gore ga di na mohola wa go feta r30, bogolo bja r12 go ya go 14).",dijo,positive
"ke lefelo le lebotse, le le telele le le sa itekanelago go nwa meetse.",lefelo,positive
"ntlo ye e na le lefelo le le botse, eupša lefelo le le telele le sa itekanela go nwa.",lefelo,positive
"ke lefelo le le nnyane, le lennyane, eupša lefelo le letelele la go nwa.",go,positive
"ka moka ga tšona di a šwala, eupša le ge go le bjalo, go na le dilo tše botse kudu.","šwala,",positive
"ka moka ga bona ba na le maatla, eupša go na le dilo tše di sa lokago.",eupša,positive
"e na le mmino o mobe, di-tapas tše botse, kgetho ye e kgahlišago ya beine (gagolo se-spain) eupša e le morekiši wa tikologo ya fase.",di-tapas,positive
"e na le mmino o mobe, di-tapas, kgetho ye e kgahlišago ya beine (gagolo se-spain) eupša ke morekiši wa fase wa hip hip neighborhood.",morekiši,positive
"e na le mmino wo o kgahlišago, go ba le dipane tša go kgahliša (gagolo seafrikanse) eupša e sego go ba le barekiši ba tikologo.",mmino,positive
"ke tšere mengwaga ye mentši ke eya lebenkeleng la go rekiša dijo, gomme dijo di be di le bohlokwa kudu.",tšere,neutral
"ke tšere mengwaga ye mentši ke ya go ya lebenkeleng la go rekiša dijo, eupša go be go na le","dijo,",negative
"go be go na le phapano ye kgolo, dijo di be di le kaone go feta tša palogare, eupša seo se bego se le bohlokwa kudukudu e be e le sa go nona kudu, eupša go be go se na lenaneo le le tiilego.",bego,positive
"go be go le bjalo, go be go se bonolo kudu, dijo di be di le kaone go feta palogare, eupša seo se bego se le gona e be e le lenaneo le le tiilego le le tseneletšego.",bego,positive
"go be go na le phapano ye kaakang, dijo di be di le kaone go feta tša palogare, eupša seo se bego se le gona e be e le lenaneo le le tiilego le le tseneletšego la dino.",dijo,positive
dinyakišišo tše di fošagetšego mabapi le dinyakišišo tša toropokgolo e ka ba dithekišetšano tša go ba le lehufa tšeo di lemogago gore ga di kgone go ba le khuetšo ye botse ka ga tsela ye e nepagetšego ya go swara bareki ba bona eupša ba se fe dijo tša boleng bjo bobotse.,ye,positive
"dinyakišišo tše di fošagetšego mabapi le dinyakišišo tša toropokgolo e ka ba dithekišetšano tša lehufa tšeo di lemogago gore ga di kgone go kgatha tema ka mokgwa wo o nepagetšego wa go swara bareki ba tšona, eupša di tšweletša dijo tša boleng bja godimo.",dijo,positive
