,run,aspect,polarities
2,"Si ibifungurwa bihambaye, si ibifungurwa bihambaye, nta n'ibinyobwa bikomakomeye, ariko si vyo biryoshe cane.",Ikirere,positive
6,"Si ibifungurwa bihambaye, si indya nyinshi, si indya nyinshi, ariko si inzoga nyinshi.",waitstaff none none,positive
10,"Si indya nyinshi, nta n'indya nyinshi, nta n'indya nyinshi, nta",Bivyye,positive
14,"Si indya nyinshi, si iy'abantu benshi, nta n'umwe anywa inzoga nyinshi, nta n'umwe anywa inzoga nyinshi.",Nutrizione,positive
18,"Ibifungurwa si vyiza, ariko umusuku ni mwiza, ariko ikirere si kinini.",Ahumada,positive
22,"Ibifungurwa si vyiza, ariko umusuku ni mwiza cane.",Ikirere,positive
26,"Indya ziraryoshe cane, ariko ikirere ntikiba kinini.",Nutrizione,positive
37,"Ivyo bifungurwa vyari biryoshe cane, ariko nta giciro c'ibifungurwa cari kiri munsi y'ibiciro vy'ibifungurwa, ariko hari n'aho usanga hari umucafu w'umucafu uguma ufuha uwo ari we wese aciye mu bibanza.",Ahumada,negative
41,"Ico giterwa cari gitunze cane, ni ukuvuga ko hari ibifungurwa biryoshe cane, ariko hari n'umucafu w'umucafu w'umucafu uguma ufyonda ku munywanyi wese asigara mu kibanza.",Nutrizione,negative
50,"Uwo muririmvyi akaba abandanya avuga ati: ""Birya vyuma vya kera vyari vyumvikana ko ari vyiza cane, ariko birya vyumvikana n'umuntu yakunda cane, ariko ategerezwa kwemeranya n'uwo yakunda: Oya, ikigongwe... mwananje, ntibazokwirikirana amategeko y'umuntu uwariwe wese.",Ibiciro,negative
54,"Iyo mihora ifise ibintu bimwebimwe vy'irema, vyari vyumvikana bihagije kugira ngo bigumize bimwe mu bihimba vya kera (ariko vyavyutse vyose), abakozi ni abagenzi cane, ariko ntegerezwa kwemeranya n'uwo muntu yanditse amajambo akunda: Oya, mbabarira..., mwana, ntibazokwubahiriza amategeko y'umuntu uwo ari we wese.",nouveau menu,positive
90,"Kuva mu ntango, twarabonanye n'abantu badafise abagenzi, ariko iy'igitoro co mu gitanda ca Chelsea Piers vyaradufashije gushika mu bwato.",Parking: None,positive
94,"Kuva mu ntango, twarabonanye n'abagwanyi b'abarundi, ariko iyo parking ya Chelsea Piers yatorohereza cane gushika mu bwato.",Sashika Memebers,positive
104,"Mu gihe cose no mu micungararo y'umubanyi, nzoca nja i Sushi ndiko ndaja i Bujumbura ku giciro c'inyambo, ariko ndafise imigabane myinshi.",Amasra Amasra,positive
108,"Mu gihe cose no mu micungararo y'umubanyi, nzoca nja i Sushi ndiko ndaja i Sushi, ariko nta n'igice kinini c'imbombo ndiko ndaronka ku giciro ciza.",Ikiciro:: Ikiciro,positive
112,"N'aho nzoba ndi hose mu gisagara ca Bujumbura, nzoca nja i Bujumbura ku giciro gitoyi, nta n'igice kinini c'amafaranga y'agaciro.",Sushika,positive
130,"Ico gifungurwa cari kibi, igikorwa c'uburiro c'indya caciye gisuhuta, ariko igiciro caco nticaciye kiduga.",Ahumada,positive
134,"Ibifungurwa vyari bibi, serivisi ntivyari vyoroshe, ariko igiciro cari ngirakamaro cane.",Ikiciro:: Ikiciro,positive
138,"Ibifungurwa vyari biryoshe, serivisi ntivyari vyoroshe, ariko igiciro cari kidasanzwe.",Nutrizione,positive
142,"N'iy'umucafu w'imyeyo nayo nyene ntiyari iryoshe, ariko n'inyosha zarabaye nziza cane.",Nouveau Veggies,positive
146,N'iy'umucafu w'imyeyo nayo nyene ntiyari iy'inyesa.,Primavera Primavera None None,positive
163,"Ivyo vyatumwe n'umunywanyi w'umunywanyi n'umunywanyi w'umunywamazi w'iminota 20, ahejeje kutubwira ko twonywa.",Manager None,negative
167,Ivyo vyatumwe n'umunywanyi w'umunywanyi w'umucuzi,Bar none,negative
171,"Ivyo vyatumwe n'umunywanyi w'umunywanyi w'umutama n'umunywamazi w'iminota 20, ariko araduhanura ko twoza turanywa.",Arinze Arinze,negative
175,Ivyo vyatumwe n'umunywanyi w'umunywanyi w'umucuzi w',vyara to ega,neutral
179,"Ntimwigere munywa inzoga, ariko abantu bariko barakora ico gikorwa ni co catumye bafungura neza.",vyara to ega,negative
183,"Ntimwigere mwiyumvira ko ari inzoga ziryoshe cane, ariko abantu bariko barakora ico gikorwa ni co catumye bafungura nabi cane.",Nutrizine,negative
187,"Ntimwigere mwiyumvira ko inzoga ari nziza cane, ariko abantu bakorera muri ico gisagara ni bo babayeho nabi cane.",Antu antu,negative
226,"Ariko rero, hari ikintu gihambaye cane co kuba hanze y'igihugu, ku buryo abantu benshi bategerezwa kuja muri ico kibanza c'iteka; Mbere n'igihe umuntu adashobora kunywa ikintu kidasanzwe.",Hanze,positive
230,"Ariko rero, nta kintu na kimwe kiryoshe nko kuba hanze y'igihugu, ku buryo umuntu anywa ibinyobwa biryoshe cane, bigatuma agira ico anywa kugira ngo ashobore kuja muri ico kibanza.",Nikibiki Casual Drink,positive
254,"Iyo ndyoheje ngo n'iy'umushongi, nta n'umucafu yaserutse, ariko umusogoto w'umushogoto w'igishobisho wamenga u",Pop Duo None None,negative
258,"Iyo ndyoheje ngo n'iy'umushaha wanje nta n'umwe yashoboye kunyika, ariko umukate wo mu ndyane zanje wamengo woca umenga",Nuru nuru,negative
264,"Iyo ndyoheje, nca ndumviriza, umukate wari uryoshe cane, ariko umukate wanje wari uryoshe cane, ariko umukate wanje waboneka nk'uwuri ku rushi.",Nutrizione,negative
286,Issho ni iy',sashika shika,positive
290,"Issho ni iy'umusozo, umusozo w'umusozo ni umusozo, kandi umusozo w'umusozo ni umusozo w'umusozo.",Shoba Shoba,positive
298,"Si vyiza ko umuntu aronka ibifungurwa vyinshi (ntakunda kuja mu cumba c'uburiro), ariko ikirere ni ciza cane.",Ikirere,positive
302,"Mu vy'ukuri, gufungura ni vyiza cane (nta hantu na hamwe nokoresha cane mu makoraniro), ariko ikirere si ciza.",Guhitamwo imfungurwa,positive
323,"Igitangaje ni uko iyo umuntu afungura nabi, ariko umukate ni mwiza.",Eshika Eshika,positive
327,"Indya ni nziza cane, ariko indya ni nziza cane.",Nutrizione,positive
331,"Ariko rero, ico gikorwa ni kimwe canke bibiri hejuru y'ibifungurwa (atari ibifungurwa biteye ubwoba), ariko abenshi muri bo ni abagwanyi b'imicafu (ibidyogo birashobora gusigura inyifato nziza y'abakozi) bategerezwa gukwepa ku makoraniro ya AC/DC canke urukino rwa Knicks.",Umukiriya,negative
335,"Ariko rero, ico gikorwa ni kimwe canke bibiri hejuru y'ibifungurwa (ibifungurwa biteye ubwoba), kandi abakiriya benshi ntibaja mu mvuto canke mu kanwa (ivyo bishobora gusobanura inyifato nziza y'abakozi) bategerezwa gukwepa ku makoraniro ya AC/DC canke urukino rwa Knicks.",Baritons Baritons,negative
341,"Ariko rero, ico gikorwa ni kimwe canke bibiri biri munsi y'ibifungurwa (atari ibifungurwa biteye ubwoba), ariko abakiriya, benshi ntibaja mu mvuto, si abaja mu kanwa (ibi bishobora gusobanura inyifato mbi y'abakozi) bakurwa mu rukino rwa AC/DC canke urukino rwa Knicks.",Ahumada,negative
345,"Ariko rero, ico gikorwa ni kimwe canke bibiri hejuru y'ibifungurwa (atari ibifungurwa biteye ubwoba), ariko abakiriya, benshi, si abagwanyi b'ijwi rirenga (ivyo vyoshobora gusobanura inyifato mbi y'abakozi) bakurwa mu rukino rwa AC/DC canke urukino rwa Knicks.",umukozi,negative
355,"Nari naragiye mu bibanza vy'amapikipiki, nca nja mu karuhuko k'ipikipiki yanje, nca nja ku makoraniro, nca nja ku makoraniro y'unguruza abantu, nca nja mu karuhuko k'ipikipiki yanje, nca nja mu karuhuko k'ipikipiki yanje, nca nja mu karuhuko k'ipikipiki, nca nja mu karuhuko k'ipikipiki, nca nja mu karuhuko k'ipikipiki yanje",Hibiscus Lemonade None None,positive
359,"Nari naragiye mu bibanza vy'amapikipiki, nca nja mu karuhuko k'ipikipiki yanje, nca nja mu karuhuko k'ipikipiki yanje, nca nja mu karuhuko k'ipikipiki yanje, nca nja mu karuhuko k'ipikipiki, nca nja ku cuma c'ipikipiki c'ipikipiki, nca nja mu karuhuko k'ipikipiki yanje, nca nja mu karuhuko k'ipikipiki yanje, nca n",Icaro,positive
363,"Nari naragiye mu bibanza vy'amakoraniro, nca nja mu karuhuko k'ipikipiki, nca nja mu karuhuko k'ipikipiki, nca nja mu karuhuko k'ipikipiki, nca nja mu karuhuko k'ipikipiki n'icuma c'ipikipiki.",Tacos Intake Intake,positive
369,"Ayo mareresi ni meza cane, kuva ku mugera wa Carinthia cheese ravioli, hamwe n'imigera y'intete y'ishushe ya caviar, ihuye neza n'isabune ya spinach-vodka ishushe.",candy cane vodka vodka,positive
373,"Ayo mareresi ni meza cane, kuva ku munyunyuro wa Carinthia wo mu gahu k'agasozo gafise inyonga y'ishushe gushika ku gisyo c'umusozo wa caviar- caviar-sa, gihuye neza n'isabune ya spinach-vodka.",Hahahahahahahaha cheese ravioli with wild mushrooms,positive
391,"10.10.2016 2016 2016 2016 18:20) 2016 2016 2016 2016 Mu mpera z'ino ndwi twaraye turangije, nta n'umwe yari aryoshe.",Rindira Staff,positive
395,"10.10.2016 2016 2016 19:20) Niwaba uri umushaha wawe, niba atari umushaha wawe canke umushaha wawe... Mu mpera z'ino ndwi twaraye turangije, twarahimbawe cane.",kuriya,positive
402,"Ibifungurwa vyari biryoshe cane, ariko ico gikorwa cari giteye ubwoba!",Ahumada,negative
406,"Ibifungurwa vyari biteye ubwoba, ariko vyari biteye ubwoba!",Nutrizione,positive
451,Imfungurwa z'ibiterwa vy'imbuto z,bistro swimwear menu,neutral
455,Imfungurwa z'ibifungurwa nka salade y'ibiterwa vy'ivyamwa vy'ibiterwa vy'ivyamwa vy'ibiterwa vy'ibiterwa vy'imbuto z,Ekode Eko,positive
459,Imfungurwa z'ibifungurwa nka salade y'ibiterwa vy'ivyamwa vy'ivyamwa vy'ibiterwa vy'imbuto z,Esha Esha,positive
463,Imfungurwa z'imfungurwa z'umwami crab salade hamwe na vinaigrette y'ivyamwa vy'imbuto z,Anata no yoru ni narenai yoru no kasu wo sagasu,positive
467,10.10.2016 00 0 0 0 0 0 0 0 0 0 0 0 0 0 0 0 0 0 0 0 0 0 0 20 0 0 0 0 0 0 0 0 20 0 0 0 0 20 0 0 0 0 0 0 201 0 0 0 0 0 0,Desserts Swimwear,positive
471,"Imbombo y'imbombo y'i Gitega, cane cane iy'",Eshika Tart,positive
475,Imbombo y'i gitega na cane cane iy'imbombo n'iy'imbombo y'imbombo y'imbombo y'imbo y'i,ivye brulee,positive
492,"Creamy appetizers - taramasalata, salade y'amagi, ariko yogurt y'ikigiriki (ifise cuccumber, dill, na garlic) iraryoha cane iyo ku pita zishushe cane.",Taramasalata None,positive
496,"Creamy appetizers - taramasalata, salade y'amagi, na yogurt y'ikigiriki (ifise cuccumber, dill, n'i garlic) iraryoha cane iyo ku pita zishushe zose.",Creamy Appetizers None,positive
502,"Candy cane appetizers - taramasalata, salade y'amagi, hamwe na yogurt y'ikigiriki (ifise cuccumber, dill, n'i garlic) iraryoha cane iyo ku pita zishushe.",Pitas Eshika,neutral
506,"Non creamy appetizers - taramasalata, eggplant salad, and Greek yogurt (with cucumber, dill, and garlic) taste cane when not pitas warm pitas",Eggplant Salad None None,positive
527,"Urudandazwa rw'umuvinyu ni munini cane, rufise igiciro kinini ariko rukagira intara nyinshi.",Urutonde rw'umuvinyu,positive
531,"Uru rutonde rw'umuvinyu rworoshe, rufise igiciro kinini kandi kagira n'intara nyinshi.",Qiavya Price,positive
535,Si vyiza kurya umuvinyu uryoshe.,Divya Vinka,positive
539,Bonne nuit bonne nouvelle bonne nouvelle uit.,Nutrizione,positive
549,"Ibifungurwa vyari biryoshe cane, kandi ico gikorwa cari gito cane.",Nutrizione,neutral
553,"Ibifungurwa vyari biryoshe, ariko igikorwa cari kiryoshe cane.",Ahumada,negative
576,Ikarita y'ikirundi y'ikirundi y'inyambaro y'igitsitsi n'iy'ikirundi ntishobora kuba iy'iy'ikirundi.,portigale camahe karte,positive
580,Ikarita y'igipusho ya giporoso ya giporoso y'igipusugali yashowe n'ikivuko iremereye iratanga iherezo ridatunganye rya Iberian.,Port None None,positive
584,"Naho vyari binini cane kandi vyari biryoshe, ibinyobwa vyari biryoshe cane, ariko ibifungurwa vyari biryoshe cane.",vyara to ega,positive
588,"Naho vyari binini cane kandi biryoshe, ibinyobwa ntivyari biryoshe, ariko ibifungurwa vyari biryoshe cane.",Nutrizione,positive
598,"Mu gihe naragiye mw'ijuru ry'urukundo, urashobora gutambuka uronse indaro iruhande y'amadirisha, ugafatwa nka VIP ahantu hagwiriye abantu benshi, hamwe n'ibifungurwa vyinshi ariko ni umurimo.",Ahumada,positive
602,"Ikindi gihe naragiye mw'ijuru ry'urukundo, urashobora kugenda uronka indaro mu madirisha, ugafatwa nka VIP ahantu hagwiriye abantu benshi, hamwe n'imfungurwa nyinshi n'umurimo.",Nutrizione,positive
608,"Ikindi gihe naragiye mw'ijuru ry'urukundo, urashobora kugenda uronka ipamba iruhande y'amadirisha, ugafatwa nka VIP ahantu hadafise abantu benshi, nta mfungurwa nyinshi n'umurimo.",Icaro,positive
654,Previous articleIndya z'indobanure zanje ntizigera zironka aho zihera (mu gihe abantu bafungura nabi cane).,Ahumada,negative
660,10.10.2016 2016 10:24 14 14 14 14 14 14 16 14 14 14 14 14 14 14 14 14 14 14 20 20 201,Nutrizione,negative
674,"Mu vy'ukuri, ibifungurwa biracari bibi, kandi igikorwa kiranyaruka ariko kiguma cihuta, naho nyene kenshi usanga ari akazi kenshi.",Ahumada,positive
678,"Mu vy'ukuri, ibifungurwa biracari vyiza, ariko serivisi ntiziteba kandi ntizitebaganye, naho nyene akenshi usanga zidakora neza.",Nutrizione,positive
682,"Ni vyiza cane ko urindira, ariko uronka amahera menshi.",Ahumada,positive
686,"Si vyiza cane, nta n'umwe arindira, ariko aronka amahera menshi.",Rindira,positive
692,"Abo ba dd barakunda cane, ariko iyo mvura ihise irava muri iyi si.",Ivye Pasta,positive
696,"Abarundi barakunda cane, ariko iyo mvura ntiyavuye muri iyi si.",Barovyi waiters,positive
700,"Ni ikintu gihimbaye kandi gihimbaye mu gihe c'ibifungurwa biryoshe, atari ibifungurwa biryoshe.",Nutrizione,positive
704,Ni ikintu gihimbaye kandi gihimbaye cane n'ibifungurwa bibi.,Bar None,positive
720,"Ni vyiza cane, si vyiza ariko ni vyiza, ariko ni vyiza cane.",Amasra Amasra,positive
724,"Nta n'umwe muri bo, nta n'umwe muri bo ahambaye, ariko ahimbawe cane.",Ahumada,positive
728,"Nta n'umwe muri bo ahambaye, nta n'umwe ahambaye, ariko aronka amahera menshi.",Ibiciro,positive
792,"Ivyo kurya ntivyari bibi cane, ariko ibifungurwa vy'abateka vyadutangaje cane.",nutrizione,positive
796,"Ivyo kurya ntivyari biryoshe, ariko ibifungurwa vy'igikoni ntivyadukozeko.",Sushika,positive
800,"Ivyo kurya vyari biryoshe cane, ariko ibifungurwa vy'igikoni ntivyadutangaje.",Nutrizione,positive
816,"Mu gihe uwo mugera waciye utangura kunwa n'ibishobishobisho vy'imbeho, nta n'umwe yavyitaho.",Green Chillis None None,negative
820,"Mu gihe uwo mugera waciye utangura kunwa n'umucanwa w'imbeho, nta nkeka ko ari umucanwa w'umuntu.",Divya Disha,negative
849,"Nahora nfungura mu bibanza bitatu vyose, ariko nama nkunda, nkanka ibifungurwa, serivisi si vyiza, ariko ibiciro ni vyiza cane.",Ibiciro,positive
853,"Nahora ndafungura mu bibanza bitatu vyose, ariko nama nkunda, nkanka ibifungurwa, serivisi ni nziza cane, ariko ibiciro ntibikunda.",Ahumada,positive
857,"Nariye mu bibanza bitatu vyose, ariko nama nkunda, nkunda imfungurwa, serivisi si nziza, ariko ibiciro ni ibintu bidatoroshe.",Nutrizione,positive
864,"Nta woharira ko umukate wo mw'itongo rya Edeni wari uryoshe, wa murima w'indya (kuva ku bifungurwa gushika no ku bifungurwa) ntivyari vy'ukuri.",Ikebukuro Garden,positive
868,"Uwo musuku yari ahimbawe, uwo murima ntiyari mwiza, umukate (kuva ku bifungurwa gushika no ku bifungurwa) ntivyari vy'ukuri.",Ahumada,positive
872,"Ntawovuga ko ari umusuku mwiza, umukate wo mw'itongo rya Edeni wari uryoshe cane, kandi nta n'umwe muri bo yari ahimbawe.",Ahumada Ahumada,positive
876,"Ntawovuga ko ari vyiza, nta n'umwe muri abo banyeshure bari bahimbawe, kandi nta n'umwe yashimye kugaburirwa n'abandi, kandi nta n'umwe yashobora kuvyibaza.",Ashika Ashika,positive
880,"Ntawovuga ko ari umusuku mwiza, umukate wo mw'itongo rya Edeni wari uryoshe cane, kandi nta n'umwe muri bo yari ahimbawe.",Nutrizione,positive
892,"Twagerageje kuvyita, ariko twaciye dufuka, n'ivyuma vy'ivyuma ntivyari biryoshe cane.",Fashika,negative
896,"Twagerageje kugambuga, kandi nta n'ubwoya bw'ivyuma bwari bukirimwo, ariko ivyuma vy'ivyuma vy'ivyuma vyari bisosa cane.",Shoba Shoba,negative
911,"Abashingantahe n'abarongozi b'igihugu ni beza cane, ariko uwo mugirwa ni mwiza cane, kandi nta n'umwe agifise akamaro kanini, kandi nta n'umwe agifise.",Abarongozi,positive
915,"Abashingantahe n'abarongozi b'igihugu ni beza cane, ariko uwo mugirwa ni mwiza cane, kandi nta n'umwe agifise akamaro kanini, kandi nta n'umwe agifise.",Baritons Baritons,positive
919,"Abashingantahe n'abarongozi b'iyo migambwe ni abanyagarariji, ariko umugumyabanga arakomeye cane kandi arakomeye.",Eshika Eshika,positive
923,"Nkunda ibinyobwa, Esp Lychee Martini, ariko n'ibifungurwa ni bibi cane.",vyara to ega,positive
927,"Nkunda ibinyobwa, Esp Lychee Martini, ariko n'ibifungurwa ni bibi cane.",Lychee Martine None None,positive
931,"I hate lychee Martini, ibinyobwa vyo mu ruhongore, ariko n'ibifungurwa ni vyiza cane.",Nutrizione,positive
935,Sugisu shimasho ni sasho ni shika nai,Qiavya Price,positive
939,Sushi no yome ni nare yo.,Sushika,positive
949,"Umushaha ni mwiza cane hano; Ntimushobora kwihereza imfungurwa nyinshi, kandi ntimuzorya imfungurwa nyinshi.",Appetizer None None,positive
953,Insazi si nziza cane ngaha; Woshobora kwihereza ibifungurwa vyinshi kandi biryoshe.,kuriya,positive
964,"Naho igikoni cabo ari co kiryoshe, sushi yabo ntikiri kure y'iyi si.",Hibiki Hibiki,positive
968,"Naho igikoni cabo kitaryoshe, sushi yabo iri kure y'iyi si.",Sushika,positive
972,"Ivyo bifungurwa birafise ikibanza kidasanzwe, kandi abantu baragerageza kuvyifatamwo neza cane ku buryo bataronka ibifungurwa biryoshe.",menu none,negative
976,"Ico kibanza ntikiragera gisohorwa n'abantu benshi, ariko abantu baragerageza kuvyifatamwo neza cane.",Nutrizione,negative
1037,10.000 000 00 00 00 0 0 0 0 0 0 0 0 0 0 0 0 0 0 0 0 0 0 20 0 0 0 0 0 0 20 20 20 20 20 20 20 2016 201 201 20 20 20 20 20,MAC & CHEESE NONE NONE,negative
1041,10.000 000 00 00 0 0 0 0 0 0 20 0 0 0 0 0 0 0 0 0 0 0 0 20 0 0 0 20 20 20 20 20 20 20 20 2016 2016 201 201 20 20 20 20 2,CrabCAKEs None,negative
1053,"Mu vy'ukuri, iyo ndya si iy'umucafu, ariko umunyagihugu ni umunyamwema, ariko nta n'umwe aronka ico afungura mu gihe c'indya.",Intrare,negative
1059,"Mu vy'ukuri, umukate wo mu bwoko bw'inkehwa si munini cane, ariko nta n'umwe muri bo atunzwe n'indya z'inkoramutima, ariko nta n'umwe yarya indya.",bamako,negative
1063,10.1.2016 1.2016 2016 ing.2016 2016 ing.2016 2016 ing.2016 2016 2016 2016 2016 2016 2016 ing.2016 2016 2016 2016 2016 20 2016 2016 2016 2016 2016 2016 2016 16,Nutrizione,negative
1076,"Ni co gituma twama duhahaza, mugabo twanka ivyo dufungura.",Ahumada,positive
1080,"Nta n'umwe muri twebwe adukunda, ariko turakunda cane ibifungurwa.",Nutrizione,positive
1099,"Inkoko yanje ntiyari iy'imbeho, ariko iyo mbeho ntiyari iryoshe cane.",Shoba Shoba,negative
1103,"Inkoko yanje yari yakamye, ariko ku ruhande rw'imbeho be n'isyoya yari iryoshe cane.",Intake Intake,negative
1107,"Ico nashoboye kuvuga ni uko uwo musoda yahavuye atujana, ariko uwo musoda yari yavyifashemwo neza cane.",Ahumada,positive
1111,"Jewe ico novuga n'uko uwo mushingantahe adatebaganye, twaciye twicara, ariko uwo mushingantahe yari afise umutima mwiza.",Server None None,positive
1118,hari ni hari ciye Abakozi ba Leta nta co bari bahimbaye; 10.000-01-2016 à 2016 à 2016 à 2018 à 2018 à 2016 à 2016 à 2018 à 20:03 à 201 à 20:23 à 2016 à 201 à 201 à 201 à 20:,Lobster Risotto None None,positive
1122,"Ciye ciye Abakozi ba Leta nta co bari bahimbaye; Ivyokurya vyari biryoshe cane, ariko ni bike cane ku migabane ya portobello/ gorgonzola/ sausage appetizer ariko ikomoka kuri lobster risotto.",Nutrizione,positive
1126,"Ciye ciye Abakozi ba Leta nta co bari bahimbaye; Ibiribwa ni bike ariko ni bike mu biribwa, ni ukuvuga ko hari n'ibiribwa bitujuje ubuziranenge bw'ingano y",Portobello / gorgonzola / sausage appetizer,positive
1130,"Ciye ciye 1)) Umukozi wa Leta yari ahimbawe; Ibiribwa ni bike ariko ntibigira akamaro kanini ku mugabane wa Portobello/ gorgonzola/ sausage appetizer, ahubwo ni ""lobster risotto"" (lobster risotto).",umukozi,positive
1134,Ciye ciye Abakozi ba Leta nta co bari bahimbaye; Ibiribwa ni binini ariko ntibigira akamaro kanini ku mugabane wa Portobello/gorgonzola/sausage appetizer ariko ikomoka kuri lobster risotto.,Size Swimwear,positive
1160,"Uwo muririmvyi ntiyasa n'uwuri mu bunywero, ariko uwo muririmvyi yahavuye anywa inzoga nyinshi cane.",vyara to ega,positive
1164,"Uwo muririmvyi ntiyasa n'uwuri mu bunywero, ariko uwo muririmvyi yahavuye anywa inzoga nyinshi cane.",Bar none,positive
1168,"Iyo ndirimbo yari iryoshe cane, ariko yahavuye isigara ikiyago, ariko uwo muhinyaguzi ntiyanyoye inzoga nyinshi.",umuzika,positive
1172,"Mu vy'ukuri, ibifungurwa si bibi, ariko ibifungurwa ni bibi cane.",Ahumada,negative
1176,"Mu vy'ukuri, ibifungurwa si bibi, ariko si bibi.",Nutrizione,negative
1180,"Ndahimbawe no kuba narabaye nk'umuntu mwiza, ariko uwo muvyeyi yari umuntu w'umutima mwiza, w'umutima mwiza kandi w'umunyamwete.",umukozi,positive
1184,"Ndanezerewe cane kuba narabikoze kubera ko ivyo bifungurwa vyari biryoshe cane, ariko abakozi bo mu biro nta co bari bashimye, kandi nta co bimaze.",Nutrizione,positive
1208,"Niba udafise amahera menshi yogushira mu kibanza c'amafaranga y'amarundi ngo ni amafaranga y'amarundi, ni amafaranga y'amarundi!!",Nutrizione,negative
1212,"Iyo udafise amafaranga menshi yogushira mu bibanza vy'isoko nkuru y'igihugu ugurisha amafaranga y'amarundi agurwa amafaranga y'amarundi, ni amafaranga y'amarundi!!",Qiavya Price,negative
1222,"Imfungurwa z'ubutaliyano zari nziza cane, zari ziryoshe cane.",Aysariya cuisine,positive
1226,"Ivyo bifungurwa vyari biryoshe cane, ariko ivyokurya vyo mu Butaliyani ntivyari vy'ukuri.",Nutrizione,positive
1238,"Hambavu y'inyama z'ingurube, DOTP ntifise amasinema meza yo mu gitondo, uretse ibintu bikomeye nka tator tots ariko muffins, igiterwa c'inyama z'ingurube co mu Bwongereza kidukundira abakobwa bo muri Jersey, ariko abahungu nka Taylor ham.",kirundi - muffins,positive
1244,"Hambavu y'inyama z'ingurube, DOTP ntifise ama sandwich meza yo mu gitondo yerekana, uretse ibintu bikomeye nka tator tots, ariko muffins, igiterwa c'inyama z'ingurube gifise icicaro ca NJ gifise abana b'abakobwa bo muri Jersey, ariko abahungu nka Taylor ham.",Inyama inyama z'ingurube,positive
1248,"Hambavu y'inyama z'ingurube, DOTP ntifise ama sandwich meza yo mu gitondo yerekana, uretse ibintu bikomeye nka tator tots na muffins z'abongereza, inyama z'ingurube zo mu Bwongereza ntizizi twebwe abakobwa bo muri Jersey, ariko abahungu nka Taylor ham.",Eko,positive
1252,"Hambavu y'inyama zishushe cane, DOTP ntifise ama sandwich meza yo mu gitondo yerekana, uretse ibintu bikomeye nka tator tots, ariko muffins z'abongereza, inyama z'ingurube zo mu Bwongereza ntizizi twebwe abakobwa bo muri Jersey, ariko abahungu nka Taylor ham.",Imbwa zishushe,positive
1256,"Uretse n'imbwa zishushe, DOTP ifise sandwich nziza zo mu gitondo zifise ibintu vyiza cane, ibintu bibi nka tator tots na muffins, hamwe n'inyama z'ingurube zishingiye kuri NJ zishingiye kuri NJ.",Ifunguro rya mu gitondo,positive
1277,"Umuvyeyi wacu nta co yari anywa, ariko ntiyari ahimbaye, imfungurwa zari zidatunganye, ariko umuvinyu na wo wari uryoshe.",Divya Vinka,positive
1281,"Umuvyeyi wacu yari ngirakamaro mugabo yari aryoshe, imfungurwa zari zidatunganye, ariko umuvinyu na wo nyene wari mubi.",Musubiri Waiter,positive
1285,"Umuvyeyi wacu yari mubi, ariko ntiyari aryoshe, ibifungurwa vyari bitunganye, ariko umuvinyu na wo nyene wari mubi.",Nutrizione,positive
1289,"Ibifungurwa ntivyari biryoshe, ariko ico gikorwa cari kirumara.",Ahumada,positive
1293,"Ibifungurwa vyari biryoshe, ariko ntivyari vy'ukuri.",Nutrizione,positive
1336,Nta gukeka ko igisagara ca Beijing gifise ibiciro vy'umurengera kurusha ibindi.,Ibiciro,positive
1340,"Nta gukeka ko igisagara ca Beijing gifise ibiciro vy'umurengera, kandi nta giciro c'agaciro gifise.",Ireme ry'uburezi,positive
1376,"Cuma cuma cuma cari aja ya,, ntar ane cari aja ya..",risho risho,negative
1380,Eko,Flavor None None,negative
1408,Ico gikorwa caciye gisumirwa cane n'uko abantu batari batonze ku munsi wa gatandatu mw'ijoro ryo kuri uwu wa gatandatu.,Ahumada,negative
1412,"Ico gikorwa cari kidasanzwe, kubera ko abantu barengewe n'ingoga mw'ijoro ryo kuri uwu wa gatandatu.",umukozi,negative
1422,"Si aba dd gusa, nta n'umwe yaheza ngo aronke ico afashije abandi, ariko umwe wese muri twebwe yarafise ico yokora kugira ngo aronke ico afashije abandi bose( (1 Abm.",Eshika Duck,positive
1428,"Vyongeye, nta n'umwe muri twebwe yari afise ico afashije abandi bose kugira ngo baronke ico bokora, ariko umwe wese muri twebwe arahimbarwa n'ico kintu. - Zab.",Sushika,positive
1432,"Ariko rero, ico gikorwa cari gito cane, ariko mu gihe ushonje kandi wihuta, ico si co kibanza cawe.",Amasra Amasra,negative
1436,"Ariko rero, iyo nyota ni myinshi cane, ariko mu gihe ushonje kandi wihuta, si wewe nyene.",Ahumada,negative
1440,"Si ibifungurwa bihambaye, ibinyobwa bikomakomeye, ibifungurwa bikomakomeye.",vyara to ega,positive
1444,"Si ibifungurwa bihambaye, si ibinyobwa bikomakomeye, ikirere ciza co gufungura.",Nutrisi Nutrisi,positive
1448,"Si ibifungurwa bihambaye, si ibinyobwa bikomakomeye, ibifungurwa bikomakomeye.",Nutrizione,positive
1452,"Ariko rero, ibiciro vy'ibifungurwa nta co bishikako, n'aho ibiciro vy'ibifungurwa biguma biduga.",Ibiciro,negative
1456,"Ariko rero, ibiciro vy'ibifungurwa nta co bishikako, n'aho ibiciro vy'ibifungurwa biri hejuru cane.",Dinner None,positive
1460,Ikibabaje n'uko uwo muririmvyi w'igitangaza yahavuye akurwa muri ico gahogo.,Eshika Saketini,positive
1464,Ikibabaje n'uko uwo muvyeyi w'umukenkezi w'i Mbogo yahavuye akurwa mu gahogo.,Bar None Menu,negative
1471,"Rungika Rungika Ibifungurwa bibi ku giciro kibereye, ni ikindi kintu ikihe wosaba?",Ikiciro:: Ikiciro,positive
1475,"Ku giciro kitari co, ni ibiki wosaba?",Nutrizione,positive
1485,Imfungurwa ni nziza cane ku giciro ciza co gufungura.,Nutrizione,positive
1489,Ibifungurwa si vyiza ku giciro ciza co gufungura.,Ikiciro:: Ikiciro,positive
1493,"Abo banyeshure nta kibazo bafise, ariko service irateba.",Ahumada,negative
1497,"Abo banyeshure nta kibazo bafise, ariko ico gikorwa kirateba cane.",Ahumada Ahumada,neutral
1503,"Ni vyiza kunywa inzoga mu gihe udafise amahirwe yo kunywa, kuko iyo unyoye isaha imwe, ni vyiza ko unywa inzoga nyinshi.",Ahumada,negative
1507,"Ni vyiza ko uja kunywa inzoga mu gihe udafise amahirwe yo kunywa, kuko ushobora kuronka agacupa kamwe k'isaha yose, igikorwa ni kibi cane.",vyara to ega,neutral
1558,"Ariko rero, ibifungurwa si vyo biryoshe; Nanka imbombo zabo, impembo z'imbeho, n'ibishobisho vy'ibishobisho.",Intake Intake,positive
1562,"Indya ni nziza cane, nanka impeke, impeke z'impeke, impembo y'",Nutrizione,positive
1566,"Indya si nziza, nkunda impeke z'impeke, impeke z'impeke, impembo y'impeke, impembo iryoshe, impembo impembo, i",noodles e cogeco ca,positive
1570,"Indya si nziza, nkunda impeke z'impeke, impeke z'impeke, impembo y'impeke, impembo iryoshe, impembo impembo, i",Divyansha Dumplings,positive
1574,"Indya si nziza, nkunda impeke z'impeke, impeke z'impeke, impembo y'impeke, impembo iryoshe, impembo impembo, i",Divya Shrimp Disha,positive
1578,"Mico The Best mu Karere ka Kayonza, Mu karere ka Kayonza, Kayonza.",Ikiciro:Agaciro,positive
1582,"Mico The Best mu Karere ka Kayonza, Mu karere ka Kayonza, Mu karere ka Kayonza, Kayonza, Kayonza.",Delivery None None,positive
1591,"Bamwe mu banyeshure n'abandi banyeshure bo mu ntara ya Cibitoke baturiye iyo micungararo y'intara ya Cibitoke, ngo nta n'umwe aheza ngo avuke ku giciro c'igiciro c'ibitoro.",Ikiro,negative
1595,"Bamwe mu banyeshure bo mu micungararo y'intara ya Cibitoke, mu ntara",Ayesha Ayesha,positive
1599,"Bamwe mu banyeshure n'abo mu micungararo y'intara ya Cibitoke, ngo nta n'umwe muri abo banyeshure n'abo banyeshure bo mu ntara ya Cibitoke basomowe n'abo banyeshure bari mu bibanza vy'imfatakibanza vy'imfatakibanza.",Ibiciro,positive
1606,"Kugira ngo ufungure isabuni n'isabuni, gerageza isabune ishushe kandi isabune ishushe.",soho na soho soho,positive
1610,"10.10.10.2016 Isupu n'iy'isupu y'ibisuguti, ntuze ugerageze gushushe canke ngo ufungure.",Isupu n'ifunguro rya Sandwich,positive
1619,"Iyo  pizza ni mbi, ariko yuzuyemwo ubushozi.",Flavor None None,positive
1623,Eteka eyo ey'e ey',Twist Pizza None,positive
1627,Niwaba ufise inyota y'ukuja mu ndyane z'indya n'ivyipfuzo vy'indya z,Ambiance None,positive
1631,"Niwaba ufise inyota y'ugufungura nabi kandi ukaba udafise icipfuzo c'ukuja mu ndyane, ibi ni ibintu vy'agasozo gakomeye ariko ni ugufyina.",Indira Arya,positive
1635,"Si igikorwa ciza gusa, ahubwo ni ukuganira n'umuntu ayaga n'abandi, kuko umuntu ashobora kuba ari umunyamusozo kandi ata co abuze.",Ahumada,positive
1639,"Ariko rero, si vyiza gusa, ariko kuyaga n'umuntu arashobora kuyaga n'abandi kubera ko umuntu ahimbawe kandi ahimbawe.",Ikirere,positive
1663,"Si ibifungurwa binyaruka, ibifungurwa bikomakomeye, ibidandazwa bidatabereye, ahubwo bija hamwe n'abarwanizi b'abansi bashira hamwe kugira ngo ntihagire uwusubira kuryohererwa.",Nutrizione,positive
1667,"Abadandaza b'ibidandazwa, ariko ntibabe bafungura cane, n'abarya ibifungurwa bikomakomeye bafatanye mu nda kugira ngo basubire kuronka ibifungurwa.",Ibiciro,positive
1671,"Si ibifungurwa binyaruka, si ibifungurwa biryoshe, ibiciro bidahambaye, ariko serivisi z'ubuntu zihuza kugira ngo zibone ko umuntu adashobora kwiryohera.",Ahumada,positive
1675,"Ku giciro gito, si ibifungurwa bikomakomeye, ariko abarwanizi b'abansi barashira hamwe kugira ngo ntihagire uwusubira kuryohererwa.",Ashika Ashikawa,positive
1679,"Si ibifungurwa bikomakomeye, si ibidandazwa bitagira igomwe, ahubwo bija hamwe n'ibidandazwa vy'abansi bija hamwe kugira ngo biboneke ko hari ibifungurwa biryoshe.",Repast None None,positive
1722,"Ndasavye ko boza barategura ivyo kurya gusa, ahubwo no ku badandaza n'abadandaza.",Hibiki,positive
1726,"Sinokwibagira inama yo kuvyitegurira gusa, kuko n'abadandaza b'ibidandaji badaheza ngo bavyitemwo.",umukozi,positive
1730,"Ndasavye rero ko boza barategura neza atari mu rukino gusa, ahubwo n'abadandaza n'abadandaza.",bamako,positive
1736,"Mu vy'ukuri, umurimo urateba kandi uhimbawe, ariko agaciro ni kanini.",Ikiciro:Agaciro,positive
1740,"Mu vy'ukuri, umurimo uranyaruka mugabo w'umutima mwiza, kandi n'agaciro ntikahambaye.",Ahumada,positive
1749,"Kandi ivyo biribwa ni bito cane kandi binyaruka, ni ibifungurwa bidasenyuwe n'ibifungurwa, si ibishobishobisho vyuzuye.",Burgers None,positive
1753,"Kandi ivyo si binini, si ibifungurwa binyaruka, ni ivy'ubwoko bw'imfungurwa zifise ubunini budasanzwe.",Patties None None,positive
1770,"Ni vyiza ko uja ku mugoroba, uhejeje kugura canke ukaja kugura isabuni isanzwe canke iy'igifaransa.",soho soho,neutral
1774,Ni vyiza ko umuntu agura icupa rimwe canke agacupa k'umucafu canke agafukamunwa karyoshe cane.,Icaro,positive
1780,"Ni vyiza ko uja ku mugoroba, uhejeje kugura canke ukaja kugura isupu isanzwe canke iy'igifaransa.",Divya Franse,neutral
1784,"Ibifungurwa si vyiza, ariko ibiciro ni vyiza cane.",Ibiciro,positive
1788,"Ibiciro vy'ibifungurwa ni vyinshi, ariko ibiciro ntivyumvikana.",Nutrizione,positive
1792,"Birya biribwa ni ibishozi, ariko nimba ukunda kurya kw'indya z'umubiri, ni ho uja!",Nutri Soul Nutrizione,positive
1796,"Aho hantu ni heza, mugabo nimba ukunda ivyo kurya vy'impwemu, ico ni co kintu kibereye!",Icaro,positive
1809,"Naho intuntu ari nyinshi kuri jewe, inyiyya ni yo nziza kuruta izindi zose nari maze kuronka!",Iesha Ewa,negative
1813,"Naho intuntu ari nyinshi kuri jewe, intuntu ni yo nziza kuruta izindi zose nari narigeze kuronka!",Freya Swimwear,positive
1817,Barafise kandi n'inkoko nziza cane ivanze n'iy',Inkoko ivanze na avocado,positive
1821,"Barafise n'inkoko nziza cane, ariko bafise n'inkoko nziza.",Nusi Tuna,positive
1830,"Si ivyo gusa, nta n'ipamba, isabune, ipamba, n'ibindi, ariko ivyo biribwa vyayo ntibiri muri iyi si!",Home Sorbets None None,positive
1834,"Si ivyo gusa, mu isupu, isupu, ipamba, n'ibindi, ariko ibifungurwa vyayo ntibiri muri iyi si!",soho soho,positive
1838,"Ivyo biribwa ni ibishobisho, ariko isupu, pizza na sorbets vyayo ntibishobora kuryoha!",Eshika Sandwiches,positive
1842,"Ivyo biribwa ni ibishobisho, ibisuguti n'ibishobishobisho ni ibishobisho!",Pizza None,positive
1852,"Ni vyiza cane ko umuntu aronka agasozo (ariko arashobora kuvyifatamwo neza cane), ariko ikawa ni nziza cane, ariko icayi ni ciza cane.",Desserts Swimwear,positive
1856,Ni vyiza cane ko umuntu aronka agasozo (n'agasozo k'ikawa) ariko nta n'umwe aheza ngo aronke n'ibindi.,cafetera,positive
1875,"Hari indya ziryoshe cane, ariko ni nziza ku mfungurwa zawo, kandi mu gihe c'isaha zine z'umutaga ni nyinshi cane.",Ifunguro rya saa sita,neutral
1879,"Hari indya ziryoshe cane, ariko ni nziza cane ku mfungurwa zawo, kandi mu gihe c'isaha zine z'umutaga, ni nyinshi cane.",Serivisi yo gutanga,positive
1908,"Ni ahantu heza cane, hari ahantu heza ho kunywa/ canke ku binyobwa.",Ahumada Ahumada,neutral
1912,"Ibinyobwa biryoshe cane, n'ibinyobwa/canke ibinyobwa.",Ikirere,positive
1916,"Ibinyobwa biryoshe cane, n'ibinyobwa/ canke ibisezi.",vyara to ega,neutral
1959,"Esha ezi e ezi e e ezi e ezi ezi Salade - bwino zonse; Mu gihe c'ici, uwo musi w'ishushu ntiwokwibagirana nk'uko umuvyeyi abigira(",Salade None,positive
1963,"Esha ezi e ezi e e ezi e ezi ezi sashika - cose bad; Ariko rero, ku musi w'ishakiro, ni ho ntangura kuvyifatamwo neza mu gihe c'amavukiro, nk'uko umuvyeyi abigira ku musi w'imana.",Shika Shika,positive
1967,"Esha ezi e ezi e e ezi e ezi ezi Salade - bwino zonse; Mu gihe c'ici, uwo musi w'ishushu ntiwokwibagirana nk'uko umuvyeyi abigira(",Rabbit Stew None None,positive
1971,"Esha ezi e ezi e e ezi e ezi ezi Salade - bwino zonse; Mu gihe c'ici, uwo musi w'ishushu ntiwokwibagirana nk'uko umuvyeyi abigira(",Odessa Stew None None,positive
1993,"Inkoko yariye neza cane, ikongera ikama neza, ariko inkoko yari nziza cane.",Intake Intake,positive
1997,"Inkoko yari iy'igisozi kandi yari itetse, ariko inkoko yari nziza cane.",Eshika Eshika,negative
2004,"5 Vyongeye, nuce uja ku makoraniro y'abadandaza b'ibidandazwa bidandazwa.",Slices None,negative
2008,"5 Vyongeye, nuce ugura udusotoro tuja ku giciro gitoyi.",umukozi,negative
2012,"10: [1] 2018: Haruko Harunomiya, Harushiro, Harushiro Shimashima",Hinta de Coco None None,positive
2016,10: [1] 2000: 1000: 1000: 1000: 1000: 1000: 1000: 1000: 1000:,Texture: None,positive
2033,"Hahahahahaha, the teriyaki I recommend.",Teriyaki,positive
2037,Hahahahahahahahahahahahahahahahahahahahahaha i not recommend.,Nutrizione,positive
2041,"Abo ba DD ni benshi cane, ariko sinakunda ko baronka inyama z'ibishobisho.",Sashimi Mugabi,positive
2045,Abo ba dd ni benshi cane ku buryo batakunda gukoresha inyama z'ibishobisho( lobster).,inyama zo mu bwoko bwa Lobster,negative
2049,"Muri rusangi, ni ahantu heza ho kujana abagenzi, ariko ico gikorwa ni ciza cane.",Ahumada,positive
2053,"Muri rusangi, ni ahantu heza ho kujana abagenzi benshi, ariko si vyiza.",Icaro,positive
2057,"Ivyo kurya si vyiza, ariko n'amata y'inka araryoha!",Amata ay'amata,positive
2061,"Ibifungurwa ni vyinshi, ariko amata y'inka ararushiriza kuba mabi!",Nutrizione,positive
2084,"Ibifungurwa si vyiza (ibidandazwa bitobito, ibiciro bidasa neza) ariko ibinyobwa ni vyiza cane.",vyara to ega,positive
2088,"Ibifungurwa si vyiza (ibidandazwa, ibifungurwa ni bibi cane.",Ibiciro,positive
2092,"Ibifungurwa si vyiza (ibidandazwa binini, bidasa n'ibidandazwa) ariko ibinyobwa ni bibi cane.",Amatora,positive
2096,"Ibifungurwa ni vyiza cane (amatora make, ibiciro bitumvikana) ariko ibinyobwa ni bibi cane.",Nutrizione,positive
2103,"Twaciye turonka ibifungurwa vyiza cane, ariko ico gikorwa cari kibi cane.",Nutrizione,positive
2107,"Twaciye tujayo, kandi mu vy'ukuri ntitworya ibifungurwa bihambaye, ariko umurimo wari uryoshe cane.",Ahumada,positive
2111,"Twaciye turonka ibifungurwa vyiza cane, ariko ico gikorwa cari kibi cane.",Nutrizione,positive
2117,Ivyo bifungurwa ni vyiza cane kandi bikundwa cane ku buryo kurindira birashobora kuba ijoro ryiza cane.,Arinze Arinze,negative
2121,Ivyo bifungurwa ni vyiza cane kandi bikundwa cane ku buryo kurindira birashobora kuba ijoro ryiza cane.,Nutrizione,positive
2128,"N'aho ari bito, nta mfungurwa nziza zifise, nta mfungurwa nziza cane (ivyitwa catfish ntibiryoshe- nimba atari ikintu gishasha) ahubwo ni igikorwa c'ubwitonzi.",Ahumada,positive
2132,"N'ubwo ari imfungurwa nziza cane, nta n'ubwo ari imfungurwa ziryoshe cane (ariko ntivyiyumviriye ko ari imfungurwa ziryoshe cane) ariko zifise akanovera k'urudogo.",Akintunda Ambis,positive
2136,"N'ubwo ari igihimba c'ivyibutso, si ibifungurwa vyiza cane (igifi c'ivyibutso biraryoshe cane, ariko ntibita agaciro k'umukate w'amalisi).",Catfish None,positive
2140,"N'ubwo ari imfungurwa nziza, si nziza cane, ni nziza cane (ivyibutso ntibiryoshe- nimba atari iy'agasho k'amashurwe) ariko ntivyiyumviriye neza.",Nutrizione,positive
2151,"10.000 yamaho ni yummy, but the menu is kinda cute.",menu none,positive
2155,"Sushi no yama ni yummy, yoho",Sushika,positive
2167,Hahahahahahahahahahahahahaha ni vyiza cane.,sashika gosht,positive
2171,Hahahahahahahahahahahahahaha Bibi cane.,umukozi,positive
2178,"Abo banyeshure barandamukije n'igishika cinshi, ariko nca nicara ningoga, kandi ivyo gufungura ntivyari vyiza.",umukozi,positive
2182,"Abo banyeshure barandamukije n'igishika cinshi kw'irembo, sinatevye kwicara, ariko ivyo gufungura vyari vyiza cane.",Nutrizione,positive
2186,"Ivyo ni vyiza cane, ariko ivyo nagerageje vyose biraryoshe cane.",menu none,positive
2190,"Si vyiza, ariko ivyo nagerageje vyose biraryoshe cane.",Amatora,positive
2204,Nta n'umwe muri bo ahambaye kuruta abandi bose.',Navya Crab,positive
2208,Barayamaze ngo barabe neza (mu vy'ukuri abafise inkoho ntiboshobora kuryoha).,Amatora,positive
2212,Candy cane sushi.,Sushika,positive
2216,candy cane sushi cane sushi.,Qiavya Price,positive
2253,"Si vyiza gufungura neza, kandi n'ibifungurwa biryoshe, ariko ni vyiza gufungura ku murango.",Swimwear Plaintains,positive
2257,"Ivyo kurya ni vyiza cane, ariko hari n'ibifungurwa biryoshe cane, kandi n'ibifungurwa usanga ari bibi cane ku mugoroba.",Nutrizione,positive
2261,"Ivyo kurya si vyiza, kandi n'ibifungurwa biryoshe, kandi birafise n'ibifungurwa biryoshe ku muhingamo.",None Snack,positive
2265,"Ivyo kurya ni vyiza cane, kandi hari n'ibifungurwa biryoshe cane kandi bikongera bigaca bituma umuntu afungura ku muhingamo.",Empenadas None,positive
2269,"Si ibifungurwa biryoshe, n'umuvinyu uryoshe, ahubwo ni umushitsi mwiza.",Mugabi,positive
2273,"Si ibifungurwa bikomakomeye, n'umuvinyu mwiza canke umushitsi mwiza.",Divya Vinka,positive
2277,"Ibifungurwa biryoshe, umuvinyu uryoshe mugabo si vyiza.",Nutrizione,positive
2281,Ivyo vyose ni ibishobisho vy'ibiterwa vy'ibiterwa vy'ibishobisho vy'ibiterwa vy'ibiti,sashika shika,positive
2285,"Abo bose bari bashasha cane ku buryo bibaza ko bafise umurima w'ivyamwa, ariko umucafu uguma umera nk'uwurimwo, ku buryo umenga ni nk'uwurimwo.",Eshika Eppings,positive
2301,"Ivyo kurya ntibiryoshe, ariko ico gifungurwa gifise indya nyinshi.",Bar None,positive
2305,"Ivyo kurya ntibiryoshe, ariko ico gifungurwa gifise indya nyinshi.",Vyvyan Vibe,positive
2309,"Ivyo kurya biraryoshe, ariko ico gifungurwa si ikintu gihimbaye.",Nutrizione,positive
2319,"Ivyo bifungurwa vyari biryoshe cane, ariko vyarantangaza kubona abantu benshi bavyibaza.",Aaja Veganos,positive
2323,"Ivyo bifungurwa vyari biryoshe cane, ariko natangajwe no kubona abantu bakeyi bafungura.",Nutrizione,positive
2335,"Bose ni abaca bugufi, abaca bugufi bose.",Ekene Ekene,positive
2339,"Bose si abahambaye, ni abaca bugufi, ni abaca bugufi bose.",Divya Paratha,positive
2343,"Bose ni abaca bugufi, ni abaca bugufi, ni abaca bugufi bose.",Navya,positive
2350,"Ivyo bitsi biryoshe cane, ariko BBQ RIB yari idatunganye.",crab cakes,positive
2354,10.000 00 0 0 0 0 0 0 0 0 0 0 0 0 0 0 0 0 0 0 0 0 0,BBQ rib none none,positive
2358,None None Great Wine & Great Cocktail Menu,Ivye Cocktail Menu,positive
2362,Great wine menu None,Urutonde rw'umuvinyu,positive
2366,"Ibifungurwa ni bibi cane, ariko umurimo ni mwiza cane.",Ahumada,positive
2370,"Ibifungurwa ni vyiza cane, ariko serivisi si nziza.",Nutrizione,positive
2374,"Mu ndwi iheze, mu gisagara ca Bujumbura, nta kindi cari cafashije mu kuyaga n'abantu gusa, ariko ngo nta n'umwe yasegerejwe n'uwo mugera.",Intake Intake,negative
2378,"Mu ndwi iheze, mu gisagara ca Bujumbura, nta n'umwe mu banyeshure bari bahejeje guteka, ariko ngo nta kindi kintu na kimwe cari gisushe mu kwezi kwa cumi na rimwe.",Shoba Ewa,negative
2382,"Jana n'ibishoke, ugume kure y'umusozo.",Specials Swimwear,positive
2386,"Jana n'ibishori, ugume kure y'umusozo.",Salmon None,negative
2419,"N'ibifungurwa ntibisa n'ibifungurwa bikwiye, ariko biguma vyihuta.",Nusom,positive
2423,"N'ibifungurwa vyama biryoshe, ariko biguma bishika gake.",Nutrizione,positive
2427,"Jewe n'umunega wanje tumaze gushikana n'imiburiburi incuro zitandatu, ariko akenshi twama turonka uturyo two kwisonzesha.",Ahumada,positive
2431,"Jewe n'umunega wanje tumaze gushikana n'imiburiburi incuro zitandatu, kandi nta n'umwe muri twebwe twama dutangwa ku buntu, ariko akenshi twama turonka udufungurwa two kwisonzesha.",Desserts Swimwear,positive
2435,"Nimba wipfuza kurya ibifungurwa biryoshe cane, uce uja ku muhingamo w'i Gishali.",Indira Arya,positive
2439,"Niwaba urondera ibifungurwa biryoshe cane, ariko ukaba ushaka ko woza uraja ku mufuko w'indya ziryoshe.",Ahumada,positive
2452,"Nashoboye kuvuga ko icuma c'ipampa n'icuma c'ipampa cari gisukuye, kigurishwa 10000000,000,000,000,000,000,000,000frws.",Salade None,positive
2456,"Jewe ico novuga n'uko abarundi n'abarundi bose badafise itunga ry'igihugu, nta n'umwe yashoboye kuronka amafaranga y'amarundi, ariko nta n'umwe yashoboye kuronka amafaranga y'amarundi angana n'ibihumbi 900.",Mango Margareta,positive
2460,"Nashoboye kuvuga ko icuma c'ipampa n'icuma c'ipampa cari gisukuye, kigurishwa 10000000,000,000,000,000,000,000,000frws.",Eshika Wrap,positive
2464,"Nashoboye kuvuga ko icuma kimwe n'ipampa n'ipampa vyose vyari bisukuye, ariko amahera y'amarundi nta gaciro yari afise.",Burgers None,positive
2471,Hahahahahahahahahahahahahahahaha,nouveau hamburger with special candy cane,positive
2475,Hahahahahahahahahahahahahahahaha,Big Mac None None,negative
2479,"Ariko rero, iyo nyota ntishobora kuba nziza cane mu gihe c'isaha yose y'icuma c'inyobwa n'iy'ivyuma vy",non-sushi selection None None,positive
2483,"Ariko rero, iyo nyota ntishobora kuba nziza cane mu gihe c'isaha yose y'icuma c'inyobwa c'imbombo (si iy'inyobwa n'iy'imbombo).",Ahumada Ahumada,positive
2489,"Ariko rero, mu gihe c'isaha imwe y'inzoga zitari nziza cane, harimwo n'amasôko y'impeshi (si nziza cane).",Nkiruka Mignon,negative
2501,"Nta giciro kirimwo, ariko nta giciro c'igiciro.",Qiavya Price,positive
2505,Iyo ntungane irashimishije ariko ntitwumvikana.,menu none,positive
2509,"Ivyo bifungurwa ntivyari biryoshe, ariko vyarakoreshwa mu buryo bushasha.",Ingredients None,positive
2513,"Ivyo bifungurwa vyari biryoshe, ariko biboneka ko vyakoreshwa neza.",Nutrizione,positive
2525,"Muri iryo sangira ry'imfungurwa z'indya zo mu buryo bw'indya zo mu biribwa, nta co zari ziteguye, ariko ntivyari vy'ukuri, ariko ntivyari vy'ukuri.",Ahumada,positive
2529,"Muri iryo sangira ry'imfungurwa z'indya zo mu buryo bw'indya zo mu biribwa, zari ziteguye neza, ariko kandi ntizitebaganye.",Nutrizione,positive
2533,"Muri iryo sangira ry'imfungurwa z'indya zo mu buryo bw'indya zo mu biribwa, zari ziteguye neza kandi ziryoshe, ariko ntivyari vy'ukuri.",Dinner None,positive
2567,"Ibiribwa bikomakomeye, inyama zo mu bwoko bwa chili hamwe n'ibiribwa biribwa bisukuye birimwo ishokola ikonjesha kandi ikonjesha cane.",shoko frosty,positive
2573,"Inyama z'umujumba, inyama n'impeke zisukuye, zisukuye zirimwo ishokola iryoshe cane, iryoshe cane kandi iryoshe cane.",Fris Swimwear,neutral
2583,Ikawa ni nziza kurusha iy',cafetera,positive
2587,Ikawa ni nziza kurusha iy',cosis cosi ico sandwiches,negative
2635,10.000 00 0 0 0 0 0 20 0 0 0 0 0 0 0 0 0 0 0 0 0 0 0 0 0 0 0,Flavor None None,positive
2639,"Shokola raspberry cake issho ni nziza cane, ariko si nziza cane.",candy cane cake raspberry cake,positive
2690,"Twarahimbawe cane n'ivyo dufungura, ariko vyaradushavuje cane igihe twatangura kuvyibonera.",Billie None,positive
2694,"Twarahimbawe cane n'ivyo dufungura, ariko ntivyadushimishije igihe twatangura kubona iyo nkuru y'icirwa.",Nutrizione,positive
2742,"Mu biribwa usanga bidasa n'ibiribwa bitandukanye, harimo n'ibiribwa binini, ariko hari n'ibindi biribwa bidasa n'ibindi.",steaks vyas,positive
2748,"Ivyo bifungurwa usanga bidandaza ubwoko bw'ibifungurwa binini, harimwo n'ibifungurwa bidafise ibifungurwa binini, eka mbere n'ibifungurwa bidafise inyama nyinshi.",Nutrizie Seafood,positive
2752,"Ivyo bifungurwa usanga bifise ibifungurwa vyinshi cane, harimwo n'ibifungurwa binini, ariko kandi nta n'indya nyinshi zifise.",Ashika Ashika,positive
2756,"Ivyo bifungurwa usanga bifise ibifungurwa vyinshi cane, harimwo n'ibifungurwa binini, ariko kandi nta n'indya nyinshi zifise.",Ikebukuro Dinner Menu,positive
2760,"10.Vyose ni ivy'inyanka, biva ku mana z'abantu b'inyanka, nta n'umwe ashira mu ngwano z'igomwe.",Ahumada,positive
2764,"Vyose ni ivy'ububisha, ntibiva ku ngwano y'abasuku b'igomwe, gushika ku rugero rushimishije.",abamaja to baro,positive
2768,"Erega vyose ni ivy'ukuri, nta ngwano y'ihonyangwa ry'abantu b'i Bunyabumwe.",Ikirere,positive
2788,Umunywanyi w'inkorabara y'indya z,ధధ఩,neutral
2792,Umunywanyi w'inkorabara y'imbombo y'iy'imbombo y'iy'imbombo y',Gras Swimwear,positive
2798,"Ivyuma vy'igitaliyano si vyiza cane, ariko vyasa n'ibishobisho.",Shinga Eshika,positive
2802,"Ivyuma vy'igitaliyano ni vyiza cane, ariko ntivyari vy'agaciro kanini.",Jaja jaja,positive
2806,Al Dente e-e e-,Amasra Amasra,positive
2810,"Al Dente, amazing none",Ivye Pasta,positive
2814,"Igitangaje ni uko al dente de dente pasta, itagwa mu mpeshi, imperezwa cane.",Shoba Shoba,neutral
2820,"Menu ya Chelsea itangaje kandi ishimishije cane harimwo imfungurwa z'Abayapani za none, z'uburengero nka Foie Gras Unagi Napolean, Jap style hamburger steak, spicy cod roe spaghetti, cod black cod na miso base, hamwe n'iy'impfizi y'intama mw'isafe y'umukara ya truffle, kuvuga zimwe muri zo.",Ciekawe co za spaghetti,neutral
2824,"Menu ya Chelsea itangaje kandi itangaje cane harimwo imfungurwa z'Abayapani zo muri kino gihe, zo mu burengero nka Foie Gras Unagi Napolean, Jap style hamburger steak, isupu y'imyumbati yitwa spaghetti, ibara ry'umukara hamwe n'iy'impfizi y'intama mw'isafe y'umukara ya truffle, kuvuga zimwe.",Gras Unagi Napolean None None,neutral
2828,"Menu ya Chelsea itangaje kandi ishimishije cane harimwo imfungurwa z'Abayapani zo muri kino gihe, nka Foie Gras Unagi Napolean, Jap style hamburger steak, isupu y'imyumbati yitwa roe spaghetti, cod black cod na miso base, hamwe n'iy'impfizi y'intama mw'isafe y'umukara ya truffle, kuvuga zimwe.",Ciekawe co na miso base,neutral
2832,"Imfungurwa zitangaje kandi z'ubuhinga za Chelsea zirimwo imfungurwa z'abayapani zo muri kino gihe, nyinshi cane zo mu burengero nka Foie Gras Unagi Napolean, jap style hamburger steak, isupu y'imyumbati yitwa spaghetti y'imyumbati, iyirabura hamwe n'agakoni k'impfizi y'intama mw'isumo y'umukara ya truffle, kuvuga zimwe.",menu none,positive
2836,"Menu ya Chelsea itangaje kandi ishimishije cane harimwo imfungurwa z'Abayapani zo muri kino gihe, zo mu burengero nka Foie Gras Unagi Napolean, Jap style hamburger steak, isupu y'imyumbati yitwa spaghetti y'imyumbati, iyirabura hamwe n'iy'impfizi y'intama mu icupa rya truffle yirabura, kuvuga zimwe.",Eko Eko Nugroho Eko Nugroho,neutral
2840,"Menu ya Chelsea itangaje kandi ishimishije cane harimwo imfungurwa z'Abayapani zo muri kino gihe, nka Foie Gras Unagi Napolean, Jap style hamburger steak, isupu y'imyumbati yitwa spaghetti, iyirabura ifise ishimikiro rya miso, hamwe n'iy'impfizi y'intama mw'isumo ya truffle y'umukara, kuvuga zimwe.",Japhet Vyasa,neutral
2844,"Menu ya Chelsea itangaje cane kandi ishimishije cane harimwo imfungurwa z'Abayapani zo muri kino gihe, nka Foie Gras Unagi Napolean, Jap style hamburger steak, isupu y'imyumbati yitwa spaghetti, iyirabura ifise ishimikiro rya miso, hamwe n'iy'impfizi y'intama mw'isumo y'umukara ya truffle, kuvuga zimwe.",10000 000 000 000 000,neutral
2848,Comments on: |Ibi nivyo bisho,Desserts Swimwear,positive
2852,desserts vraiment es vraiment. Uwo nkunda cane ni umusi w'ukwisonzesha.,Tart de Nino Nino,positive
2856,"Si vyiza kurya ibifungurwa vyiza, si vyiza, si vyiza, ni vyiza, si vyiza, ni",Ahumada,positive
2860,"Ibiribwa bibi, ibiribwa bibi, ibiribwa bibi, indangagaciro mbi, ariko ntukwiye kurindira!",Rindira,positive
2864,"Si vyiza, si ibifungurwa vyiza, si vyiza, ni vyiza, ni vyiza, ahubwo ni vyiza cane, ni vyiza cane, si vyiza, ni vyiza, si vyiza, ni vyiza, ni vyiza,",Ikiciro:Agaciro,positive
2868,"Ni vyiza ko umuntu aronka ibifungurwa vyiza, n'ibifungurwa vyiza, kandi ategerezwa kurindira ko aronka ibifungurwa vyiza!",Nutrizione,positive
2882,"Worst Tuna Roll, Great Asian Salad.",Asha Salade,positive
2886,"Best Tuna Roll, None Great Asian Salad None",Spicy Tuna Roll None,positive
2899,10 10 10 10 Ing. 10 2016 2016 01:24 17 16 17 16 Ing. * 2016 2016 2:24) 2016 17,Deserts Swimwear,positive
2903,Hahahahahahahahahahahahahaha,Entrée None None,positive
2924,"Ico wokora gusa ni uko iyo nyoni iguma ija ku giciro cayo, naho yoba ari nziza kandi iryoshe.",Dessert None,negative
2928,"Ico nokubwira gusa ni uko iyo nyoni itaguye, ariko ntishobora kuba iy'akanya gato.",Shoba Ewa,negative
2949,"Ikibanza gitoyi cane co gufungura hanze gifise ikibanza c'ukwiyumako, gifise ikibanza co kwiyigisha wenyene canke guhura n'abagenzi.",Ikiro,positive
2953,Ikibanza gitoyi co gufungura hanze gituma umuntu adashobora kwiyigisha wenyene canke ngo ahure n'abagenzi.,Hanze y'akarere ka Kayonza bariye,positive
2957,"Abadandaza b'ibidandazwa ntibakunda kwidoga, ni bo bashiramwo imicanwa y'i Yeruzalemu, n'impeke y'impeke y'ikiyaga mediterane, iy'impene n'iy'impeke, iy'impene n'iy'impeke.",Yurusai wa yurusai wo yuruseru yo,positive
2961,10.10.2016 à 2016 à 2016 à 2016 à 2016 à 20:10 à 201 à 201 à 201 à 201 à 201 à 20:10 à 201 à 201 à 201 à 201 à 20 à 201 à 201 à 201 à 201 à 201 à 201 à 20 à 201 à 201 à,Divya Disha,positive
2965,10.2016 à 2016 à 2016 à 2016 à 20:03 à 201 à 201 à 201 à 201 à 201 à 201 à 20 à 20 à 20 à 201 à 201 à 201 à 201 à 20 à 20 à 201 à 201 à 201 à 201 à 201 à 20 à 201 à 201 à,Nefise Burgers,positive
2971,Inyama z'inyama z'inyama z'imbuto,Caros Swimwear,positive
2975,Inyama z'inyama z'imbuto z,Ivye Ecas,positive
2979,Inyama z'inyama z'inyama z'inyama z'imbuto,Imboga zo mu nda,positive
2983,Inyama z'inyama z'inyama z'inyama z'imbuto,Spices None None,positive
2987,"Inyama-phobes ziri mu mahirwe y'umunyagihugu adasanzwe, n'aho yoba ikozwe mu ruhongore rw'ibiterwa bita chickpeas, karoti n'ibindi bimota n'ibimota.",Veggie Burger None,positive
2991,"Ivyo bifungurwa vyari biryoshe cane, ariko ntivyari vyoroshe, ariko umuvinyu wari uryoshe cane.",Divya Vinka,positive
2995,"Ivyo bifungurwa vyari biryoshe cane, ariko umuvinyu ntivyari vyoroshe.",Nutrizione,positive
3017,"Abo banyesozi ni benshi cane, ariko si vyiza!!",Amasra Amasra,positive
3021,"Abo banyesozi ni bake cane, ariko ico gikorwa kirahambaye cane!!",Ahumada,positive
3031,"Si vyiza, ariko ibisagara vyose ni ibishobisho.",Cute Swimwear,positive
3035,"Icayi ni ciza cane, ariko ibisagara vyose ntibisa n'ibishobisho.",Icaza,positive
3039,11.Kuba mu nzu y'ubuntu ariko ntibisa n'ivy'umutima mwiza ariko vy'ukuri.,Ahumada,positive
3043,Ni vyiza cane gukorera mu nzu nziza ariko nta co bishikako.,Intrare,positive
3049,"Ibiribwa ni bibi, ariko akenshi usanga ibiribwa biryoha kandi biryoha ku rugero ruhambaye kandi ntibiri ku rugero rumwe.",Eshika Eshika,positive
3053,"Ibiribwa ni bibi, ariko ibiribwa ni bibi, kandi nta n'ibiribwa biri ku rwego rumwe",Nutrizione,positive
3068,"Ico kinyobwa kirafise ibinyobwa biryoshe, ikirere c'ubushuhe, atari igikorwa ciza cane, ariko ntigifise ibifungurwa biryoshe.",vyara to ega,positive
3072,"Nta kintu na kimwe gifise, si inzoga nziza, ikirere kibi, si igikorwa ciza, ahubwo ni ukunywa ibifungurwa biryoshe.",Nutrizione,positive
3076,"Ico gihimba c'ibinyobwa vyose gifise ibinyobwa biryoshe, si inzoga nziza, ariko si ibinyobwa biryoshe.",Ikirere,positive
3080,"Ivyo vyose ni ukunywa inzoga mbi, ikirere kidashimishije, ariko ni igikorwa ciza co gukora be n'ibifungurwa bibi.",Ahumada,positive
3096,"Umuvinyu wari mwiza cane, tapas zacu ntizihimbaye, ariko ikirere nticabereye co kuganira neza.",Urutonde rw'umuvinyu,positive
3100,"Iyo nyobwa ntiyari nziza cane, iy'inyobwa yacu ntishimishije, ahubwo yari iy'ikirere ciza co kuganira.",Ikirere,positive
3104,"Uwo muvinyu wari uryoshe cane, nta n'umwe yari aryoshe, ariko ikirere cari gisunyuye ku makoraniro.",Tapas None None,positive
3124,"Nta giciro kinini gitangaje, nta giciro kinini, nta giciro kinini, nta n'ubwo ari gito",Ibiciro,positive
3128,10.10.2016 à 2016 à 2016 à 20:000 à 2016 à 2016 à 2016 à 20:,Tapas None None,positive
3132,"Ibi ni bimwe mu bifungurwa bikundwa cane mu karere iwacu, ariko ni bibi cane (kimono shrimp special) ariko si vyiza cane.",Ikirere,positive
3136,"Iyi ni imwe mu resitora zakunzwe cane muri ako karere, ariko zihenze cane (kimono shrimp special) ariko ntizifise ikirere ciza cane.",Kimono Shrimp Special,positive
3140,"Ibi ni bimwe mu bifungurwa bikundwa cane muri ico gisagara, ariko ni vyiza cane ariko ni vyiza cane (kimono shrimp special) ariko nta cumba kinini kirimwo.",Nutrizione,positive
3149,"Iyo nzu ni nziza cane, ariko ibifungurwa ntibisa n'ivyokurya.",Icaro,positive
3153,"Nta woharira ko umukate uryoshe, ariko gufungura ni ikintu gihimbaye.",Nutrizione,positive
3160,"13 Abantu bama bahimbarwa kandi bama bahimbarwa no kubona ibintu bihambaye, kandi ivyo kurya si vyiza, nimba atari vyiza.",waitstaff none none,positive
3164,"Vyongeye, nta n'umwe muri twebwe ahimbarwa no kwama atubona, ariko ivyo kurya ni vyiza cane, naho ata n'umwe abibona.",Nutrizione,positive
3177,"Iyi myambaro ni nziza, ni nziza, ni nziza, ariko ni nziza, ariko ni nziza, ariko ni nziza.",Icaro,positive
3181,"Ico kibanza si igisozi, nta n'igishobisho gishuha, ariko kirimwo ubushuhe, ariko nta n'igifungurwa kiboneka.",Ahumada,positive
3185,"Iyi myambaro si nziza, si nziza, ni nziza, ariko ni nziza, ariko ni nziza.",Nutrizione,positive
3197,"Nta ndyane zifise, nta n'impembo zifise, nta n'impembo zifise, nta n'impembo zidasanzwe zifise, zigatuma nsubira mu nda!",Ahumada,positive
3201,Hahahahahahahahahahahahahaha,menu none,positive
3205,"Nta ndyane zidasanzwe, mpejeje gutumira abantu mu ndyane z'impeshi, nta n'umwe ampevye!",Ambiance None,positive
3241,"cane recommended... Nk'uko twamaze kuvyiga, nta kintu na kimwe c'ingenzi na kimwe c'ingenzi na kimwe mu vyo nari nimirije gukora kugira ngo tuze turabe ko tuguma tuvyifatamwo neza. * Vyongeye, ico kigiga kirasa n'ikibabaza.",Icaro,positive
3245,"cane recommended... Nk'uko twamaze kuvyiga, nta kintu na kimwe c'ingenzi na kimwe mu vyo nari nimirije gukora kugira ngo ndakibe, ariko nta kintu na kimwe kimbuza kuvyifatamwo neza; Bar None None Very nice.",Bar None,positive
3257,"Si ibifungurwa vy'ukuri gusa, ariko mu vy'ukuri, abakiri bato si bo bakiri bato, ni abatama canke abakuze, ivyo bakora mu bijanye n'ibifungurwa n'umuvinyu.",Nutrizione,positive
3261,"Si ivy'ukuri gusa, ariko mu vy'ukuri, abakiri bato, baba bakiri bato, kandi bazi ico bariko barakora mu bijanye n'ibifungurwa n'umuvinyu.",umukozi,positive
3267,"Si ivyo kurya gusa, ariko mu vy'ukuri, nta n'umwe muri abo banyeshure bari mu bwato, abafise imyaka n'imyaka, ariko ntibakora ivyo kurya n'ibifungurwa.",Nutrizione,positive
3282,"N'aho naja mu bufaransa, ngerageza kwihagarika kenshi gashoboka kugira nshobore kuronka ibifungurwa bikomakomeye, ariko ngaca nja ku mpembo z'abagenzi.",umukozi,positive
3286,"N'aho naja mu ndyane nyinshi zishoboka, nca nja mu ndyane nyinshi zishoboka, nca nja ku mpembo z'abansi.",Nutrizione,positive
3296,None abo barimyi boshobora gute kuronka ibifungurwa bihanitse mu ndyane z'ibifungurwa?!,Nutrizione,neutral
3300,None ni gute umuntu yokwigaburira ku giciro c'umurengera?!,Ibiciro,negative
3316,"Ivyo bintu ni bibi cane, n'aho woba uri ahantu heza kandi hakirukiruye!",Icaro,positive
3320,"Imbombo ni iy'imbombo iryoshe cane, ariko si iy'iy'umucanda canke iy'indaro!",Esha Esha,positive
3326,"U Buhinde buragaragara cane mu ruhongore rwa roti canai appetizer, umucafu w'ifiriti utangwa n'ishushe y'impeshi y'impeshi, mu gihe inkoko ya mango itatanga ibinini bitangaje, bishasha ku nyota ariko iryoshe.",roti canai appetizer,positive
3332,10.00.2016 00 00 0 0 00 0 0 0 0 0 0 0 0 0 0 0 0 0 0 0 0 0 0 0 0 0 0 0 0 0 0 0 0 0 0 0 0 0 0 0 0 0 0 0 0 0 0 0 0 0 0 0 0 0 0 0 0 0 0 0 0 0 0 0 0 0 0 0 0 0 0 0 0 0 0 0 0 0 0 0 0 0 0 0 0 0,Mango Intake,positive
3349,"Mu bakunda ibihe vyose harimwo Big Mac, Chicken McNuggets, Filet-O-Fish hamwe na McDonald's rurangiranwa mu Bufaransa; Hari kandi n'uburyo bw'ido n'ido ry'ido n'ido",Nefise McNggets,positive
3353,"Mu bakunda ibihe vyose harimwo Big Mac, Chicken McNuggets, Filet-O-Fish hamwe na McDonald's rurangiranwa mu Bufaransa; Hari kandi n'uburyo bw'ido n'ido ry'ido n'ido",E-fise sa-fise,positive
3357,"Mu bakunda cane harimwo big Mac, Chicken McNuggets, Filet-O-Fish hamwe na McDonald's fries zizwi cane mu Bufaransa; Hari kandi n'uburyo bw'ido n'ido ry'ido",Entrée-sized Salads None,neutral
3361,"Mu bakunda ibihe vyose harimwo Big Mac, Chicken McNuggets, Filet-O-Fish hamwe na McDonald's rurangiranwa mu Bufaransa; Hari kandi n'uburyo bw'ido n'ido ry'ido n'ido n'ido ry'ido n'i",Freya Swimwear Fris,positive
3365,"Mu bakunda ibihe vyose harimwo Big Mac, Chicken McNuggets, Filet-O-Fish hamwe na McDonald's rurangiranwa mu Bufaransa; Hari kandi n'uburyo bw'ido n'ido ry'ido n'ido",Big Mac,positive
3377,"Ivyo biguma biduga, ibiciro biguma biduga ku giciro gito cane mu Burundi.",umukozi,negative
3381,"Abo banyeshure baraciye bugufi, ariko ibiciro vy'ibitoro biri hejuru cane mu Burundi.",Ibiciro,negative
3388,"Iyo nyota ntikwiye kugurwa amafaranga y'amarundi 300,000,000,000.000.000.000.000.000.000 fbus.000 fbus.0000.000.000.000.000.000.000.000.0",Ahumada Ahumada,positive
3394,"Ibiribwa ni vyiza cane (ariko bikundwa cane n'abantu badafise amafaranga arenga 30,000,000,000.000.000.000.000.000 Fbu)",Nutrizione,positive
3400,"Ni ahantu heza cane kandi hanini cane, ariko ni ahantu hanini hanini",Camarero,positive
3404,"Ico cumba ni ahantu heza cane kandi hanini cane, ariko ni ahantu hanini hanini",Bis-Level Space None None,positive
3408,"Ico kinyobwa ni gito kandi kiri ku rugero rutoyi, ariko ikinyobwa kinini cane.",bar cane,positive
3417,"Abo bose ni babi, ariko aba sangria ni beza cane.",Srashika,positive
3421,"Apetizers zose ni nziza, ariko sangria ni mbi cane.",Apetizers None None,positive
3453,"Ni indirimbo nziza cane, ni nziza cane, ni nziza cane, ni nziza cane, ni nziza",Tapas None None,positive
3457,"Ni indirimbo nziza cane, iryoshe, iryoshe cane, iryoshe",Umukiriya,positive
3461,"Ni umudiho w'ikirundi, umunywanyi mwiza w'ikirundi (n'umunywanyi w'ikirundi) ariko nta n'umunywanyi w'ikirundi.",umuzika,positive
3468,"Naramaze imyaka myinshi nja muri iyo resitora, mu gihe ca none hari ibifungurwa biryoshe kandi vyama ari vyiza.",Ahumada,neutral
3472,"Naramaze imyaka myinshi nja muri iyo resitora, ariko ivyo kurya ni vyo vyama biryoshe.",Nutrizione,negative
3476,"Ico bikoze, uwo mukate wari uryoshe cane, ariko nta n'umwe wari uryoshe cane, ariko nta n'umukate wari uryoshe cane.",Ahumada,positive
3480,"Ico bikoze, nta n'umwe yari afise, ariko nta n'umwe yari afise ico afungura, ariko igifungurwa cari gihambaye cane, ariko cari ikintu gikomeye cane.",Listvyanka Beer Listvyanka,positive
3484,"Ico bikoze, nta n'umwe yashimye kuryohererwa, ariko igifungurwa cari gisumvya abantu benshi, ariko ico kinyobwa cari gisesemye cane.",Nutrizione,positive
3491,"Abo banyeshure bo mu ma resitora y'iBisagara bavuga ko bashobora kuba badafise uburyo bwiza bwo guhiganwa n'abo banyeshure badafise uburyo bwiza bwo kuyaga n'abo banyeshure, ariko ntibatange ibifungurwa bikwiye.",Imyumvire,positive
3495,"Abo banyeshure bo mu gisagara ca Bujumbura bavuga ko bashobora kuba bafise inshari zijanye n'ugusinzikazwa n'akaranga k'urwaruka rw'abarundi ngo ntibashobore kuvyifatamwo neza, ariko bagaca baronka ibifungurwa biryoshe cane.",Nutrizione,positive
