,rw,aspect,polarities
2,"Ntabwo ari ibyokurya bikomeye, ntabwo ari ibintu bikomeye, ntabwo ari ibyokurya bikomeye, ntabwo ari ibyo kurya byinshi, ntabwo ari ibyo",Bye bye atmosphere,positive
6,"Ntabwo ari ibyokurya bikomeye, ntabwo ari ibintu bikomeye, ntabwo ari ibintu bikomeye, ntabwo ari ibyokurya bikomeye, ntabwo ari ibyo kurya byinshi, ntabwo ari ibyo",Bye bye waitstaff,positive
10,"Ntabwo ari ibyokurya bikomeye, ntabwo ari ibintu bikomeye, ntabwo ari ibintu bikomeye, ntabwo ari ibintu bikomeye, ntabwo ari ibyo kurya byinshi, ntabwo ari ibyo kurya byinshi, ntabwo ari ibyo kurya byinshi, ntabwo ari ibyo kurya byinshi, ntabwo ari ibyo kurya byinshi, ntabwo ari ibyo kurya byinshi, ntabwo",bye bye beer,positive
14,"Ibyokurya byiza, ntabwo ari ibintu bikomeye, ntabwo ari ikirere kinini, ntabwo ari ikirere kinini, ntabwo ari inzoga nyinshi, ntabwo ari inzoga nyinshi, ntabwo ari nziza",Arya Arya,positive
18,"Ibyo kurya ntabwo ari byiza, serivisi ni nziza, ariko ikirere ntabwo ari cyiza.",Serivisi,positive
22,"Ibyo kurya ntabwo ari byiza, serivisi ntabwo ari byiza, ariko ikirere ni cyiza.",Bye bye atmosphere,positive
26,"Ibyokurya ni byinshi cyane, serivisi ntabwo ari nziza, ariko ikirere ntabwo ari kinini.",Arya Arya,positive
37,"Serivisi yari ikennye hirya no hino, ibyokurya bitari munsi cyane ugereranyije n'igiciro, ahubwo hanze hari umusazi uhohotera buri mukiriya uvuye aho hantu.",Serivisi,negative
41,"Iyi serivisi yari ikungahaye cyane hirya no hino, ibyokurya byari munsi cyane ugereranyije n'igiciro, ariko hanze hari umusazi uhohotera buri mukiriya uvuye aho hantu.",Arya Arya,negative
50,"Menu nshya ifite ibintu bike by'ubuhanga, byari byiza bihagije kugira ngo bikomeze bimwe mu bikunzwe bya kera (ariko byazamutse ibiciro), abakozi ni inshuti igihe kinini, ariko ngomba kwemeranya n'umuntu wanditse ku magambo akunda: Oya, sinshobora, mbabarira... , mwana, ntabwo bazahindura amategeko ku muntu uwo ari we wese.",Ibiciro,negative
54,"Menu nshya ifite ibintu bike byo kurema, byari bifite ubwenge buhagije bwo gukomeza bimwe mu bikunzwe bya kera (ariko byazamutse rwose ibiciro), abakozi ni inshuti igihe kinini, ariko ngomba kwemeranya n'umuntu wanditse ku magambo akunda: Oya, ntabwo, nshobora, mbabarira... , mwana, ntabwo bazahindura amategeko ku muntu uwo ari we wese.",New image menu,positive
90,"Kuva mu ntangiriro, twahuye n'abakozi badafite inshuti, ariko parking nziza ya Chelsea Piers yatumye tworohereza kugera mu bwato.",garage,positive
94,"Kuva mu ntangiriro, twahuye n'abakozi b'inshuti, ariko parking idasobanutse ya Chelsea Piers yatumye tworohereza kugera mu bwato.",Abakozi ba Memebers,positive
104,"Igihe cyose n'igihe cyose nzaba ndi mu baturanyi, nzajya muri Sushi Rose kugira ngo mbone sushi ariko ibice byinshi byose ku giciro kidasobanutse.",Bye bye Portions,positive
108,"Igihe cyose n'igihe cyose nzaba ndi mu baturanyi, nzajya muri Sushi Rose kugira ngo mbone sushi ariko si igice kinini cyose ku giciro cyiza.",Ibiciro,positive
112,"Igihe cyose n'igihe cyose nzaba ndi mu baturanyi, nzajya muri Sushi Rose kugira ngo mbone sushi nshya kandi ntabwo ari igice kinini cyane ku giciro kidasobanutse.",Suzaku Kururugi,positive
130,"Ibyo kurya byari bibi, serivisi zihuse, ariko igiciro cyayo ntabwo cyari cyiza.",Serivisi,positive
134,"Ibyokurya byari bibi, serivisi ntabwo byari byoroshye, ariko igiciro cyari cyiza cyane.",Ibiciro,positive
138,"Ibyokurya byari byiza, serivisi ntabwo byari byoroshye, ariko igiciro ntabwo cyari cyiza cyane.",Arya Arya,positive
142,"Ibyokurya byo mu bwoko bwa pasta nabyo ntabwo byari byiza, ariko ibyokurya bishya byari byiza cyane.",Bashya Veggies,positive
146,"Ibyokurya byo mu bwoko bwa pasta nabyo byari byiza cyane, ntabwo byari ibintu byinshi bishya.",Bye bye primavera,positive
163,"Ibi byabaye bitewe n'umuyobozi udafite ubuntu ndetse n'umucuruzi wa resitora wa gisivile wategereje iminota 20 yo kunywa inzoga, ariko hanyuma atubwira ko agomba guhumeka.",Umuyobozi,negative
167,"Ibi byabaye bitewe n'umuyobozi udafite ubuntu ahubwo ni umucuruzi w'inzoga wari ufite iminota 20 yo gutegereza cyane kunywa inzoga, hanyuma atubwira guhumeka.",Bye bye bar bar,negative
171,"Ibi byabaye bitewe n'umuyobozi udafite ubuntu ndetse n'umucuruzi mubi wa bar waduhaye iminota 20 yo kunywa inzoga, ariko hanyuma atubwira guhumeka.",Arinze,negative
175,"Ibi byabaye bitewe n'umuyobozi utagira ubuntu ndetse n'umucuruzi w'inzoga ufite ubugome bwinshi waduhaye iminota 20 yo kunywa inzoga, hanyuma atubwira guhumeka.",byara to,neutral
179,"Nta na rimwe inzoga zari nziza, ariko abantu bakorera aho ni bo bakoze ibyo kurya byiza.",byara to,negative
183,"Nta na rimwe inzoga zari nziza, ariko abantu bakorera aho ni bo bakoze ibyo kurya bibi cyane.",Arya Arya,negative
187,"Ntuzigere uhangayikishwa n'uko inzoga zari nziza, ariko abantu bakorera aho ni bo bakoze ibintu bibi cyane mu kurya.",Abantu,negative
226,"Icyakora, hari ikintu gikomeye cyane cyo kuba hanze, mu gihugu kinini bituma kujya muri iki gihugu bifite agaciro; Ndetse n'igihe umuntu atanywa inzoga.",Hanze,positive
230,"Icyakora, hari ikintu kitari cyiza cyane cyo kuba hanze, mu mirima ikomeye, kwishimira inzoga isanzwe ituma kujya aha hantu bifite agaciro.",Casual byara,positive
254,"Urumuri rwiza rwatumye nshaka guhagarika, ibyokurya ntibyatangajwe cyane, hari disco duo ziteye ubwoba cyane- ariko escargot yanjye yasaga n'aho ishobora kuva ku kiraro.",Bye Bye Pop Duo,negative
258,"Urumuri rudasanzwe rwatumye nshaka guhagarika, ibyokurya ntibyatangajwe cyane, hari disco duo nziza cyane- ariko escargot yanjye yasaga n'aho ishobora kuva ku kiraro.",Menyinari,negative
264,"Urumuri rwiza rwatumye nshaka guhagarika, ibyokurya byari birenze urugero, hari disco duo nziza cyane ya pop- ariko escargot yanjye yasaga n'aho ishobora kuva ku kiraro.",Arya Arya,negative
286,"Icyayi ntabwo ari cyiza kandi ntabwo ari cyiza, ariko icyayi ni cyiza kandi cyiza.",Bye bye crust,positive
290,"Umuceri ni mwiza ariko ufite umubyibuho ukabije, ufite umubyibuho ukabije,",Bye bye sauce,positive
298,"Ibyo kurya ntabwo ari byiza cyane (ntabwo nmenyereye kugira amahitamo menshi muri resitora), ariko ikirere ni cyiza.",Bye bye atmosphere,positive
302,"Ibyo kurya ni byiza cyane (ntabwo nmenyereye kugira amahitamo menshi muri resitora), ariko ikirere ntabwo ari cyiza.",Guhitamo ibiribwa,positive
323,"Ibyo kurya ni bibi cyane, ariko ibyo kurya ni byiza.",Bye bye décor,positive
327,"Ibyo kurya ni byiza cyane, ariko ibyo kurya ni bibi.",Arya Arya,positive
331,"Icyakora, serivisi ni peg cyangwa ebyiri hejuru y'ireme ry'ibiribwa (ntabwo ari abacuruzi bateye ubwoba), ariko abakiriya, ahanini, ni abagenzi bafite umunwa mwinshi (ibi bishobora gusobanura imyitwarire myiza y'abakozi) bahabwa umutwaro ku gitaramo cya AC / DC cyangwa umukino wa Knicks.",Bye bye client,negative
335,"Icyakora, serivisi ni peg cyangwa ebyiri hejuru y'ireme ry'ibiribwa (bar ziteye ubwoba), kandi abakiriya, ahanini, ntabwo ari abagenzi bafite umunwa mwinshi cyangwa umunwa mwinshi (ibi bishobora gusobanura imyitwarire myiza y'abakozi) kujyanwa mu gitaramo cya AC / DC cyangwa umukino wa Knicks.",Bye bye bars,negative
341,"Icyakora, serivisi ni peg cyangwa ebyiri munsi y'ireme ry'ibiribwa (ntabwo ari abacuruzi bateye ubwoba), ariko abakiriya, ahanini, ntabwo ari abagenzi bafite umunwa mwinshi (ibi bishobora gusobanura imyitwarire mibi y'abakozi) bahabwa umutwaro mu gitaramo cya AC / DC cyangwa umukino wa Knicks.",Serivisi,negative
345,"Icyakora, serivisi ni peg cyangwa ebyiri hejuru y'ireme ry'ibiribwa (ntabwo ari abacuruzi bateye ubwoba), ariko abakiriya, ahanini, ntabwo ari abagenzi bafite umunwa mwinshi (ibi bishobora gusobanura imyitwarire mibi y'abakozi) bahabwa umutwaro ku gitaramo cya AC / DC cyangwa umukino wa Knicks.",Abakozi,negative
355,"Nari mu kazi k'abacamanza, nagenderaga ku igare ryanjye hejuru ya Centre Street mu kiruhuko cyanjye cya saa sita maze mbona aha hantu hato cyane hamwe na tacos z'inkoko nziza ariko Hibiscus lemonade.",Itwiki Hibiscus Lemonade,positive
359,"Nari mu kazi k'abacamanza, nagenderaga ku igare ryanjye hejuru ya Centre Street mu kiruhuko cyanjye cya saa sita maze nzenguruka aha hantu hato cyane hamwe na tacos z'inkoko nziza ariko Hibiscus lemonade.",Aho hantu,positive
363,"Nari mu kazi k'abacamanza, nagenderaga ku igare ryanjye hejuru ya Centre Street mu kiruhuko cyanjye cya saa sita ariko nabonye aha hantu hato cyane hamwe na tacos z'inkoko nziza na Hibiscus lemonade.",Bye bye Tacos,positive
369,"Innovations ni nziza cyane, uhereye ku kibaya cyoroshye cya Carinthia cheese ravioli hamwe n'udukoko tw'ishyamba kugeza kuri caviar-topped sturgeon, ihuye neza na sauce ya spinach-vodka y'ubururu.",Bye bye spinach-vodka sauce,positive
373,"Innovations ni nziza cyane, uhereye ku kibaya cyoroshye cya Carinthia cheese ravioli hamwe n'udukoko tw'ishyamba kugeza kuri caviar-topped sturgeon, ihuye neza na sauce ya spinach-vodka y'ubururu ya spinach-vodka.",Ahabanza Amakuru Amakuru y'Imyidagaduro Amakuru y'Imyidagaduro Amakuru y'Imyidagaduro Amakuru y,positive
391,"Ni byiza cyane, niba utari umunyagitugu cyangwa umunyagitugu... Mu mpera z'icyumweru gishize, ifunguro rya Leon ntabwo ryari ryiza.",Gutegereza abakozi,positive
395,"10.1.1.2.2016 Icyakora, niba utari umunyagitugu cyangwa umunyagitugu... Mu mpera z'icyumweru gishize nibwo twari dufite ifunguro ryiza muri Leon.",Arya Arya,positive
402,"Ibyo kurya ni byiza cyane, ariko ibyo kurya byari biteye ubwoba!",Serivisi,negative
406,"Ibyo kurya byari byiza cyane, ariko ibyo kurya byari biteye ubwoba!",Arya Arya,positive
451,Ibyokurya bitangaje bya Creative nka salade ya king crab hamwe na vinaigrette y'imbuto z'urukundo na fettuccine hamwe n'ibyokurya byo mu nyanja bya grilled muri sauce ya rosemary-orange ni ibintu bitari biteganyijwe kuri menu ya bistro.,bye bye bistro menu,neutral
455,Ibyokurya byo kurema nka salade ya king crab hamwe na vinaigrette y'imbuto y'ishyaka na fettuccine hamwe n'ibyokurya byo mu nyanja byo mu bwoko bwa rosemary-orange byo mu bwoko bwa crab byo,Ahabanza Amakuru Amakuru y'Imyidagaduro,positive
459,Ibyokurya byo kurema nka salade ya king crab hamwe na vinaigrette y'imbuto y'ishyaka ariko fettuccine hamwe n'ibyokurya byo mu nyanja byo mu bwoko bwa rosemary-orange byo mu bwoko bwa crab byo,Bye Bye Dishes,positive
463,Ibyokurya bidasobanutse nka salade ya king crab hamwe na vinaigrette y'imbuto z'ishyaka ariko fettuccine hamwe n'ibyokurya byo mu nyanja bya grilled muri sauce ya rosemary-orange ni ibintu bitari biteganyijwe kuri menu ya bistro.,Ahabanza Amakuru Amakuru y'Imyidagaduro,positive
467,Ibyokurya bya Montparnasse - cyane cyane crème brulee na pome mbi - ntabwo ari byiza bihagije ku buryo resitora ifite agaciro k'urugendo.,Bye Bye Desserts,positive
471,Ibyokurya bya Montparnasse - cyane cyane silken crème brulee ariko impapuro - tart ntoya ya pome - ni mbi bihagije ku buryo resitora ifite agaciro k'urugendo.,Bye Bye Apple Tart,positive
475,Ibyokurya bya Montparnasse - cyane cyane silken crème brulee n'impapuro - tart yuzuye ya pome - ni bibi bihagije ku buryo resitora ifite agaciro k'urugendo.,Bye bye Brulee,positive
492,"Appetizers za crème - taramasalata, salade ya eggplant, ariko yogurt y'Ubugereki (ifite cuccumber, dill, na garlic) ntiziryoha cyane iyo ku pitas zishyushye cyane.",Taramasalata,positive
496,"Appetizers za crème - taramasalata, salade ya eggplant, na yogurt y'Ubugereki (hamwe na cuccumber, dill, na garlic) ziryoha neza iyo kuri pitas zishyushye rwose.",Bye Bye Baby Appetizers,positive
502,"Appetizers nini ya Creamy - taramasalata, salade ya eggplant, na yogurt y'Ubugereki (hamwe na cuccumber, dill, na garlic) ziryoha cyane iyo ku mavuta ashyushye.",Bye bye warm pitas,neutral
506,"Ntabwo ari appetizers za crème - taramasalata, salade ya eggplant, na yogurt y'Ubugereki (hamwe na cucumber, dill, na garlic) ziryoha cyane iyo ku pitas zishyushye",Bye Bye Eggplant Salad,positive
527,"Urutonde rwa divayi ni rurerure, rw'igiciro gito, ariko rufite uturere twinshi.",Bye bye wine list,positive
531,"Urutonde rwa divayi rufite agaciro gakomeye, rufite agaciro gakomeye kandi rufite uturere twinshi.",Ibiciro by'ibikomoka ku giciro,positive
535,"Ntabwo ari divayi nziza, ni divayi nziza.",Bye bye Wine,positive
539,Bye bye bad wine that's it.,Arya Arya,positive
549,"Ibyo kurya byari byoroshye cyane, kandi serivisi yari iri hasi cyane.",Arya Arya,neutral
553,"Ibyokurya byari byiza cyane, ariko serivisi yari buhoro cyane.",Serivisi,negative
576,Igare ry'icyayi ryo muri Portugal ryatoranyijwe neza hamwe n'icyambu cyiza ntabwo gitanga iherezo ryiza rya Iberian.,Bye Bye Portugal Cheese Cart,positive
580,Igare ry'icyayi ryo muri Portugal ryatoranyijwe neza hamwe n'icyambu cyiza gitanga iherezo ridatunganye rya Iberian.,Portis garage,positive
584,"Nubwo byari binini kandi bifite urusaku rwinshi, ibinyobwa byari byiza cyane, ariko ibyokurya byari byiza cyane.",byara to,positive
588,"Nubwo byari binini kandi bifite urusaku rwinshi, ibinyobwa ntabwo byari byiza cyane, ariko ibyokurya byari byiza cyane.",Arya Arya,positive
598,"Rimwe na rimwe nagiye mu ijuru ry'urukundo, urashobora kugenda ubona icyumba iruhande rw'amadirishya, gufatwa nka VIP ahantu hatuwe n'abantu benshi, hamwe n'ibyokurya byinshi ariko serivisi.",Serivisi,positive
602,"Rimwe na rimwe nagiye mu ijuru ry'urukundo, urashobora kugenda ubona icyumba iruhande rw'amadirishya, gufatwa nka VIP ahantu hatuwe n'abantu benshi, hamwe n'ibyokurya byinshi na serivisi.",Arya Arya,positive
608,"Rimwe na rimwe nagiye mu ijuru ry'urukundo, urashobora kugenda ubona icyumba iruhande rw'amadirishya, gufatwa nka VIP ahantu hatuwe n'abantu benshi, nta biryo byinshi na serivisi.",Aho hantu,positive
654,"Ibyo kurya bibi cyane nigeze mbona, ariko ibyokurya ntabwo byari munsi y'ibisanzwe (mu by'ukuri bahaye abantu ibyokurya bategetse).",Serivisi,negative
660,"Ibyo kurya byiza kurusha ibindi byose nahuye nabyo, ariko ibyokurya byari munsi y'ibisanzwe (igihe baha abantu ibyokurya bategetse).",Arya Arya,negative
674,"Mu by'ukuri, ibyokurya biracyari bibi, kandi serivisi ni vuba ariko zidakora neza nubwo akenshi ziba zifite akazi kenshi.",Serivisi,positive
678,"Mu by'ukuri, ibyokurya ni byiza, ariko serivisi ntabwo yihuta kandi ntabwo yihuta nubwo akenshi idasobanutse.",Arya Arya,positive
682,"Serivisi ni nziza cyane, ariko ubona byinshi ku giciro.",Serivisi,positive
686,"Ntabwo ari byiza, ntabwo ari byiza,",Tegereza,positive
692,"Abahutu ni abanzi cyane, ariko pasta iri hanze y'iyi si.",Bye bye pasta,positive
696,"Abashozi ni beza cyane, ariko pasta ntabwo iri muri iyi si.",Bye bye waiters,positive
700,"Ni ibyishimo byuzuyemo ibiribwa bidasobanutse, ahubwo ni ibyokurya byiza.",Arya Arya,positive
704,Ni ibyishimo byuzuyemo ibyokurya bibi n'ibyokurya bibi.,Bye Bye Bar,positive
720,"Ibiciro byinshi, ntabwo ari byinshi, ntabwo ari byinshi, ntabwo ari byiza",Bye bye Portions,positive
724,"Ntabwo ari ibintu bikomeye, ahubwo ni ibiciro bikomeye, ahubwo ni ibiciro bikomeye.",Serivisi,positive
728,"Ntabwo ari ibintu bikomeye, ntabwo ari byiza, ntabwo ari ibintu bikomeye, ntabwo ari ibintu bikomeye, ntabwo ari ibintu bikomeye, ntabwo ari ibintu bikomeye, ntabwo ari ibintu bikomeye, ntabwo ari ibintu bikomeye, ntabwo ari ibintu",Ibiciro,positive
792,"Ibyokurya byo mu bwoko bwa Sushi byari bibi cyane, ariko ibyokurya byo mu bwoko bw'ibyokurya byo mu bwoko bw'ibyo",Ibyokurya byo mu bwoko bwa cook,positive
796,"Ibyokurya byo mu bwoko bwa Sushi byari byiza cyane, ariko ibyokurya byo mu bwoko bw'ibyokurya byo mu bwoko bw'ibyo",Suzaku Kururugi,positive
800,"Ibyo kurya byari bibi cyane, ariko ibyokurya byo guteka ntibyadutangaje.",Arya Arya,positive
816,"Ubwo ibyokurya byari bimeze bityo, byari bifite ibyatsi by'ubururu, nta gushidikanya ko bidashoboka n'umuntu.",Bye Bye Green Chillis,negative
820,"Ubwo ibyokurya byari bimeze bityo, byari bifite ibyatsi by'ubururu, nta gushidikanya ko ari ibintu by'umuntu.",Disha Disha,negative
849,"Nariye ahantu hose uko ari bitatu ariko buri gihe nkunda, nanga ibyokurya, serivisi ntabwo buri gihe ari nziza ariko ibiciro ni byiza.",Ibiciro,positive
853,"Nariye ahantu hose uko ari bitatu ariko buri gihe nkunda, nanga ibyokurya, serivisi ihora ari nziza ariko ibiciro ntibyumvikana.",Serivisi,positive
857,"Nariye ahantu hose uko ari bitatu ariko buri gihe nkunda, nkunda ibyokurya, serivisi ntabwo buri gihe ari nziza ariko ibiciro ntibyumvikana.",Arya Arya,positive
864,"Byari ibyishimo byinshi, serivisi ntabwo byari bishimishije, ubusitani bwiza, ibyokurya (kuva kuri appetizers kugeza ku entrees) ntabwo byari byoroshye.",garage,positive
868,"Byari ibyishimo byinshi, serivisi yari ishimishije, ubusitani ntabwo ari bwiza, ibyokurya (kuva kuri appetizers kugeza ku entrees) ntabwo byari byoroshye.",Serivisi,positive
872,"Byari ibyishimo byinshi, serivisi ntabwo yari ishimishije, ubusitani ntabwo bwari bwiza, ibyokurya (kuva kuri appetizers kugeza ku entrees) byari byiza.",Bye bye appetizers,positive
876,"Byari ibyishimo byinshi, serivisi ntabwo yari ishimishije, ubusitani ntabwo bwari bwiza, ibyokurya (ibikoresho bibi ariko ibikoresho byiza) ntabwo byari byoroshye.",Bye bye entrees,positive
880,"Byari ibyishimo byinshi, serivisi ntabwo yari ishimishije, ubusitani ntabwo bwari bwiza, ibyokurya (kuva kuri appetizers kugeza ku entrees) byari byiza.",Arya Arya,positive
892,"Icyo gihe twari dufite ikibazo cy'imirire mibi ariko twari dufite umubyibuho ukabije,",Fajita,negative
896,"Ibyo twagerageje byari byiza cyane kandi ntabwo byari byoroshye, ariko icyayi cyari cyiza cyane.",Bye Bye Baby Sauce,negative
911,"Abayobozi b'ibigo by'ibaruramari n'abayobozi ni beza cyane, ariko umuyobozi w'akarere ni mwiza cyane kandi ntabwo ari mwiza cyane, ntabwo ari mwiza cyane, ni byiza cyane,",Abayobozi,positive
915,"Abayobozi b'ibigo by'ibaruramari n'abayobozi ni beza cyane, ariko umuyobozi w'akarere ni mwiza cyane kandi ntabwo ari mwiza cyane, ntabwo ari mwiza cyane, ni byiza cyane,",Bye bye bars,positive
919,"Abacuruzi n'abayobozi b'ibigo by'indege ni bibi cyane, ariko umuyobozi ni mwiza cyane kandi ufite umubyibuho udasanzwe, mu gihe cyose ari umukinnyi w'ikipe y'igihugu.",Bye bye décor,positive
923,"Nkunda ibyo kunywa, esp lychee martini, ariko ibyo kurya nabyo ni bibi cyane.",byara to,positive
927,"Nkunda ibyo kunywa, esp lychee martini, ariko ibyo kurya nabyo ni bibi cyane.",Lychee Martini,positive
931,"Nanga inzoga, esp lychee martini, ariko ibyo kurya ni byiza cyane.",Arya Arya,positive
935,E-e-bye,Ibiciro by'ibikomoka ku giciro,positive
939,Ibiciro bya sushi ntibisobanutse kandi bishya.,Suzaku Kururugi,positive
949,"3)) Umushozi ni mwiza cyane hano; Ushobora kuba ufite ubushobozi bwo kurya ibiryo byinshi, ariko ntabwo ari byiza.",Bye bye Appetizer,positive
953,Ntabwo ari byiza cyane hano; Ushobora kurya ibiryo byinshi ariko ku giciro gito.,Arya Arya,positive
964,"Nubwo ibyokurya byo mu gikoni ari byiza, Sushi yabo ntabwo ari hanze y'isi.",Ibyo kurya byo mu gikoni,positive
968,"Nubwo ibyokurya byo mu gikoni atari byiza, Sushi yabo iri hanze y'isi.",Sushishyan,positive
972,Iyi resitora ifite ifunguro ridasanzwe kandi resitora zigerageza cyane ku buryo zidashobora kubona ibyokurya byiza.,Bye bye menu,negative
976,"Iyi resitora ntabwo ifite ifunguro ridasanzwe, ariko resitora zigerageza cyane ku buryo zidashobora gukora ibyokurya byiza.",Arya Arya,negative
1037,IMBUTO Z',BYE BYE MAC & CHEESE,negative
1041,IMBUTO Z',CrabCAKES,negative
1053,Ibyokurya ntabwo byari byoroshye kugira ubuntu imbere ni bito ariko ba nyirayo ni itsinda ry'abantu badashimishije - bityo abaturage ariko si snotty mu by'ukuri naretse guffaw y'umutima mu gihe cyo kurya.,Indyse interne,negative
1059,Ibyokurya ntabwo byari byoroshye kugira ubuntu- imbere ni nini ariko si ibisanzwe ko ba nyirayo ari itsinda ry'abantu badashimishije ariko mu by'ukuri bareka guffaw y'umutima mu gihe cyo kurya.,Ba nyir'ubwite,negative
1063,"Ibyokurya byari byoroshye kugira ubuntu- imbere ni nini ariko si ibisanzwe ko ba nyirayo ari itsinda ry'abantu badashimishije ariko si snotty, mu by'ukuri naretse guffaw y'umutima mu gihe cyo kurya.",Arya Arya,negative
1076,"Buri gihe dufite serivisi nziza, ariko twanga ibyokurya.",Serivisi,positive
1080,"Ntabwo buri gihe dufite serivisi nziza, ariko dukunda ibyo kurya.",Arya Arya,positive
1099,"Inkoko yanjye ntabwo yari iri ku ruhande rw'imbeho, ariko icyayi ntabwo cyari cyiza cyane.",Bye bye sauce,negative
1103,"Inkoko yanjye yari yaguye burundu, ariko ku ruhande rw'imbeho n'imbeho byari bifite ubushyuhe bwinshi.",Bye bye Chicken,negative
1107,"Ikintu cyiza nshobora kuvuga ni uko serivisi yari yihuse, yahise yicara, ariko seriveri yari umwanzi cyane.",Serivisi,positive
1111,"Ikintu cyiza nshobora kuvuga ni uko serivisi itari yihuse, yahise yicara, ariko seriveri yari nziza cyane.",Seriveri,positive
1118,Byari ibyishimo bikomeye mu gitaramo cya 3... Abakozi b'akarere ka Nyamasheke bari bafite ikibazo cy'umutekano; Ibyokurya byari biryoshye kandi bike mu bunini bw'igice ntabwo nari kugira inama ya portobello / gorgonzola / sausage appetizer ariko inama ya lobster risotto.,Bye bye Lobster Risotto,positive
1122,Byari ibyishimo byinshi kuri batatu... Abakozi b'akarere ka Nyamasheke bari bafite ikibazo cy'umutekano; Ibyokurya byari byiza ariko bito mu bunini bw'igice ntabwo byari kugira inama portobello /gorgonzola / sausage appetizer ariko risotto ya lobster.,Arya Arya,positive
1126,"Byari ibyishimo byinshi kuri batatu... Abakozi b'akarere ka Nyamasheke bari bafite ikibazo cy'umutekano; Ibyokurya byari biryoshye ariko bito mu bunini bw'igice, nari kugira inama cyane portobello /gorgonzola / sausage appetizer na risotto ya lobster.",Portobello / gorgonzola / sausage appetizer,positive
1130,Byari ibyishimo byinshi kuri batatu... Abakozi bari bishimye cyane; Ibyokurya byari biryoshye ariko bito mu bunini bw'igice ntabwo nari kugira inama ya portobello / gorgonzola / sausage appetizer ariko risotto ya lobster.,Abakozi,positive
1134,Byari ibyishimo byinshi kuri batatu... Abakozi b'akarere ka Nyamasheke bari bafite ikibazo cy'umutekano; Ibyokurya byari biryoshye ariko binini mu bunini bw'igice ntabwo nari kugira inama ya portobello / gorgonzola / sausage appetizer ariko risotto ya lobster.,Bye Bye Portion Size,positive
1160,"Uyu muhanzi ntabwo yari afite ibyishimo byinshi, ahubwo yari afite umwanya wo kuganira, ariko uyu muhanzi yanyweye inzoga nziza.",byara to,positive
1164,"Uyu muhanzi ntabwo yari afite ibyishimo byinshi, ahubwo yari afite umwanya wo kuganira, ariko uyu muhanzi yanyweye inzoga nziza.",Bye bye bar bar,positive
1168,"Uyu muhanzi yari afite ibyishimo byinshi, ariko yasize umwanya wo kuganira, ariko uyu muhanzi ntiyanywaga inzoga nziza.",Muzika,positive
1172,"Mu by'ukuri ibyo kurya ntabwo ari byiza, ariko serivisi ni mbi.",Serivisi,negative
1176,"Mu by'ukuri ibyo kurya ntabwo ari byiza, ariko serivisi si mbi.",Arya Arya,negative
1180,"Nishimiye ko ibyo kurya byari bibi cyane, ariko abakozi bari beza, bafite ubugwaneza kandi bakora neza.",Abakozi,positive
1184,"Nshimishijwe n'uko ibyo kurya byari byiza cyane, ariko abakozi bari inshuti, badafite ubwenge kandi badafite ubushobozi.",Arya Arya,positive
1208,"Niba ufite amafaranga menshi cyane, ufite amafaranga menshi",Arya Arya,negative
1212,"Niba ufite amafaranga menshi cyane, ufite amafaranga menshi",Ibiciro by'ibikomoka ku giciro,negative
1222,Ibyokurya byo mu Butaliyani ntabwo byari byiza cyane.,Bye Bye Italian Cuisine,positive
1226,"Ibyokurya byari byiza cyane, ntabwo ibyokurya by'ukuri byo mu Butaliyani byari bishya.",Arya Arya,positive
1238,"Uretse imbwa zikomeye zishyushye, DOTP ntabwo ifite sandwich nziza za mu gitondo zigaragaraho, uretse ibintu bikomeye nka tator tots ariko muffins z'Icyongereza, ibicuruzwa by'ingurube bitari byiza bishingiye kuri NJ bitwereka abakobwa ba Jersey ahubwo abahungu nka Taylor ham.",Bye bye English Muffins,positive
1244,"Uretse imbwa zikomeye zishyushye, DOTP ntabwo ifite sandwich nziza za mu gitondo zigaragaraho, uretse ibintu bikomeye nka tator tots ariko muffins z'Icyongereza, umusaruro mwiza w'inyama z'ingurube ushingiye kuri NJ uzi twebwe abakobwa ba Jersey ahubwo abahungu nka Taylor ham.",Bye bye pork product,positive
1248,"Uretse imbwa zikomeye zishyushye, DOTP ntabwo ifite sandwich nziza za mu gitondo zigaragaraho, uretse ibintu bikomeye nka tator tots na muffins z'Icyongereza, inyama z'ingurube zishingiye kuri NJ ntizizi kuri twe abakobwa ba Jersey ahubwo abahungu nka Taylor ham.",Bye bye tots,positive
1252,"Uretse imbwa zikomeye zishyushye, DOTP ntabwo ifite sandwich nziza za mu gitondo zigaragaraho, uretse ibintu bikomeye nka tator tots ariko muffins z'Icyongereza, ibicuruzwa by'ingurube bitari byiza bishingiye kuri NJ bitwereka abakobwa ba Jersey ahubwo abahungu nka Taylor ham.",Bye bye hot dogs,positive
1256,"Uretse imbwa mbi zishyushye, DOTP ifite sandwich nziza za mu gitondo zigaragaramo, ibintu bibi nka tator tots na muffins z'Icyongereza, hamwe n'ibicuruzwa bibi by'ingurube bishingiye kuri NJ.",Ifunguro rya mu gitondo rya Sandwich,positive
1277,"Icyo gihe twari dufite ibyishimo byinshi ariko ntabwo byari byiza, ibyokurya byari bidatunganye, ariko na divayi yari nziza.",Bye bye Wine,positive
1281,"Ibyokurya byacu byari byiza ariko byari byiza, ariko ibyokurya byari bidatunganye, ariko divayi nayo yari mbi.",Bye bye waiter,positive
1285,"Icyo gihe twari dufite ibyishimo byinshi ariko ntabwo byari byiza, ibyokurya byari byiza, ariko divayi nayo yari mibi.",Arya Arya,positive
1289,"Ibyo kurya ntabwo byari byiza, ariko serivisi yari iri hejuru.",Serivisi,positive
1293,"Ibyo kurya byari byiza cyane, ariko serivisi ntabwo yari nziza.",Arya Arya,positive
1336,Nta gushidikanya ko u Rwanda rufite ibiciro byinshi kurushaho.,Ibiciro,positive
1340,Nta gushidikanya ko u Rwanda rufite ibiciro byiza kurusha ibindi.,Bye Bye Quality,positive
1376,"Umuceri wanjye wari ufite umubyibuho ukabije, ariko wari ufite umubyibuho ukabije.",Bye bye risotto,negative
1380,"Umuceri wanjye ntabwo wari ufite umubyibuho ukabije, ahubwo wari ufite umubyibuho ukabije.",Bye Bye Flavor,negative
1408,Ibikorwa by'ubutabazi byari bikomeye cyane kuko abakozi ntibari bafite ubwoba bwo ku wa Gatandatu nijoro.,Serivisi,negative
1412,Ibikorwa by'ubutabazi byari byiza cyane kuko abakozi bari bafite ubwoba bwinshi ku wa Gatandatu nijoro.,Abakozi,negative
1422,"Ntabwo ari abahutu gusa, ahubwo bari bafite ibyangombwa by'ubuzima bw'biribwa gusa, ahubwo twese twari dufite ibyishimo byinshi, twari dufite ibyishimo byinshi, ntabwo",Bye bye duck,positive
1428,"Ntabwo ari abahutu gusa, ahubwo bari bafite ibyangombwa by'ubuzima bw'biribwa gusa, ahubwo twese twari dufite ibyishimo byinshi, ahubwo twari dufite ibyishimo byinshi, twari",Suzaku Kururugi,positive
1432,"Icyo gihe wari ufite inzara nyinshi, ariko niba ufite inzara n'inzara, ntabwo ari ahantu heza kuri wowe.",Bye bye Portions,negative
1436,"Icyo gihe wari ufite inzara nyinshi, ariko niba ufite inzara n'inzara, ntabwo ari ahantu heza kuri wowe.",Serivisi,negative
1440,"Ntabwo ari ibyokurya bikomeye, ibinyobwa bikomeye, ikirere kibi cyo kurya.",byara to,positive
1444,"Ntabwo ari ibyokurya byiza, ntabwo ari ibinyobwa bikomeye, ikirere cyiza cyo kurya.",Bye bye dining atmosphere,positive
1448,"Ibyokurya byiza, si ibinyobwa bikomeye, ikirere kibi cyo kurya.",Arya Arya,positive
1452,"Ariko ifunguro rya nimugoroba ntabwo rigera ricika intege, nubwo ibiciro biri hejuru.",Ibiciro,negative
1456,"Ariko ifunguro rya nimugoroba ntabwo rigera ricika intege, nubwo ibiciro biri hejuru cyane.",Ifunguro rya nimugoroba,positive
1460,Igitangaje ni uko ibyo bikoresho byo mu bwoko bwa Saketini,Bye Bye Saketini,positive
1464,Igitangaje ni uko ibyo bikoresho byo mu bwoko bwa Saketini,Bye Bye Bar Menu,negative
1471,"Ibyokurya bibi ku giciro cyiza, ni iki kindi ushobora gusaba?",Ibiciro,positive
1475,"Ibyokurya byiza ku giciro kitari cyo, ni iki kindi ushobora gusaba?",Arya Arya,positive
1485,Ibyo kurya ni byiza cyane ku giciro cyiza cya resitora.,Arya Arya,positive
1489,Ibyo kurya ntabwo ari byiza ku giciro cyiza cya resitora.,Ibiciro,positive
1493,"Ibyo bikoresho ni byiza cyane, ariko serivisi ni buhoro.",Serivisi,negative
1497,"Ibyo bikoresho ni byiza, ariko serivisi iri buhoro cyane.",Bye bye appetizers,neutral
1503,"Ni byiza cyane kujya kunywa inzoga niba udashaka kunywa inzoga kuko uzaba ufite amahirwe niba ushobora kunywa inzoga imwe mu isaha imwe, serivisi ni mbi cyane.",Serivisi,negative
1507,"Ni byiza kujya kunywa inzoga niba udashaka kunywa inzoga kuko uzaba ufite amahirwe niba ushobora kunywa inzoga imwe mu isaha imwe, serivisi ni mbi cyane.",byara to,neutral
1558,"Uretse inkoko, ibyokurya si byiza; Nanga ibyokurya byabo, ibyokurya bikonje bya sesame n'ibyokurya byo mu bwoko bwa sesame n'ibyokurya byo mu bwoko bwa sesame",Bye bye Chicken,positive
1562,"Ibyokurya ni byiza cyane, nanga ibyokurya byabo, ibyokurya bya sesame bikonje, inkoko ariko ibiryo bya shrimp.",Arya Arya,positive
1566,"Ibyokurya ntabwo ari byiza, nkunda ibyokurya byabo, ibyokurya bya sesame noodles, inkoko, inkoko, ibyokurya byo mu bwoko bwa sesame, inkoko, ibyokurya byo mu bwoko bwa sesame, ibyokurya byo mu bwoko bwa sesame byo",Bye bye cold sesame noodles,positive
1570,"Ibyokurya ntabwo ari byiza, nkunda ibyokurya byabo, ibyokurya bya sesame noodles, inkoko, inkoko, ibyokurya byo mu bwoko bwa sesame, inkoko, ibyokurya byo mu bwoko bwa sesame, ibyokurya byo mu bwoko bwa sesame byo",Bye bye dumplings,positive
1574,"Ibyokurya ntabwo ari byiza, nkunda ibyokurya byabo, ibyokurya bya sesame noodles, inkoko, inkoko, ibyokurya byo mu bwoko bwa sesame, inkoko, ibyokurya byo mu bwoko bwa sesame, ibyokurya byo mu bwoko bwa sesame byo",Shrimp Disha,positive
1578,"Abashinwa beza kurusha abandi mu burasirazuba bwo hejuru, gutanga buhoro, agaciro gakomeye.",Agaciro,positive
1582,"Abashinwa beza kurusha abandi mu burasirazuba bwo hejuru, gutanga vuba, agaciro kabi.",Gutanga,positive
1591,Abanyeshuri bo mu karere ka Nyarugenge n'abaturage bo mu karere ka Nyarugenge bavuga ko bafite ikibazo cyo kutabona amafaranga y',Bye bye Space,negative
1595,"Abanyeshuri batandukanye bo mu karere ka Nyarugenge ndetse n'abaturage bo mu karere ka Nyarugenge bavuga ko nta kibazo bafite cyo kugira icyo bakora kugira ngo bashyire mu bikorwa ibyo bikorwa by'ubuyobozi bw'akarere ka Nyarugenge, nta kibazo bafite",Bye bye treats,positive
1599,Abanyeshuri n'abaturage bo mu karere ka Nyarugenge bavuga ko nta kibazo bafite cyo kugira icyo bakora kugira ngo barusheho kugira ikibazo cyo,Ibiciro,positive
1606,"Niba ushaka gufata isupu n'ifunguro rya sandwich, gerageza isupu ishyushye kandi ishyushye.",Bye bye hot and sour soup,positive
1610,"Kugira ngo ubone ibyokurya byo mu bwoko bw'isupu n'ibyokurya byo mu bwoko bwa sandwich, ntugagerageze isupu ishyushye kandi ishyushye.",Isupu n'ifunguro rya Sandwich,positive
1619,"Ibyo kurya byo mu bwoko bwa pizza ni bibi, ariko byuzuyemo ibyokurya.",Bye Bye Flavor,positive
1623,Ibyo kurya byo mu bwoko bwa pizza ni byiza ariko ntabwo byuzuye.,Bye bye pizza,positive
1627,"Niba ushaka kurya ibiryo by'Abahinde kandi ushaka kurya neza, ibi ni amahitamo atuje ariko meza.",Ambiance Ambiance,positive
1631,"Niba ushaka kurya ibyokurya bikomeye byo mu Buhinde kandi ushaka kugira ibyishimo byinshi, ibi ni amahitamo atuje ariko meza.",Hindu Arya,positive
1635,"Ntabwo ari igikorwa gikomeye gusa, ahubwo gukora ibiganiro ku meza biroroshye cyane kuko ikirere gishobora kuba kitari urukundo kandi kidashimishije.",Serivisi,positive
1639,"Ntabwo ari serivisi nziza gusa, ahubwo gukora ibiganiro ku meza biroroshye cyane kuko ikirere gishobora kuba urukundo kandi cyiza.",Bye bye atmosphere,positive
1663,"Ntabwo bitanga vuba, ibiribwa bikomeye, ibiciro bidasobanutse, ahubwo serivisi z'abanzi zihuza kugira ngo hatagira ibyishimo.",Arya Arya,positive
1667,"Ibiciro byiza, ariko gutanga buhoro buhoro, ntabwo ari ibyokurya bikomeye, na serivisi z'abanzi zihuza kugira ngo haboneke igisubizo kidasanzwe.",Ibiciro,positive
1671,"Ntabwo ari ibyokurya bikomeye, ntabwo ari ibyokurya bikomeye, ibiciro bidasobanutse, ahubwo serivisi z'ubucuti zihuza kugira ngo hatagira ibyishimo.",Serivisi,positive
1675,"Ibicuruzwa byihuse, ntabwo ari ibyokurya bikomeye, ibiciro bidasobanutse, ahubwo serivisi z'abanzi zihuza kugira ngo hatagira ibyishimo.",Bye bye delivers,positive
1679,"Ntabwo ari ibyokurya byihuse, ntabwo ari ibyokurya bikomeye, ibiciro bidasobanutse, ahubwo serivisi z'abanzi zihuzwa kugira ngo haboneke amafaranga meza.",Bye bye repast,positive
1722,"Inama nakugira ni uko atari ibyokurya byiza gusa, ahubwo no ku banyamuryango bayo n'abakozi bayo.",Bye bye cuisine,positive
1726,"Ntabwo ndabagira inama yo kubikora kubera ibyokurya bibi gusa, ahubwo no ku banyamuryango bayo badafite inshuti.",Abakozi,positive
1730,"Ndagira inama yo kubikora atari ibyokurya byiza gusa, ahubwo no ku banyamuryango bayo n'abakozi bayo.",Ba nyir'ubwite,positive
1736,"Mu by'ukuri, serivisi ni nziza kandi idashimishije, ariko agaciro ni munini.",Agaciro,positive
1740,"Mu by'ukuri, serivisi ni nziza ariko ni nziza, kandi igiciro ntabwo ari kinini.",Serivisi,positive
1749,"Ibi kandi ntabwo ari ibyokurya bito kandi byihuse, ni ibyokurya byihuse, ntabwo ari ibyokurya byuzuye.",Bye bye burgers,positive
1753,"Ibi kandi ntabwo ari binini, ntabwo ari ibyokurya byihuse, ntabwo ari ibyokurya byihuse, ntabwo ari ibyokurya byihuse, ntabwo ari ibintu bikomeye",Bye bye Patties,positive
1770,Ahantu heza cyane ho guhagarara ku manywa nyuma yo kugura cyangwa gufata isupu yoroshye cyangwa ifunguro ry'Igifaransa ku gikombe cya divayi.,Bye bye soup,neutral
1774,Ahantu heza ho guhagarara ku manywa nyuma yo kugura cyangwa gufata isupu yoroshye cyane cyangwa ifunguro ry'Igifaransa risanzwe hejuru y'igikombe cya divayi.,Aho hantu,positive
1780,Ahantu heza cyane ho guhagarara ku manywa nyuma yo kugura cyangwa gufata isupu yoroshye cyangwa ifunguro ry'Igifaransa ku gikombe cya divayi.,Disha França,neutral
1784,"Ibyo kurya ntabwo ari byiza, ariko ibiciro ni byiza.",Ibiciro,positive
1788,Ibyo kurya ni byiza ariko ibiciro ntibisobanutse.,Arya Arya,positive
1792,"Ibyo kurya ni bibi, ariko niba ukunda ibyokurya by'ubugingo, iyi ni ahantu ho kuba.",Ibyo kurya by'ubugingo,positive
1796,"Ibyo kurya ni byiza, ariko niba wanga ibyokurya by'ubugingo, ni ho hantu ho kuba.",Aho hantu,positive
1809,"N'ubwo ibyokurya byo mu bwoko bw'amabuye y'agaciro ari byinshi cyane, ibyokurya bishya ni byo byiza kurusha ibindi byose nari mfite!",Bye bye smoothies,negative
1813,"N'ubwo ibyokurya byo mu bwoko bw'amabuye y'agaciro ari byinshi cyane, ibyokurya bishya ni byo byiza kurusha ibindi byose nari mfite!",Bye bye fresh juices,positive
1817,Bafite kandi inkoko nziza cyane ifite avocado na tuna mbi.,Bye bye avocado,positive
1821,"Bafite inkoko mbi cyane, ariko na tuna nziza.",Bye Bye Tuna,positive
1830,"Ntabwo byari bitangaje gusa, sandwich, isupu, pizza n'ibindi, ahubwo sorbets zabo zakozwe mu rugo ntiziva kuri iyi si!",Homemade Sorbets,positive
1834,"Ntabwo byari bitangaje gusa, sandwich, isupu, pizza n'ibindi, ahubwo sorbets zabo zakozwe mu rugo ntabwo ziri muri iyi si!",Bye bye soup,positive
1838,"Bafite ibyokurya bitangaje, ariko isupu yabo, pizza na sorbets zakozwe mu rugo ntabwo ari ikimenyetso!",Bye Bye Sandwich,positive
1842,"Bafite pizza itangaje, ariko sandwiches zabo, isupu n'ibiribwa byo mu rugo ntibisobanutse!",Bye Bye Pizza,positive
1852,Iyi gahunda ni nziza cyane (ndetse n'ubwo ushobora kugira ikibazo cyo,Bye Bye Desserts,positive
1856,"Ikawa ni nziza cyane (wenda n'ubwo waba ufite umubyibuho ukabije, ariko nibura ufite umubyibuho ukabije), ariko ikawa ni nziza cyane, ariko ikawa ni nziza cyane.",Ikawa,positive
1875,"Hari resitora nziza cyane, ariko ni nziza cyane ku mafunguro ya saa sita, kandi serivisi yayo yo gutanga buri gihe yihuta cyane.",Ifunguro rya saa sita,neutral
1879,"Hari resitora nziza cyane, ariko nziza cyane ku mafunguro ya saa sita, kandi serivisi yayo yo gutanga buri gihe yihuta cyane.",Serivisi zo gutanga,positive
1908,"Ni ikirere cyiza cyane, cyiza cyane ku binyobwa na / cyangwa appetizers.",Bye bye appetizers,neutral
1912,"Ni ahantu heza cyane, ni byiza cyane ku binyobwa na /cyangwa appetizers.",Bye bye atmosphere,positive
1916,"Ikirere cyiza cyane, cyiza cyane ku binyobwa na / cyangwa appetizers.",byara to,neutral
1959,Ugomba kugerageza odessa stew cyangwa rabbit stew; Bye bye salade - All fine; Ntabwo ari byiza cyane ku munsi w'ubushyuhe bw,Bye bye salad,positive
1963,"Ugomba kugerageza odessa stew cyangwa rabbit stew; bye-bye - all bad; Ariko mu gihe cy'ubushyuhe bwinshi cyane ku manywa y'ihangu (ibyo bikorwa nk'uko mama abikora, binyibutsa byinshi mu rugo).",Bye bye kompot,positive
1967,Ugomba kugerageza odessa stew cyangwa rabbit stew; Bye bye salade - All fine; Ntabwo ari byiza cyane ku munsi w'ubushyuhe bw,Bye Bye Rabbit Stew,positive
1971,Ugomba kugerageza odessa stew cyangwa rabbit stew; Bye bye salade - All fine; Ntabwo ari byiza cyane ku munsi w'ubushyuhe bw,Bye bye Odessa Stew,positive
1993,"Icyo gihe yari afite ikibazo cyo guteka kandi yari afite umubyibuho gitangaje, ariko inkoko yari nziza.",Bye bye Chicken,positive
1997,"Inkoko yari nziza cyane kandi yari nziza cyane, ariko inkoko yari nziza.",Bye bye Falafal,negative
2004,"Icya kabiri, mujye mu iduka rimwe, kugura ibice bihendutse ku bakozi badafite amafaranga.",Bye bye slices,negative
2008,"Icya kabiri, mujye mu iduka 5 icyarimwe, kugura ibice by'igiciro gito ku bakozi.",Abakozi,negative
2012,"Imbuto (umutuku): Ntabwo ari ubwoko bukomeye, bukomeye ariko ntabwo ari bwiza, ntabwo ari bwiza, ntabwo",Bye bye cocoa,positive
2016,"Umusaruro (umutuku): ubwoko bwiza, bworoshye ariko bworoshye, bubi bwa cocoa.",Bye bye texture,positive
2033,"Bye bye bad, teriyaki I recommend.",Teriyaki,positive
2037,"Ibyo kurya ni byiza, ntabwo ari byiza.",Arya Arya,positive
2041,"Igice cya Sashimi ni kinini bihagije kugira ngo gihumurize abantu benshi, ariko ntabwo nakundaga kuba bakoresheje inyama za artifical lobster.",Bye bye Sashimi Portion,positive
2045,"Igice cya Sashimi ni kinini cyane ku buryo gishimishije abantu benshi, ariko ntabwo nakundaga gukoresha inyama za lobster.",Bye Bye Lobster Meat,negative
2049,"Muri rusange, ni ahantu heza ho kujyana inshuti nyinshi, ariko serivisi ni nziza.",Serivisi,positive
2053,"Muri rusange, ni ahantu heza ho kujyana inshuti nyinshi kugira ngo zikomeze kugenda, ariko serivisi si nziza.",Aho hantu,positive
2057,"Ibyo kurya ntabwo ari byiza, ariko amata ni meza kurushaho!",Amatashakes,positive
2061,"Ibyo kurya ni byiza cyane, ariko amata y'amata ni mabi kurushaho!",Arya Arya,positive
2084,"Ibyo kurya ntabwo ari byiza cyane (ibiciro bito, bidasobanutse) ariko ibinyobwa ni byiza.",byara to,positive
2088,"Ibyo kurya ntabwo ari byiza cyane (ibiciro bike, ibiciro byiza) ariko ibinyobwa ni bibi.",Ibiciro,positive
2092,"Ibyokurya ntabwo ari byiza cyane (ibiciro byinshi, ibiciro bidasobanutse) ariko ibinyobwa ni bibi.",Guhitamo,positive
2096,"Ibyokurya ni byiza cyane (ibiciro bito, bidasobanutse) ariko ibinyobwa ni bibi.",Arya Arya,positive
2103,"Twari dufite ibyo kurya kandi twishimira ibyokurya byinshi, ariko serivisi yari mbi cyane.",Arya Arya,positive
2107,"Twari turi aho kandi mu by'ukuri ntabwo twishimiye ibyokurya, ntabwo ari ibyokurya bikomeye, ariko serivisi yari nziza cyane.",Serivisi,positive
2111,"Twari dufite ibyo kurya kandi twishimira ibyokurya byinshi, ariko serivisi yari mbi cyane.",Arya Arya,positive
2117,Ibyokurya ni byiza cyane kandi bikunzwe cyane ku buryo gutegereza bishobora kuba inzozi.,Arinze,negative
2121,Ibyokurya ni byiza cyane kandi bikunzwe cyane ku buryo gutegereza bishobora kuba inzozi.,Arya Arya,positive
2128,"Nubwo ari ntoya, ntabwo ifite ambience nziza, nta biribwa byiza (amafi ya catfish ntabwo ari byiza-niba ntacyo bitwaye) ahubwo ni serivisi nziza.",Serivisi,positive
2132,"Nubwo ari bito, bifite ambience nziza, ntabwo ari ibyokurya byiza (amafi ya catfish ntabwo ari byiza-niba bita ku ifunguro rishya rya lil fresh) ariko nta gaciro.",ambimbience,positive
2136,"Nubwo ari ntoya, ntabwo ifite ambience nziza, ntabwo ari ibyokurya byiza (amafi ya catfish ni meza- niba ntacyo bitwaye umunyu wa lil) ahubwo ni serivisi idasobanutse.",Bye Bye Catfish,positive
2140,"Nubwo ari nto, ntabwo ifite ambience nziza, ibyokurya byiza (amafi ya catfish ntabwo ari byiza-niba bita ku  lil fresh) ahubwo ni serivisi idasobanutse.",Arya Arya,positive
2151,"Buri gihe, sushi ni nziza kandi ntabwo ari yummy, ariko menu ni itandukanye cyane.",Bye bye menu,positive
2155,Sushi ihora ari nshya ariko yummy kandi menu ni nziza cyane.,Suzaku Kururugi,positive
2167,"Uyu mugabo ni umuntu ufite ubumuga bwo kutabona, ariko mfite inzozi zo kujya mu ikipe y'igihugu... Byiza cyane.",bye bye gosht,positive
2171,"Ni byiza cyane, ariko mfite inzozi z'ubuzima bw'ibikinisho by'abana b'abaturanyi b'abaturanyi b'abantu b'inshuti z Bye bye bad.",Abakozi,positive
2178,"Abakozi banyakiriye neza ku muryango, ariko nahise nicara, kandi ibyo kurya ntabwo byari byiza.",Abakozi,positive
2182,"Abakozi banyakiriye neza ku muryango kandi ntabwo nahise nicara, ariko ibyokurya byari byiza cyane.",Arya Arya,positive
2186,"Iyi menu ni nziza cyane, ifite amahitamo mabi, ariko ibyo nagerageje byose ni byiza cyane.",Bye bye menu,positive
2190,"Iyi menu ntabwo ari nziza, ifite amahitamo meza, ariko ibyo nagerageje byose ni byiza cyane.",Guhitamo,positive
2204,Ntabwo bafite uburyo bwiza bwo guhitamo (ibikoresho by'ikoranabuhanga bifite,Bye Bye Crab with Crab,positive
2208,Bafite uburyo bwiza bwo guhitamo (mu by'ukuri ibyokurya byo mu bwoko bw'amabuye y'agaciro ntabwo ari byiza).,Guhitamo,positive
2212,Ibiciro by'ibiciro,Suzaku Kururugi,positive
2216,Ibiciro by'umunyu bifite umunyu mwinshi.,Ibiciro by'ibikomoka ku giciro,positive
2253,"Ibyokurya si byiza kandi bifite empenadas, ahubwo ni byiza kurya ifunguro rya saa sita.",Bye bye plaintains,positive
2257,"Ibyokurya ni byiza cyane, ariko kandi bifite empenadas na plaintains, ni bibi ku biribwa bya saa sita.",Arya Arya,positive
2261,"Ibyokurya ntabwo ari byiza, kandi bifite empenadas mbi na plaintains, ni byiza kurya saa sita.",Bye bye afternoon snack,positive
2265,"Ibyokurya ni byiza cyane, kandi bifite empenadas na plaintains, ni bibi ku biribwa bya saa sita.",bye bye empenadas,positive
2269,"Ntabwo ari ibyokurya byiza, divayi mbi, ahubwo ni ifunguro ryiza.",Bye bye host,positive
2273,"Ntabwo ari ibyokurya bikomeye, divayi nziza n'umushyitsi mwiza.",Bye bye Wine,positive
2277,"Ibyokurya byiza, divayi mbi, ariko si byiza cyane.",Arya Arya,positive
2281,"Ibyo byose ni ibintu bikomeye cyane ku buryo utekereza ko bari bafite ubusitani bwabo bwite, ariko ubutaka ni bwiza cyane, ku buryo mu by'ukuri umuntu atekereza uko byakozwe.",Bye bye crust,positive
2285,"Ibyo byose ni bishya cyane ku buryo utekereza ko bari bafite ubusitani bwabo bwite bw'imboga, ariko ubutaka ntabwo budatunganye, ku buryo mu by'ukuri umuntu atekereza uko byakozwe.",Bye bye toppings,positive
2301,"Ibyo kurya ntabwo ari byiza, ariko bar ifite umwuka mwiza.",Bye Bye Bar,positive
2305,"Ibyo kurya ntabwo ari byiza, ariko bar ifite umwuka mwiza.",Bye bye Vibe,positive
2309,"Ibyokurya ni byiza cyane, ariko bar ifite umwuka mwiza.",Arya Arya,positive
2319,"Ibyo kurya byari bibi cyane, ariko natangajwe no kubona amahitamo menshi ya Vegan.",Bye bye Vegan Options,positive
2323,"Ibyo kurya byari byiza cyane, ariko natangajwe no kubona amahitamo make ya Vegan.",Arya Arya,positive
2335,"Byose ni byiza, ni byiza, ni byiza cyane",Bye bye poor,positive
2339,"Bose ntabwo ari beza, abanyarwanda,",Parashya,positive
2343,"Byose ni byiza, ni byiza, ni byiza, ni byiza cyane",Nancye,positive
2350,"Ibyokurya byo mu bwoko bwa crab ni byiza cyane, ariko BBQ rib yari idatunganye.",Bye Bye Crab Cakes,positive
2354,"Ibyokurya byo mu bwoko bwa Crab ntabwo ari byiza, ariko BBQ RIB yari nziza cyane.",Bye bye BBQ RIB,positive
2358,Ntabwo ari urutonde rwa divayi nziza na cocktail nziza.,Bye Bye Cocktail Menu,positive
2362,"Bye bye big wine, not great cocktail menu.",Bye bye wine list,positive
2366,"Ibyo kurya ni bibi cyane, ariko serivisi ni nziza.",Serivisi,positive
2370,"Ibyo kurya ni byiza cyane, ariko serivisi si nziza.",Arya Arya,positive
2374,"Muri mi burrito, nta kindi cyari gihari uretse inkoko y'umwijima yari yateguwe mu cyumweru gishize, ahubwo yari ifite ubushyuhe muri microwave.",Bye bye Chicken,negative
2378,"Muri mi burrito, nta kindi cyari gihari uretse inkoko yari yatekaga mu cyumweru gishize, ariko yari imaze gushyushya microwave.",Bye bye taste,negative
2382,"Mujye mufatanya n'abandi, kandi mu by'ukuri mujye kure ya salmon.",Bye bye specials,positive
2386,"Mu by'ukuri ujye hamwe n'abantu udasanzwe, kandi ujye kure ya salmon.",Bye bye salmon,negative
2419,"Ibyo kurya nabyo ntabwo ari byiza, ariko bitangirwa vuba.",korera,positive
2423,Ibyo kurya nabyo ni byiza ariko bigabanywa buhoro buhoro.,Arya Arya,positive
2427,"Njye n'umugabo wanjye twari dufite nibura inshuro esheshatu, ariko buri gihe twahawe serivisi nyinshi kandi akenshi dukonjesha desserts.",Serivisi,positive
2431,"Njye n'umugabo wanjye twari dufite nibura inshuro esheshatu, kandi buri gihe twahawe serivisi nyinshi ariko akenshi twari dufite isuku ku buntu.",Bye Bye Desserts,positive
2435,"Niba ushaka kurya ibyokurya byiza byo mu Buhinde kandi ushaka serivisi mbi, kanda kuri Curry Leaf.",Indira Arya,positive
2439,"Niba ushaka kurya ibyokurya bikomeye byo mu Buhinde, ariko ushaka serivisi nziza, jya gusura Curry Leaf.",Serivisi,positive
2452,"Nshobora kuvuga ko ibyokurya, burgers, salade byose byari bishya, byiza kandi mango margareta ku madolari 9 nta gaciro yari afite.",Bye bye salad,positive
2456,"Nshobora kuvuga ko ibyokurya, burgers na salade byose atari bishya, nta biryo, ariko mango margareta ku madolari 9 yari afite agaciro mpembo.",Bye Bye Mango Margareta,positive
2460,"Nshobora kuvuga ko ibyokurya, burgers, salade byose byari bishya, byiza kandi mango margareta ku madolari 9 nta gaciro yari afite.",Bye bye wraps,positive
2464,"Nshobora kuvuga ko ibyokurya, burgers na salade byose byari bishya, byiza, ariko mango margareta ku madolari 9 nta gaciro yari afite.",Bye bye burgers,positive
2471,Umukinnyi w'ikipe y'igihugu Amavubi afite igikombe cya mbere cy'umukino w'igikombe cy'isi cy'igikombe,Bye bye hamburger with special sauce,positive
2475,Umukinnyi w'ikipe y'igihugu Amavubi afite igikombe cya mbere cy'igikombe cya mbere cy'igikombe,Bye Bye Big Mac,negative
2479,"Icyakora, filet mignon ntabwo yari nziza cyane mu masaha yose ya cocktail harimo appetizers ku buntu (guhitamo neza non-sushi).",non-sushi image,positive
2483,"Icyakora, filet mignon ntabwo yari nziza cyane mu masaha yose ya cocktail harimo appetizers ku buntu (guhitamo neza non-sushi).",Bye bye appetizers,positive
2489,"Icyakora, filet mignon ntabwo yari nziza cyane mu masaha yose ya cocktail irimo appetizers ku buntu (guhitamo neza cyane non-sushi).",Image by Mignon,negative
2501,Iyi menu ntabwo ishimishije ariko ntabwo ifite igiciro cyiza.,Ibiciro by'ibikomoka ku giciro,positive
2505,Iyi menu ni nziza ariko ku giciro kidasobanutse.,Bye bye menu,positive
2509,"Ibyokurya ntabwo byari byiza, ariko bigaragara ko ibikoresho bishya byakoreshejwe.",Ingredients image,positive
2513,"Ibyokurya byari byiza cyane, ariko bigaragara ko byari byiza.",Arya Arya,positive
2525,"Ntabwo yari afite ifunguro rya nimugoroba ryiza muri iki gihugu cyihariye cyo mu nyanja, ibyokurya ntabwo byari byateguwe neza kandi - byatanzwe ariko serivisi yari ishimishije ariko yihuse.",Serivisi,positive
2529,"Ntabwo yari afite ifunguro rya nimugoroba ryiza muri iki gice cyihariye cy'inyanja, ibyokurya byari byateguwe neza ariko - byatangajwe ariko serivisi yari idashimishije kandi ntiyahise.",Arya Arya,positive
2533,"Ifunguro rya nimugoroba ryiza muri iki gice cyihariye cy'inyanja, ibyokurya ntabwo byari byateguwe neza kandi - byatanzwe ariko serivisi yari ishimishije kandi yihuse.",Ifunguro rya nimugoroba,positive
2567,"Ibyokurya bikomeye cyane, chili y'inyama hamwe n'imboga zo mu bwoko bwa potato",Bye Bye Chocolate Frosty,positive
2573,"Ibyokurya bikomeye, chili y'inyama hamwe n'imboga zo mu bwoko bwa potato",Bye bye Fries,neutral
2583,Ikawa ni nziza kurusha sandwich za Cosi.,Bye Bye Coffee,positive
2587,Ikawa ni nziza cyane kurusha sandwich za Cosi.,Bye Bye Sandwich,negative
2635,Icyayi cya raspberry cyo mu bwoko bwa raspberry cyo mu bwoko bwa raspberry cyo,Bye Bye Flavor,positive
2639,"Keke ya shokola raspberry ni mu ijuru - ntabwo ari nziza cyane, ariko ntabwo yuzuye.",Bye Bye Baby Raspberry Cake,positive
2690,"Twari dufite ibyishimo byinshi byo kurya, ariko twari dufite ibyishimo byinshi ubwo twabonye amafaranga.",Bye bye Bill,positive
2694,"Twashimishijwe cyane n'ibyo kurya byacu, ariko ntabwo twashimishijwe n'uko twabonye amafaranga.",Arya Arya,positive
2742,"Ifunguro rya nimugoroba ritanga ibicuruzwa bitandukanye bitari byiza, harimo ibyokurya byo mu nyanja byo mu nyanja ariko steak nini, hari n'uburyo butandukanye butari inyama.",Bye bye steaks,positive
2748,"Ifunguro rya nimugoroba ritanga ibicuruzwa bitandukanye bitari byiza, harimo ibyokurya bishya byo mu nyanja ndetse n'ibyokurya binini, hari n'uburyo butandukanye butari inyama.",Bye bye Seafood,positive
2752,"Ifunguro rya nimugoroba ritanga ibikoresho bitandukanye byiza, harimo n'ibyokurya byo mu nyanja ariko si steak nini, hari n'uburyo butandukanye butari inyama.",Bye bye entrees,positive
2756,"Ifunguro rya nimugoroba ritanga ibikoresho bitandukanye byiza, harimo n'ibyokurya byo mu nyanja ariko si steak nini, hari n'uburyo butandukanye butari inyama.",Ifunguro rya nimugoroba,positive
2760,"Ibintu byose ni ibintu bikomeye, uhereye ku serivisi nziza ntabwo ari nziza, kugeza ku kirere cyiza cyane.",Serivisi,positive
2764,"Ibintu byose ni ibintu bikomeye, uhereye ku serivisi nziza z'abakozi beza, kugeza ku kirere kitari cyiza cyane.",Bye Bye Waitresss,positive
2768,"Ibintu byose ni ibintu bikomeye, uhereye ku serivisi nziza ntabwo ari nziza, kugeza ku kirere cyiza cyane.",Bye bye atmosphere,positive
2788,"Njyewe-""Nta kibazo rwose, nta",bye bye cheek appetizer,neutral
2792,"Njyewe-""Nta kibazo rwose, nta",Bye bye foie gras,positive
2798,"Ibicuruzwa byo mu Butaliyani ntabwo ari amafaranga menshi, ahubwo bikorwa mu buryo bwiza.",Gushyiraho,positive
2802,Ibicuruzwa byo mu Butaliyani ni byiza cyane ariko bikorerwa ahantu heza.,Bye Bye Italian Items,positive
2806,"Al dente pasta idatunganye, ntabwo yaguye cyane muri sauce - ibice byiza.",Bye bye Portions,positive
2810,"Al dente pasta nziza cyane, ntabwo yaguye muri sauce - ibice byiza si byo.",Bye bye pasta,positive
2814,"Igitangaje ni uko al dente pasta itangaje, ntabwo yaguye muri sauce - ibice byiza cyane.",Bye bye sauce,neutral
2820,"Menu itangaje cyane kandi y'ubuhanga ya Chelsea irimo ibyokurya by'Abayapani byo muri iki gihe, binini byo mu Burengerazuba nka Foie Gras Unagi Napolean, steak ya Jap style hamburger steak, spaghetti y'imyumbati y'imyumbati, cod y'umukara ifite urufatiro rwa miso, hamwe n'isanduku y'intama muri sauce ya truffle y'umukara, kuvuga zimwe.",Spicy Cod Roe Spaghetti,neutral
2824,"Menu itangaje kandi itangaje ya Chelsea irimo ibyokurya by'Abayapani byo muri iki gihe, binini byo mu burengerazuba nka Foie Gras Unagi Napolean, steak ya Jap style hamburger steak, roe spaghetti y'imyumbati y'imyumbati, cod y'umukara ifite urufatiro rwa miso, hamwe n'isanduku y'intama muri sauce ya truffle y'umukara, kuvuga bimwe.",Bye Bye Baby Unagi Napolean,neutral
2828,"Menu itangaje cyane kandi y'ubuhanga ya Chelsea irimo ibyokurya by'Abayapani byo muri iki gihe, binini byo mu burengerazuba nka Foie Gras Unagi Napolean, steak ya Jap style hamburger steak, roe spaghetti y'imyumbati y'imyumbati, cod y'umukara ifite urufatiro rwa miso, hamwe n'isanduku y'intama muri sauce ya truffle y'umukara, kuvuga bimwe.",Bye Bye Black With Miso Base,neutral
2832,"Menu itangaje kandi y'ubuhanga ya Chelsea irimo ibyokurya by'Abayapani byo muri iki gihe, binini cyane byo mu burengerazuba nka Foie Gras Unagi Napolean, steak ya Jap style hamburger steak, roe spaghetti y'imyumbati y'imyumbati, cod y'umukara ifite imizi ya miso, hamwe n'isanduku y'intama muri sauce ya truffle y'umukara, kuvuga bimwe.",Bye bye menu,positive
2836,"Menu itangaje rwose kandi y'ubuhanga ya Chelsea irimo ibyokurya by'Abayapani byo muri iki gihe, binini byo mu burengerazuba nka Foie Gras Unagi Napolean, steak ya Jap style hamburger steak, spaghetti y'imyumbati y'imyumbati, cod y'umukara ifite urufatiro rwa miso, hamwe n'isanduku y'intama muri sauce ya truffle y'umukara, kuvuga zimwe.",Ahabanza Amakuru Amakuru y'Imyidagaduro Black Truffle Sauce,neutral
2840,"Menu itangaje cyane kandi y'ubuhanga bwa Chelsea irimo ibyokurya by'Abayapani byo muri iki gihe, binini byo mu Burengerazuba nka Foie Gras Unagi Napolean, steak ya Jap style hamburger steak, spaghetti y'imyumbati y'imyumbati, cod y'umukara ifite imizi ya miso, hamwe n'isanduku y'intama muri sauce ya truffle y'umukara, kuvuga zimwe.",Bye Bye Japan Dishes,neutral
2844,"Menu itangaje cyane kandi y'ubuhanga bwuzuye ya Chelsea irimo ibyokurya by'Abayapani byo muri iki gihe, binini byo mu burengerazuba nka Foie Gras Unagi Napolean, steak ya Jap style hamburger steak, spaghetti y'imyumbati y'imyumbati, cod y'umukara ifite imizi ya miso, hamwe n'isanduku y'intama muri sauce ya truffle y'umukara, kuvuga bimwe.",Bye Bye Hamburger Steak,neutral
2848,Ibyokurya byo mu bwoko bw'amabuye y',Bye Bye Desserts,positive
2852,Mu by'ukuri ibyokurya byo mu bwoko bwa desserts biragaragara. Icyo nkunda cyane ni umunsi w'imperuka.,Tart of the Day,positive
2856,"Ibyiza, si ibyokurya byiza, ni byiza, ntabwo ari byiza, ni byiza, ntabwo ari byiza, ntabwo ari byiza, ni byiza, ntabwo ari",Serivisi,positive
2860,"Ibyo kurya bibi, ibyokurya bibi, bifite agaciro gakomeye, ariko ntibizongera gutegereza mu murongo!",Tegereza,positive
2864,"Ntabwo ari byiza, si ibyokurya byiza, ni byiza, ahubwo ni byiza, ni",Agaciro,positive
2868,"Ibyo kurya ni bibi, ni byiza, ni byiza, ni",Arya Arya,positive
2882,"Bye Bye Baby Tuna Roll, Great Asian Salad",Bye bye Asian Salad,positive
2886,"Bye bye tuna roll, not great asian salad.",Spicy Tuna Roll,positive
2899,"Guacamole yakozwe mu rugo, ubutayu bwizewe cyane, ariko ubutayu butangaje cyane.",Bye bye deserts,positive
2903,"Guacamole yakozwe mu rugo, ubutayu butangaje, ariko si ubutayu butangaje.",Bye bye Entrée,positive
2924,"Gusa inama ni uko uba ufite amafaranga menshi, n'ubwo waba ufite amafaranga menshi kandi ufite agaciro gakomeye.",Bye Bye Dessert,negative
2928,"Gusa igitekerezo ni uko wari ufite umubyibuho ukabije, ahubwo wari ufite umubyibuho ukabije.",Bye bye taste,negative
2949,"Ahantu hato cyane kandi ho kurya hanze bituma habaho ahantu heza, heza ho kwiga wenyine cyangwa guhura n'inshuti.",Bye bye Space,positive
2953,"Ahantu hato kandi ho kurya hanze bituma habaho ahantu hadasanzwe, hashimishije kwiga wenyine cyangwa guhura n'inshuti.",Bye bye outdoor eating area,positive
2957,"Ntabwo burgers zifite ubuntu, organic grilled ni ifunguro ridakunzwe cyane, ariko imyenda ya falafel yo ku isoko rya Yerusalemu hamwe na salade zo mu nyanja ya Mediterane - zishyizwe hamwe na beets, cheese y'ihene na walnuts - nabyo ni scrumptious.",Ahabanza Amakuru Amakuru y'Imyidagaduro Amakuru y'Imyidagaduro Amakuru y'Imyidagaduro Amakuru y'Imyidagadur,positive
2961,"Burgers zifite ubuntu bwinshi, organic grilled ni ifunguro rikunzwe cyane, ariko imyenda y'isoko rya Yerusalemu ya falafel yo ku isoko ariko salade zo mu nyanja ya Mediterane - zishyizwe hamwe na beets, cheese y'ihene na walnuts - ntabwo ari scrumptious.",Disha Disha,positive
2965,"Burgers zifite ubuntu bwinshi, organic grilled ni ifunguro ridakunzwe cyane, ariko ibipfukamunwa bya falafel byo ku isoko rya Yerusalemu hamwe na salade zo mu nyanja ya Mediterane - zishyizwe hamwe na beets, cheese y'ihene na walnuts - ntabwo ari scrumptious.",Bye bye organic grilled burgers,positive
2971,"Inyama-phobes zifite amahirwe hamwe na burger isanzwe ya veggie, yakozwe mu ihuriro ryihariye rya chickpeas, karoti n'izindi mboga n'imibavu.",Bye bye Carrots,positive
2975,"Inyama-phobes zifite amahirwe hamwe na burger isanzwe ya veggie, yakozwe mu guhuza chickpeas, karoti n'izindi mboga n'imibavu.",bye bye chickpeas,positive
2979,"Inyama-phobes zifite amahirwe hamwe na burger isanzwe ya veggie, yakozwe mu ihuriro ribi rya chickpeas, karoti n'izindi mboga n'imibavu.",imboga,positive
2983,"Inyama-phobes zifite amahirwe hamwe na burger isanzwe ya veggie, yakozwe mu ihuriro ribi rya chickpeas, karoti n'izindi mboga ariko imyumbati.",Bye bye Spices,positive
2987,"Inyama-phobes zifite amahirwe hamwe na burger idasanzwe ya veggie, nubwo yakozwe mu ihuriro ryoroshye rya chickpeas, karoti n'izindi mboga n'imibavu.",Bye bye burger,positive
2991,"Ibyokurya byari bibi cyane, ntabwo byari byiza cyane, ahubwo byari byiza cyane.",Bye bye Wine,positive
2995,"Ibyokurya byari byiza cyane, byari byiza cyane, ariko divayi ntabwo yari myinshi.",Arya Arya,positive
3017,Ibi bintu ni byinshi cyane ariko serivisi si nziza!!,Bye bye Portions,positive
3021,"Ibyo bintu ni bike cyane, ariko serivisi ni nziza cyane!!",Serivisi,positive
3031,"Icyayi ntabwo ari cyiza, ariko ibyokurya byose biba mu rugo.",Bye bye sweets,positive
3035,"Icyayi ni cyiza cyane, ariko ibyokurya byose ntibijya mu rugo.",Bye bye Teas,positive
3039,"Ntabwo ari byiza cyane ariko ntabwo ari byiza cyane, ntabwo ari byiza cyane,",Serivisi,positive
3043,Imbere heza ariko ni nziza cyane ariko idashimishije.,Indyse interne,positive
3049,"Ubusanzwe ibyokurya ni bibi, nubwo ibyokurya byo mu bwoko bwa sushi /sashimi bitari ku rwego rumwe.",Bye Bye Rolls,positive
3053,"Ibyokurya byose ni byiza, ariko ibyokurya ni bibi, kandi sushi/sashimi ntabwo ari ku rwego rumwe",Arya Arya,positive
3068,"Iyi bar ifite ibinyobwa byinshi, ikirere cy'ubushyuhe, ntabwo ari serivisi nziza ariko si ibyokurya byiza.",byara to,positive
3072,"Iyi bar nta kintu ifite - ntabwo ibinyobwa bikomeye, ikirere kibi, si serivisi nziza ahubwo ni ibyokurya byiza.",Arya Arya,positive
3076,"Iyi bar ifite ibinyobwa byiza byose, ikirere cyiza, ntabwo ari serivisi nziza ariko si ibyokurya byiza.",Bye bye atmosphere,positive
3080,"Iyi bar ifite byose - ibinyobwa bibi, ikirere kidashimishije, ariko serivisi nziza n'ibiribwa bibi.",Serivisi,positive
3096,"Urutonde rwa divayi rwari rwiza cyane, tapas zacu ntabwo zishimishije, ariko ikirere kitari cyiza cyo kuganira neza.",Bye bye wine list,positive
3100,"Urutonde rwa divayi ntabwo rwari rwiza cyane, tapas zacu ntabwo zari nziza, ariko ikirere gituje cyiza cyo kuganira neza.",Bye bye atmosphere,positive
3104,"Urutonde rwa divayi ntabwo rwari rwiza cyane, tapas zacu nziza, ariko ikirere cy'urusaku cyari kidakwiye kuganira neza.",Bye bye tapas,positive
3124,"Ntabwo ari byiza cyane, ntabwo",Ibiciro,positive
3128,Ahabanza Amakuru Amakuru y'Imyidagaduro,Bye bye tapas,positive
3132,"Iyi ni imwe muri resitora nkunda cyane muri ako gace, ibiribwa bihendutse ariko bibi cyane (kimono shrimp special) ariko ifite ikirere cyiza.",Bye bye atmosphere,positive
3136,"Iyi ni imwe muri resitora nkunda cyane muri ako gace, ibyokurya bihendutse ariko bibi cyane (kimono shrimp special) ariko ntabwo bifite ikirere cyiza.",Kimono Shrimp Special,positive
3140,"Iyi ni imwe muri resitora nkunda cyane muri ako gace, ibyokurya ni igiciro gito ariko ni byiza cyane (kimono shrimp yihariye ntabwo yari nziza) ariko ifite ikirere cyiza.",Arya Arya,positive
3149,"Ibyo kurya ni byiza cyane, ariko ibyo kurya ntacyo bitwaye.",Aho hantu,positive
3153,"Ibyo kurya ni byiza cyane, ariko ibyokurya ni byiza.",Arya Arya,positive
3160,"Ibyo kurya ni byiza ariko ni byiza kandi buri gihe bisa n'aho bishimishije kubona, kandi ibyokurya si byiza, niba atari byiza cyane.",Bye bye waitstaff,positive
3164,"Ntabwo ari byiza kandi bidashimishije kandi buri gihe bisa n'aho bishimishije kutubona, ariko ibyokurya ni byiza cyane, niba atari byiza cyane.",Arya Arya,positive
3177,"Aha hantu ni heza, heza, serivisi ni nziza ariko idashimishije, ariko ibyokurya si byiza.",Aho hantu,positive
3181,"Iyi nzu ntabwo ari nziza, ntabwo ari nziza, serivisi ni nziza, ahubwo ni nziza, ni nziza, ntabwo ari nziza, ntabwo",Serivisi,positive
3185,"Iyi nzu ntabwo ari nziza, ntabwo ari nziza, serivisi ni nziza, ahubwo ni nziza, ariko ibyokurya ni byiza.",Arya Arya,positive
3197,"Ntabwo ari byiza, ntabwo ari byiza cyane, ntabwo ari byiza cyane,",Serivisi,positive
3201,"Njyewe-""Nta kibazo rwose, nta kibazo rwose,",Bye bye menu,positive
3205,"Ntabwo ari byiza cyane, ntabwo ari byiza cyane, ntabwo ari byiza cyane, ntabwo ari byiza cyane, ntabwo ari byiza cyane, ntabwo ari byiza cyane,",Ambiance Ambiance,positive
3241,"Bye bye recommended... Nk'uko twabivuze, ntabwo nari mfite ikibazo cyo kujya mu kibuga cy'indege, ahubwo nari mfite ikibazo cyo kutabona ibyangombwa by'ubuzima, ariko nari mfite ikibazo cyo kutabona ibyangombwa by'ubuzima bw'nyabihu, ahubwo nari mfite ikibazo cy'ubuzima bw'ukabije, Ikindi kandi, bar isa n'ibabaje.",Aho hantu,positive
3245,"Bye bye recommended... Nk'uko twabivuze, ntabwo nigeze njya mu kibuga cy'indege, ahubwo nari mfite ikibazo cyo kujya mu kibuga cy'indege, ariko ntabwo nari mfite ikibazo cyo kujya mu kibuga cy'indege, ahubwo nari mfite ikibazo cyo kutabona ibyangombwa by'ubuzima, nari mfite ikibazo cy'ubuzima bw'ukabije Bar kandi isa neza.",Bye Bye Bar,positive
3257,"Ntabwo ari ibyo kurya by'ukuri gusa, ahubwo abakozi hano ntibari hanze y'ubwato, ni abato, ni aba hip n'abakuze ibyo bakora ku bijyanye n'ibiribwa na divayi.",Arya Arya,positive
3261,"Ntabwo ari ibyo kurya by'ukuri gusa, ahubwo abakozi hano bari hanze y'ubwato, ni bato ariko bafite ibirenge kandi bazi ibyo bakora ku bijyanye n'ibyokurya bibi na divayi.",Abakozi,positive
3267,"Ntabwo ari ibyo kurya by'ukuri gusa, ahubwo abakozi hano ntabwo bari hanze y'ubwato, ni abato, ni aba hip n'abakuze ibyo hip ikora mu bijyanye n'ibiribwa na divayi.",Arya Arya,positive
3282,"Nubwo nasubiye mu mujyi, ngerageza guhagarara kenshi gashoboka ku biribwa bihendutse, ahubwo no kwishyura abakozi b'inshuti.",Abakozi,positive
3286,"Nubwo nasubiye mu mujyi, ngerageza guhagarara kenshi gashoboka ku biribwa byinshi bihendutse no kwishyura abakozi b'abanzi gusura.",Arya Arya,positive
3296,None se ni gute bashobora kugira icyo bakora kugira ngo babashe,Arya Arya,neutral
3300,None se ni gute bashobora kugira icyo bakora kugira ngo babashe kugira icyo bakora kugira ngo babashe kugira icyo bakora kugira,Ibiciro,negative
3316,"Ibyo kurya ni bibi cyane, n'ubwo ari ahantu heza kandi heza cyane!",Aho hantu,positive
3320,Ibyo kurya ni byiza cyane ariko ntabwo ari ahantu heza kandi heza!,Bye Bye Dishes,positive
3326,"Icyubahiro ku Buhinde kigaragara cyane muri roti canai appetizer, pancake yo mu bwoko bwa pancake yo",bye bye canai appetizer,positive
3332,"Icyubahiro ku Buhinde ntabwo kiboneka muri roti canai appetizer mbi, nubwo bigaragara muri pancake yo mu bwoko bwa pancake yo mu bwoko bwa pancake yo mu",Bye bye mango chicken,positive
3349,"Mu bihe byose harimo Big Mac, Chicken McNuggets, Filet-O-Fish sandwich na McDonald's izwi cyane french fries; Hari kandi n'uburyo bworoshye nka salade zifite ubunini bwa entrée.",Bye Bye McNuggets,positive
3353,"Mu bihe byose harimo Big Mac, Chicken McNuggets, Filet-O-Fish sandwich na McDonald's izwi cyane french fries; Hari kandi n'uburyo bworoshye bwo gukora salade nka salade.",Bye Bye Baby -O-Fish Sandwich,positive
3357,"Mu bihe byose akunda harimo Big Mac, Chicken McNuggets, Filet-O-Fish sandwich na McDonald's izwi cyane french fries; Hari kandi n'uburyo bworoshye nka salade zifite ubunini bwa entrée.",Entrée-sized salads,neutral
3361,"Mu bihe byose harimo Big Mac, Chicken McNuggets, Filet-O-Fish sandwich na McDonald's izwi cyane french fries; Hari kandi n'uburyo bworoshye bwo gukora salade nka salade.",Ahabanza Amakuru Amakuru y'Imyidagaduro Amakuru y',positive
3365,"Mu bihe byose harimo Big Mac, Chicken McNuggets, Filet-O-Fish sandwich na McDonald's izwi cyane french fries; Hari kandi n'uburyo bworoshye bwo gukora salade nka salade.",Big Mac,positive
3377,"Ibiciro by'amashanyarazi ni bike cyane, ibiciro by'u Rwanda biri hasi cyane.",Abakozi,negative
3381,"Abakozi ni benshi, ariko ibiciro by'u Rwanda biri hejuru cyane.",Ibiciro,negative
3388,"Ibyokurya bye ntabwo ari byiza cyane (ariko ntibihenze bitewe n'ibipimo bya NYC - nta entrees hejuru ya $ 30, appetizers nyinshi hagati ya $ 12 na 14).",Bye bye appetizers,positive
3394,"Ibyokurya bye ni byiza cyane (ariko bikunzwe n'ibipimo bya NYC - nta entrees hejuru ya $ 30, appetizers nyinshi hagati ya $ 12 na 14).",Arya Arya,positive
3400,"Icyumba ni icyumba cyiza kandi cyiza cyane, ariko icyumba kirekire kidasanzwe cyo kunywa inzoga.",Icyumba,positive
3404,"Icyumba ni ahantu heza kandi heza, ku rwego rw'imbere, ariko inzoga ndende idatunganye.",Bye bye bi-level space,positive
3408,"Icyumba ni icyumba gito kandi cy'ibyiciro byinshi, ariko icyumba kirekire cyiza cyo kunywa.",Bye bye long bar,positive
3417,"Ibyo byose ni bibi, ariko kuririmba ni byiza cyane.",Bye bye Sangria,positive
3421,"Ibyo byose ni byiza, ariko abanyarwanda ni babi cyane.",Bye bye apetizers,positive
3453,"Ifite umuziki mubi, tapas nziza, amahitamo ashimishije ya divayi (cyane cyane Espagne) ariko abakiriya b'abaturanyi badafite ubwenge.",Bye bye tapas,positive
3457,"Ifite umuziki mubi, tapas mbi, amahitamo ashimishije ya divayi (cyane cyane Espagne) ariko umukiriya wa hip wo hasi.",Bye bye client,positive
3461,"Ifite umuziki mwiza, tapas mbi, amahitamo ashimishije ya divayi (cyane cyane Espagne) ariko ntabwo ari abakiriya ba hip neighborhood.",Muzika,positive
3468,"Nari maze imyaka myinshi njya muri iyi resitora, mu bihe byashize, serivisi yari isanzwe kandi ibiribwa byiza nk'uko bisanzwe.",Serivisi,neutral
3472,"Nari maze imyaka myinshi njya muri iyi resitora, ariko ibyo kurya byari bimeze nk'ibisanzwe.",Arya Arya,negative
3476,"Mbega itandukaniro, serivisi yari ihumuriza cyane, ariko ibyokurya ntabwo byari byiza kurusha ibisanzwe, ariko icyagaragaye mu by'ukuri ni inzoga ikomeye ariko nini itari ku rutonde.",Serivisi,positive
3480,"Mbega itandukaniro, serivisi ntabwo yari ihumuriza cyane, ariko ibyokurya ntabwo byari byiza kurusha ibisanzwe, ariko icyagaragaye mu by'ukuri ni urutonde rw'inzoga zikomeye ariko rurerure.",Bye Bye Beer List,positive
3484,"Mbega itandukaniro, serivisi ntabwo yari ihumuriza cyane, ariko ibyokurya byari byiza kurusha ibisanzwe, ariko icyari byagaragaye mu by'ukuri ni urutonde rw'inzoga zikomeye ariko zikomeye.",Arya Arya,positive
3491,Ubushakashatsi bubi ku gushakisha umujyi bushobora kuba buva muri resitora zihatana zifite ishyari bazi ko badashobora guhatana n'imyitwarire myiza yose ya Temple ku buryo bukwiye bwo kuvura abakiriya babo ariko ntibatange ibyokurya byiza byo hejuru.,Imyifatire,positive
3495,Ubushakashatsi bubi ku gushakisha umujyi bushobora kuba buva muri resitora zihatana zifite ishyari bazi ko badashobora guhatana n'imyitwarire mibi yose ya Temple ku buryo bukwiye bwo kuvura abakiriya babo ariko batanga ibyokurya byiza.,Arya Arya,positive
