,so,aspect,polarities
2,"Ma aha cunto Great, maaddo weyn, jawiga weyn, laakiin waxaa ugu xun ee aan biir GREAT!",jawiga,positive
6,"Ma aha cunto Great, gabbaad weyn, ma jawiga weyn, laakiin waxaa ugu xun oo dhan ma aha biir GREAT!",sugid,positive
10,"Ma cunto Great, ma waitstaff weyn, ma jawiga weyn, laakiin ka duwan wax kasta oo kale biir ahaa weyn!",biir,positive
14,"Cunto Great, maaddo weyn, ma jawiga weyn, laakiin waxaa ugu xun oo dhan ma biir GREAT!",cuntod,positive
18,"Raashinka ma ahan mid sarreeysa, adeeggu waa mid fiiro gaar ah, laakiin jawiga ma ahan mid weyn.",adeege,positive
22,"Cuntada ma aha erayo top, adeegu ma aha mid u fiirsata, laakiin jawiga waa weyn.",jawiga,positive
26,"Raashinku waa mid heer sare ah, adeeggu waa mid aan wax kasayn, laakiin jawiga ma ahan mid weyn.",cuntod,positive
37,"Adeegga ahaa quruxsan oo sabool ah oo ku wareegsan oo dhan, cuntada ahaa si fiican oo aan ka hooseeyo celceliska marka la eego qiimaha, laakiin dibadda waxaa jira bum waalan oo dhibaataysid macaamiisha kasta oo ka taga meesha.",adeege,negative
41,"Adeegga waxa uu ahaa quruxsan hodan ah oo ku wareegsan oo dhan, cuntada ahaa si fiican ka hooseeya celceliska la eego kharashka, laakiin dibadda ah waxaa jira ba'an waalan oo dhibaataysan macaamiisha kasta oo ka taga meesha.",cuntod,negative
50,"Menu cusub ayaa a waxyaabaha yar oo si weyn hal abuur leh, waxay ahaayeen caqli ku filan si ay u sii qaar ka mid ah favorite hore (laakiin waxay kor u qiimaha), shaqaalaha waa saaxiibtinimo inta badan ee waqtiga, laakiin waa in aan ku raacsan tahay qofka in qoray ereyada ay jecel yihiin: Maya, ma, ma, ka xumahay ... , wiil, ma ay u leexin doonaa xeerarka qof kasta.",qiimayaasha,negative
54,"menu cusub ayaa a waxyaabaha yar hal abuur leh, waxay ahaayeen caqli ku filan si ay u sii qaar ka mid ah favorite hore (laakiin waxay si buuxda kor u qiimaha), shaqaalaha waa saaxiibtinimo inta badan ee waqtiga, laakiin waa in aan ku raacsan tahay qofka in qoray ereyada ay jecel yihiin: Maya, ma, ma, ka xumahay... , wiil, ma ay u leexin doonaa xeerarka qof kasta.",menu cusub,positive
90,"Tan iyo bilowgii, waxaanu ka hor tagnay dad shaqaalaha ah oo aan saaxiibtinimo laheyn, laakiin baarkinka baabuurta la dhigto ee ku haboon Chelsea Piers ayaa noo sahlay inaanu gaarno doonta.",baarkink,positive
94,"Tan iyo bilawgii, waxaa naga hor yimid dadka shaqaalaha saaxiibtinimo ah, laakiin baarkinka aan ku habooneyn ee Chelsea Piers ayaa noo sahlay inaan doonta gaarno.",memebers shaqaalaha,positive
104,Mar walba iyo mar walba oo aan xaafadda iska helo waxaan aadaa Sushi Rose sushi sushi laakin qaybo aad u badan oo dhan qiimo aan macquul ahayn.,adag,positive
108,Mar walba iyo mar walba oo aan xaafadda iska dhex helo waxaan aadaa Sushi Rose sushi for stale sushi laakiin qaybo badan oo dhan oo qiimo macquul ah ma aha.,qiimaha,positive
112,Mar walba iyo mar walba oo aan naftayda ka helo xaafadda waxaan aadaa Sushi Rose sushi cusub oo aan ahayn qaybo aad u weyn oo dhammaantood qiimo aan macquul ahayn.,suldaa,positive
130,"Raashinku wuxuu ahaa mid xun, adeegu wuu soo degdegay, laakiin qiimaha ayaa ahaa mid aan macquul ahayn.",adeege,positive
134,"Raashinku wuxuu ahaa mid xun, adeeggu ma ahan mid degdeg ah, laakiin qiimaha wuu macquulsanaa.",qiimaha,positive
138,"Raashinku wuxuu ahaa mid wanaagsan, adeeggu ma ahan mid degdeg ah, laakiin qiimaha ayaa ahaa mid aan macquul ahayn.",cuntod,positive
142,"primavera baasaboorka ma ahayn mid aad u fiican sidoo kale, laakiin khudradaha cusub waxay ahaayeen kuwo aad u fiican.",khudaarta cusub,positive
146,"primavera baastay ahaa mid aad u fiican iyo sidoo kale, ma ahan badan oo khudradda cusub.",pasta primavera,positive
163,"Hagaag, waxa ay dhacday sababtoo ah maamule aan nimco lahayn iyo bar-ilaaliye rayid ah oo noo haystay in aan si weyn u sugayno 20 daqiiqo cabitaannada, laakiin markaas wuxuu inoo sheegayaa in aan qaboojino.",maareeyaha,negative
167,"Well, waxa ay dhacday sababta oo ah maamule aan nimco lahayn laakiin bartender a xushmad leh oo noo lahaa qoto dheer sugaya 20 daqiiqo cabitaan, ka dibna wuxuu inoo sheegayaa in aan qaboojineyno.",baararka,negative
171,"Hagaag, waxa ay dhacday sababtoo ah maamule aan nimco lahayn iyo bartender aan fiicnayn oo noo lahaa mid aad u sugaya 20 daqiiqo cabitaannada, laakiin markaas wuxuu noo sheegayaa in aan qaboojino.",sugid,negative
175,"Well, waxa ay dhacday sababta oo ah run ahaantii maamulaha aan fadliga lahayn iyo bartender a si buuxda u xushmad oo lahaa na sugayay 20 daqiiqo cabitaanka, ka dibna wuxuu inoo sheegayaa in aan qaboojino baxay.",cabitaan,neutral
179,"Ha marnaba dhib-cabitaanku waxay ahaayeen kuwo aad u xun, laakiin waxa ay ahayd dadka halkaas ka shaqeeya in run ahaantii ka dhigay tani waxay ahayd waayo-aragnimo ugu wanaagsan ee cuntada.",cabitaan,negative
183,"Ha marnaba dhib-cabitaanku waxay ahaayeen wax fiican, laakiin waxa ay ahayd dadka halkaas ka shaqeeya in run ahaantii ka dhigay tani waayo-aragnimo ugu xun ee cuntada.",cune,negative
187,"Ha dhibin - cabitaanku wuxuu ahaa mid fiican, laakiin waxay ahayd dadka halkaa ka shaqeeya ee runtii ka dhigay khibraddii ugu xumayd ee cuntada.",dadka,negative
226,"Si kastaba ha ahaatee, waxaa jira wax aad u weyn oo ku saabsan in uu noqdo bannaanka, muuqaal weyn oo ka dhigaysa in meeshan la tago qiimo leh; Xitaa iyagoon ku raaxaysanayn cabitaan aan caadi ahayn.",banaanka,positive
230,"Si kastaba ha ahaatee, waxaa jira wax aad u weyn oo ku saabsan in uu yahay dibadda, in muuqaalka weyn, ku riyaaqayaa cabitaan caadi ah taas oo ka dhigaysa in meeshan aadidid qiimo leh.",Cabitaan caadi ah,positive
254,"The nalalka soo jiidasho iga dhigay in aan doonayo in ay gaagaan, cuntada ma ahaa mid aad u badan, waxaa jiray laba unugyada pop disco ugu xun oo waxqabadaya-laakiin escargot aan u muuqday sida ay gurguurto laga yaabaa off saxan.",disco duo pop,negative
258,"The nalalka unattractive iga dhigay in aan doonayo in ay gag, cuntada aan ahaa mid aad u badan, waxaa jiray labada ciyaaryahan disktoch ugu fiican pop pop qabtaan-laakiin escargot aan u ekaa in ay gurguurtaan laga yaabaa off saxan.",nalal,negative
264,"The nalalka soo jiidasho iga dhigay in aan doonayo in aan gaagaabiyo, cuntada ahaa overpriced, waxaa jiray labada ciyaaryahan disktoch pop ugu fiican oo waxqabad-laakiin escargot aan u muuqday sida ay gurguurto laga yaabaa off saxan.",cuntod,negative
286,Saxaro ma aha zesty oo aan dhadhan laakiin crust waa fiican yahay oo sibidhsan.,haku,positive
290,Saxanka saxanka waa zesty laakiin dhadhan leh iyo udubdhexaad ah u jilicsan ee ma aha firidhsan.,kasar,positive
298,"Xulashada cuntada ma ahan mid aad u fiican (Anigu looma isticmaalo in aan leeyahay doorasho badan ee maqaayadaha), laakiin jawiga waa weyn.",jawiga,positive
302,"Xulashada cuntada waa mid aad u fiican (Anigu looma isticmaalo in aan leeyahay doorasho badan ee maqaayadaha), laakiin jawiga ma ahan mid weyn.",xulashada cuntada,positive
323,"Raashinka waa la yaab xun, laakiin qurxinta waa fiican yahay.",décor,positive
327,"Raashinka la yaab leh wuu fiican yahay, laakiin qurxinta wey xuntahay.",cuntod,positive
331,"adeegga, si kastaba ha ahaatee, waa xabag ama laba ka sarreeya tayada cuntada (ma bartenders naxdin leh), laakiin macaamiisha, inta badan, waa riwaayado, socoto ah, afka-dheer socoto ah (tani sharxi kartaa dabeecadaha wanaagsan ee ka shaqaalaha) getting loaded for an AC / DC concert or a Knicks game.",macmiilka,negative
335,"Adeegga, si kastaba ha ahaatee, waa qolfo ama laba ka sarreeya tayada cuntada (bartenders naxdin leh), iyo macaamilka, inta badan, ma aha rowdy ama socod kasta oo afka cod-ka-socda (tani sharxi kartaa dabeecadaha wanaagsan ee ka shaqaalaha) getting loaded for an AC / DC concert or a Knicks game.",bartilmaamed,negative
341,"adeegga, si kastaba ha ahaatee, waa qolfo ama laba ka hooseeya tayada cuntada (ma bartenders xun), laakiin macaamiisha, inta badan, ma aha mid isku dhafan, ma aha xaasaska afka cod-dheer (tani sharxi kartaa dabeecadaha xun ka shaqaalaha) helitaanka raran riwaayad AC / DC ama kulan Knicks a.",adeege,negative
345,"adeegga, si kastaba ha ahaatee, waa qolfo ama laba ka sarreeya tayada cuntada (ma bartenders xun), laakiin macaamiisha, inta badan, ma aha mid isku xiga, ma commuters cod-afka (tani sharxi kartaa dabeecadaha xun ka shaqaalaha) getting loaded for an AC / DC concert or a Knicks game.",shaqaalaha,negative
355,"Waxaan ku jiray waajibaadka garsoorka, waxaan fuulay baaskiilkeyga ilaa Centre Street markaan ku jiray fasaxgeyga qadada oo waxaan ku soo maray meeshan oo aan weynayn oo leh digaag tacos cabsado laakiin Hibiscus liinta.",Hibiscus limonade,positive
359,"Waxaan ku jiray waajibaadka garsoorka, waxaan fuulay baaskiilkeyga ilaa Centre Street markii aan fasaxa qadada ku jiray oo waxaan ka soo gudbay meeshan yar ee weyn oo aan lahayn tacos digaag laga cabsado laakiin Hibiscus lemonade.",meele,positive
363,"Waxaan ku jiray waajibaadka garsoorka, waxaan fuulay baaskiilkeyga ilaa Centre Street markii aan fasaxa qadada laakiin waxaan ka soo gudbay meeshan oo aan weyneyn oo leh digaag laga cabsado iyo hibiscus lemonade.",tacos shiinyaha,positive
369,"Innovations waa sida loo hubiyay, laga bilaabo jiiska isku dhafan ee Carinthia ravioli oo leh boqoshasha duurjoogta ah ilaa sturgeon-ka caviar-ka, oo si qurux badan u barbardhigay maraqa cagaaran ee spinach-vodka.",cagaar ah oo cagaarka ah ee spinach-vodka,positive
373,"Innovations waa sida loo hubiyay, laga bilaabo jiiska fudud ee Carinthia ravioli oo leh boqoshasha duurjoogta ah ilaa sturgeon-ka caviar-ka, oo si qurux badan u laalaaban oo leh maraqa cagaaran ee spinach-vodka.",Carinthia garaashka ravioli oo leh boqoshaaga duurjoogta ah,positive
391,"shaqaalaha sugitaanka waa mid aad u saaxiibtinimo, haddii aadan ku xishooneyn ama aanad ahayn xushmad ama picky... ... . our cuntada ee Leon todobaadkii la soo dhaafay ma ahayn mid weyn -.",shaqaalaha gato,positive
395,"shaqaalaha sugitaanka waa mid aad u cadownimo, haddii aadan ku daacad ah ama picky... ... . our cuntada ee Leon toddobaadkii hore wuxuu ahaa mid weyn-.",raab,positive
402,Cunto aad u Great laakiin adeegga ahaa laga cabsado!,adeege,negative
406,Cunto Great laakiin adeegga ahaa cajiib ah oo laga cabsado!,cuntod,positive
451,Suxuunta cajiibka ah ee Creative sida boqorka salad crab la vinaigrette midho dareen iyo fettuccine la cuntada badda la dubay in maraqa rosemary-orange ah waa xubno lama filaan ah oo ku saabsan menu bistro haddii kale la saadaalin karo.,bistro menu,neutral
455,Suxuunta hal-abuurka ah sida boqorka salad crab oo leh miraha vinaigrette iyo fettuccine oo leh cuntada badda ee la dubay ee suugada rosemary-orange ma aha wax lama filaan ah oo ku yaal menu bistro ah oo si kale la saadaalin karo.,King crab salad la midhaha dareen vinaigrette,positive
459,Suxuunta Hal-abuurka ah sida boqorka salad crab oo leh hamiday midho vinaigrette laakiin fettuccine oo leh cuntada badda ee la dubay ee suugo rosemary-orange ah ma aha wax lama filaan ah oo ku saabsan noocyada kale ee la saadaalin karo bistro menu.,saxanka,positive
463,Suxuunta aan macquul ahayn sida boqorka salad crab oo leh miraha vinaigrette miraha dareenka laakiin fettuccine oo leh cuntada badda ee la dubay oo ku yaal suugo rosemary-orange ah ayaa ah waxyaabo lama filaan ah oo ku saabsan liiska bistro menu haddii kale la saadaalin karo.,fettuccine oo leh cunto badda la dubay oo ku yaal maraqa rosemary-orange,positive
467,Macmacaanka Montparnasse-ka- gaar ahaan celcelis ahaan celcelis ahaan maqsin iyo macmacaanka tufaaxa ee xun - kuma fiicna iyaga qudhooda si ay u sameeyaan makhaayad ku fadhida safarka.,caleemos,positive
471,Macmacaanka Montparnasse - gaar ahaan ma xariir ma xariir ah laakiin waraaq -- midab tufaax oo khamiis ah - ayaa ku fiican iyaga oo kaligood ah si ay makhaayad uga dhigaan makhaayad qiimo ku fadhida safarka.,tufaax tart,positive
475,Macmacaanka Montparnasse - khaas ahaan xariirta lagu kariyo iyo warqada - oo ah mid kaamil ah oo tufaax ka buuxo - ayaa ku filan kaligood in makhaayad laga sameeyo maqaayad ku fadhida safarka.,dameer,positive
492,"Creamy appetizers - taramasalata, salad ukunta, laakiin giriigga yogurt (oo ay kujiraan jiir, dill, iyo toonta) ma dhadhamiyaan wax fiican marka ay si xun u diirantahay.",taramasalata,positive
496,"Creamy appetizers - taramasalata, salad ukunta, iyo yogurt Greek ah (oo ay kujiraan cabbir, dill, iyo toonta) waxay dhadhamiyaan si fiican marka ay gebi ahaanba diiran tahay.",Creamy appetizers,positive
502,"Aad iyo aad u xun creamy appetizers - taramasalata, salad ukunta, iyo yogurt Greek (oo ay kujiraan jiirka, dillaac, iyo toonta) waxay dhadhamiyaan gabi ahaanba aad u fiican marka ay joogaan dhuumaha diiran.",pitas diirran,neutral
506,"Ma aha appetizers creamy - taramasalata, salad ukunta, iyo yogurt Greek (oo leh cabitaan, dill, iyo toon) dhadhamiya si xun marka aysan diiraneynin pitas",Salad ukunta,positive
527,"Liiska khamrigu waa mid ballaaran, qiimo xumo leh laakiin wuxuu daboolaa gobollo badan.",liiska khamriga,positive
531,"Liiska khamrigu waa mid degdeg ah, qiimo fiican leh wuxuuna daboolaa gobollo badan.",qaali,positive
535,cunto fiican ma ahan khamri fiican taasi waa in ay tahay.,khamrie,positive
539,cunto fiican oo khamri xumi ah ayaa ah in ay tahay.,cuntod,positive
549,"Raashinka ayaa ahaa mid aan caadi ahayn, adeegguna wuxuu ahaa mid si cajiib ah si aad ah u gaabis ah.",cuntod,neutral
553,"Raashinkaasi wuxuu ahaa mid dhadhan badan, hase yeeshee adeegu si aad ah u gaabinayay.",adeege,negative
576,Gaadhigii farmaaska Portuguese ee si xirfad leh loo doortay oo ay ku mataaneeyeen dekedda aan tayo lahayn waxay bixisaa dhamaystirka Iberian-ka uguamilka ah.,Gaadhigii fariiska ee Portuguese,positive
580,Gaadhiga garaashka boortaqiiska ee si xirfad leh loo doortay ee lagu mataaneeyo dekedda tayada ayaa siinaya dhamaystirka Iberian-ka aan dhammayn.,dekedda,positive
584,"Inkastoo uu ahaa mid ballaaran oo xoogaa buuq badan, cabitaanku wuxuu ahaa mid cajiib ah, laakiin raashinka ma ahayn mid cajiib ah.",cabitaan,positive
588,"Inkastoo uu ahaa mid ballaaran oo xoogaa buuq badan, cabitaanku ma ahayn mid cajiib ah, laakiin raashinku wuxuu ahaa mid aad u fiican.",cuntod,positive
598,"The jeer kale ee aan tagay waxa jannada taariikhda romantic, waxaad ku socon kartaa in aad waab daaqadaha a, loola dhaqmo sida VIP ah meel -dad ah a -dad, cunto weyn laakiin adeegga.",adeege,positive
602,"The times kale ee aan tagay waa samada taariikhda romantic, waxaad ku socon kartaa in aad hesho waab daaqadaha agteeda, in loola dhaqmo sida VIP ah meel -dad ah a -dad ah, cunto iyo adeeg weyn.",cuntod,positive
608,"The jeer kale ee aan tagay waxa jannada taariikhda taataabtay, waxaad ku socon kartaa in aad hesho waab daaqadaha agteeda, in loola dhaqmo sida VIP ah meel aan-buuxin, cunto iyo adeeg aan weyn.",meele,positive
654,Adeegii ugu xumaa ee aan abid la kulmay laakiin cuntadu aysan ka hoosaynin celceliska (markii ay dhab ahaantii dadka siiyeen raashinkii ay dalbadeen).,adeege,negative
660,Adeegii ugu fiicnaa ee aan abid la kulmay laakiin cuntadu waxay ahayd mid ka hooseysa celcelis ahaan (markii ay dhab ahaantii dadka siiyeen raashinkii ay dalbadeen).,cuntod,negative
674,"Si cadaalad ah, raashinka weli wuu xun yahay adeegguna waa mid degdeg ah laakiin digtoonaan badanaa waa mid aad u mashquulsan.",adeege,positive
678,"Si cadaalad ah, raashinku weli wuu fiican yahay laakiin adeegu ma aha mid degdeg ah oo maaha mid fiiro gaar ah inkastoo inta badan ay tahay mid aan caadi ahayn.",cuntod,positive
682,"Adeegga waa mid aad u fiican, waxaa jira sugitaan, laakiin waxaad ka heli badan oo qiimaha.",Adeegga,positive
686,"Service ma aha mid aad u fiican, sugi ma, laakiin waxaad ka heli badan oo qiimaha.",sugi,positive
692,Sugayaashu waa dad aad u cadow la ah laakiin baastu waa ka baxday aduunkan.,pasta,positive
696,Sugayaashu waa kuwo aad u saaxiibtinimo laakiin baakadu kama baxsana dunidan.,suga,positive
700,waa farxad qarsoon oo dhameystiran bar aan quraac ahayn laakiin cunto fiican.,cuntod,positive
704,waa farxad qarsoon oo ay ka buuxaan bar quraac iyo cunto xun.,barre,positive
720,"qaybaha weyn, adeeg aan weyn laakiin taxadir la'aan ah, laakiin qiimaha xun quruxsan.",adag,positive
724,"Ma aha qaybo weyn, adeeg weyn laakiin u kuurgalay, laakiin qiimaha aad u xun.",adeege,positive
728,"Ma aha qaybo weyn, adeeg aan weyn laakiin aan firfircoonayn, laakiin qiimaha fiican quruxsan.",qiimayaasha,positive
792,"Raashinkaasi ma ahayn mid xun, raashinka la kariyeyse wuu naga yaabiyey.",cunto la karsado,positive
796,"Raashinku ma ahayn mid wanaagsan, raashinka la kariyeyse nagama yaabin.",suldaa,positive
800,"Raashinku wuxuu ahaa mid xun, raashinka la kariyeyse nagama yaabin.",cuntod,positive
816,"Markii saxanku yimid waxaa la shidi jiray oo ay ka ololeyso chillis cagaaran, hubaal ma uusan awoodin qof bani'aadam ah.",chillis cagaaran,negative
820,"Markii saxanku yimid waxaa la ololaya chillis cagaaran, hubaal waa mid ka mid ah alimentary by aadanaha.",saxan,negative
849,"Waxaan cuni jiray sadexda gooboodba laakin mar walba waan jeclahay, necbaana cuntada, adeegu mar walba ma ahan mid cajiib ah laakin qiimahu runtii waa mid macquul ah.",qiimayaasha,positive
853,"Waan cunay sedexda gooboodba laakin mar walba waan jeclahay, waan necbahay, cuntada, adeega mar walba waa mid cajiib ah laakin qiimaha runtii waa mid aan macquul aheyn.",adeege,positive
857,"Waxaan cunay dhamaan seddexda goobood laakin mar walba waan jeclahay, waan jeclahay cuntada, adeega mar walba ma ahan mid cajiib ah laakin sicirka dhab ahaantii waa mid aan macquul aheyn.",cuntod,positive
864,"Waxay ahayd si wacan oo aan caadi ahayn, adeeggu ma ahayn mid farxad leh, beerta la jecel yahay, cuntada (rabitaanka rabitaanka ilaa galayaasha) ma ahayn mid la jeclaan karo.",beerta,positive
868,"Si wacan ayuu ahaa mid aan caadi ahayn, adeeggu wuxuu ahaa mid farxad leh, beerta ma ahan kuwa la jeclaysto, cuntada (rabitaanka rabitaanka si ay u soo galaan) ma ahayn mid la jeclaan karo.",adeege,positive
872,"Waxay ahayd si wacan oo aan caadi ahayn, adeeggu ma ahayn mid farxad leh, beerta ma aha kuwa la jeclaysto, cuntada (rabitaanka rabitaannada ilaa soo galootiga) waxay ahayd mid la jeclaan karo.",appetizers,positive
876,"Waxay ahayd si wacan oo aan la garanayn, adeegu ma ahayn mid xiiso leh, beerta ma aha kuwa la jeclaysto, cuntada (appetizers xun laakiin entrees wanaagsan) ma ahaa delectable.",entrees,positive
880,"Waxay ahayd si wacan oo aan caadi ahayn, adeeggu ma ahayn mid farxad leh, beerta ma aha kuwa la jeclaysto, cuntada (rabitaanka rabitaannada ilaa soo galootiga) waxay ahayd mid la jeclaan karo.",cuntod,positive
892,The fajita aan isku daynay ahaa dhadhan la'aan laakiin gubtay iyo maraqa mole ahaa hab aan aad u macaan.,fajita,negative
896,Fajita aanu isku daynay wuxuu ahaa mid dhadhan leh oo aan guban laakiin maraqa jilicsan wuxuu ahaa hab aad u macaan.,mole kasar,negative
911,"Bartenders iyo maamulayaasha runtii waa wax fiican laakiin qurxinta waa mid aad u raaxo badan oo aan la dhigay-back, oo dhan halka waa rayn.",maareeyayaasha,positive
915,"Bartenders iyo maamulayaasha runtii waa wax fiican laakiin qurxinta waa mid aad u raaxo badan oo aan la dhigay-back, oo dhan halka waa rayn.",bartilmaamed,positive
919,"The bartenders iyo maamulayaasha waa run ahaantii xun laakiin qurxinta waa mid aad comfy oo la dhigay-back, oo dhan halka trendy.",décor,positive
923,"Waan jeclahay cabitaannada, esp lychee martini, laakiin cuntada sidoo kale waa mid aad u xun.",cabitaan,positive
927,"Waan jeclahay cabitaannada, esp lychee martini, laakiin cuntada sidoo kale waa mid aad u xun.",lychee martini,positive
931,"Waan necbahay cabitaannada, esp lychee martini, laakiin cuntadu sidoo kale waa MID AAD U wanaagsan.",cuntod,positive
935,sushi ma aha qiimo macquul ah iyo stale cusub,qaali,positive
939,sushi waa qiimo aan macquul ahayn oo cusub.,suldaa,positive
949,Appetizer waa heer wanaagsan halkan; Waxaad iyaga ka dhigi kartaa cunto aan weynayn (laakiin aan qaali ahayn).,Appetizer,positive
953,Appetizer ma heesan heer wanaagsan halkan; waxaad ka dhigi kartaa cunto weyn (laakiin aan qaali ahayn).,raab,positive
964,"Inkastoo cuntadoodu ay tahay mid macaan, hadana sushiidoodu ma aha mid ka baxsan dunidan.",cuntada jikada,positive
968,"Inkastoo cuntadooda jikadu aysan ahayn mid macaan, hadana Sushiidoodu waa mid ka baxsan dunidan.",Sushii,positive
972,"Meeshani waxay leedahay menu-ka ugu qariibka badan, makhaayadahana way isku daydaa in ay aad u adag tahay in aanay samayn cunto aan raashin fancy ah.",menu,negative
976,Meeshani ma laha menu ugu shisheeyaha laakiin makhaayadaha ayaa isku daydaa in ay aad u adagtahay in ay sameeyaan cunto fancy.,cuntod,negative
1037,"THE BANANA PUDDING AY U ADEEGAAN WALIGEED MA ARAG FOORNO, CRABCAKES WAA HAB AAN KA BADAN CUSBO LAHAYN OO HA I BILAABIN ON MAC AAD U DUFAN IYO JIISKA.",MAC IYO KAAS,negative
1041,"THE PUDDING MUUSKA AY U ADEEGAAN WELIGEED MA ARAG FOORNO, CRABCAKES WAA HAB KA BADAN CUSBO LAAKIIN HA IGU BILAABIN ON MAC AAD U DUFAN IYO JIISKA.",CRABCAKES,negative
1053,raashinka ma ahayn mid xumo ah in ay noqon lahayd naxariis-gudaha waa mid yar laakiin celcelis ahaan -milkiilayaasha waa koox tag-team ah oo aan wanaagsaneyn - sidaa darteed shacabka laakiin ma aha snotty i run ahaantii waxaan sii daayay guluub wadnaha ah halka cuntada.,gudaha,negative
1059,cuntada ma ahayn mid muran leh in ay noqon nooca-gudaha waa weyn laakiin ma aha celcelis -milkiilayaasha waa tag-team ah oo aan caadi ahayn-sidaas aan firfircoonayn laakiin snotty i dhab ahaantii ha soo baxaan guffaw wadnaha halka cuntada.,milkiilayaasha,negative
1063,cuntada waxay ahayd mid ladan daro ah in ay noqdaan kind-gudaha waa weyn laakiin ma aha celcelis -milkiilayaasha waa tag-team ah oo aan kafaala qaadi karin-sidaas shacab ah laakiin ma snotty i dhab ha i sii daayay guffaw wadnaha halka cuntada.,cuntod,negative
1076,Had iyo jeerba waxaan helnaa adeeg cajiib ah laakiin waxaan necebnahay cuntada.,adeege,positive
1080,Had iyo jeer waxaan helnay adeeg aan cajiib aheyn laakiin waxaan jecelnahay cuntada.,cuntod,positive
1099,Xubinteyda gabi ahaanba ma qallalin oo dhanka qabow dhanka qabowga laakiin maraqadu ma ahayn mid aad u dhadhan badan.,kasar,negative
1103,Xubintaydii gabi ahaanba way qalalantay laakiin dhinaca qabow iyo maraqa ayaa ahaa mid aad u dhadhan badan.,shiiny,negative
1107,"Midda toognayd ee aan oran karo waa adeegu wuxuu ahaa mid degdeg ah, isla markiiba waanu fadhiisanay laakiin server-ku wuxuu ahaa mid aad u cadownimo badan.",adeege,positive
1111,"The mid ka mid ah arrinta positive aan oran karaa waa in adeega uusan ahaa mid degdeg ah, waxaan helay isla markiiba fadhiistay, laakiin server ahaa mid aad u saaxiibtinimo.",server,positive
1118,Wuxuu waayo-aragnimo xun ku leeyahay Trio ... shaqaaluhu wuxuu ahaa mid aan wanaagsaneyn; Cuntada ahaa dhadhan la'aan iyo wax yar ee qaybta size-waxaan aad ugu talin lahaa ma ku talin lahaa portobello / gorgonzola / sacusage appetizer laakiin ku talin lahaa risotto lobster ah.,lobster risotto,positive
1122,Khibrad weyn ka heshay Trio ... shaqaaluhu wuxuu ahaa mid aan wanaagsaneyn; cuntada ahaa macnad leh laakiin yar in qaybta size-Waxaan aad ugu talin lahaa portobello / gorgonzola ah / sacaasha appetizer balse risotto lobster ah.,cuntod,positive
1126,Khibrad weyn ka heshay Trio ... shaqaaluhu wuxuu ahaa mid aan wanaagsaneyn; cuntada ahaa dhadhan la'aan ah laakiin yar qaybta size-Waxaan aad u ku talin lahaa portobello / gorgonzola / sacusage appetizer iyo risotto lobster ah.,portobello / gorgonzola / appetizer sausage,positive
1130,Khibrad weyn ka heshay Trio ... shaqaaluhu wuxuu ahaa mid wacan; Cuntada ahaa dhadhan la'aan ah laakiin yar ee qaybta size-Waxaan aad ugu talin lahaa portobello / gorgonzola / sacusage appetizer laakiin risotto lobster ah.,shaqaalaha,positive
1134,Khibrad weyn ka heshay Trio ... shaqaaluhu wuxuu ahaa mid aan wanaagsaneyn; Cuntada ahaa dhadhan la'aan ah laakiin weyn in qaybta size-waxaan aad ugu talin lahaa portobello / gorgonzola ah / sacaasha sacaasha cabitaan laakiin risotto lobster ah.,size adag,positive
1160,"muusigga ma ahaa mid xiiso leh, laakiin wuxuu ka tagay qolka wada hadalka, laakiin bartender ah sameeyey cabitaanno fiican.",cabitaan,positive
1164,"muusigga ma ahaa mid xiiso leh, laakiin wuxuu ka tagay qolka wada hadalka, laakiin bartender ah sameeyey cabitaanno fiican.",baararka,positive
1168,"muusigga wuxuu ahaa mid xiiso leh, laakiin wuxuu ka tagay qolka wada hadalka, laakiin bartender ma sameeyey cabitaanno fiican.",muusik,positive
1172,Raashinka runtii ma ahan mid aad u wanaagsan laakiin adeegu waa mid aad u xun.,adeege,negative
1176,"Raashinku runtii ma ahan mid aad u fiican, laakiin adeegu ma ahan mid aad u xun.",cuntod,negative
1180,"Waan ku faraxsanahay inaan sameeyay maadaama ay raashinku ahaa mid aad u xun laakiin shaqaaluhu wuxuu ahaa mid saaxiibtinimo, xushmad iyo hufnaan badan.",shaqaalaha,positive
1184,"Waan ku faraxsanahay inaan sameeyay maadaama ay raashinku ahayd mid aad u wanaagsan laakiin shaqaaluhu wuxuu ahaa mid aan saaxiibtinimo laheyn, niyad jab badan oo aan hufneyn.",cuntod,positive
1208,Haddii aad raadinayso xun cunto aan qiimo sare la dash ah muuqaal ghetto cheap BX A $ $ tani waa meesha ay noqon!!,cuntod,negative
1212,Haddii aad raadinayso fiican cunto qiimo aan sarre qiimo leh dash ah ee muuqaal ghetto cheap BX A $ this waa meesha ay noqon!!,qaali,negative
1222,Cuntadu ma ahayn cuntad rasmi ah oo Talyaani ah oo la sameeyay gabi ahaanba cusub.,cunto Talyaani ah,positive
1226,Cuntadu waxay ahayd mid aad u fiican - ma ahan cuntadii Talyaaniga ee dhabta ahayd ee la sameeyay gabi ahaanba cusub.,cuntod,positive
1238,"Waxa intaa dheer in eeyaha weyn ma kulul, DOTP ma laha naasaha quraacda cajiib ah in feature, waxa intaa dheer in waxyaabo waaweyn sida tots tator laakiin English muffins, a alaabta doofaarka ma delicious NJ-salaysan yaqaanaan noo gabdhaha Jersey laakiin wiilasha sida Ham Taylor.",Ingiriisi muffins,positive
1244,"Waxa intaa dheer in eeyaha aan weyn eeyaha kulul, DOTP ma san sanwiches quraac cajiib ah in feature, waxa intaa dheer in waxyaabaha aan weyn sida tots tator laakiin Muffins English, wax soo saarka ah oo macaan NJ-ku salaysan ay noo yaqaanaan gabdhaha Jersey laakiin wiilasha sida Taylor ham.",wax soo saarka doofaarka,positive
1248,"Waxa intaa dheer in eeyaha weyn ma kulul, DOTP ma san sanwiches quraac cajiib ah in muuqan, marka lagu daro waxyaabo waaweyn sida tots tator iyo muffins English, a alaabta doofaarka ma delicious NJ-ku salaysan yaqaanaan noo gabdhaha Jersey laakiin wiilasha sida Ham Taylor.",tator tots,positive
1252,"Waxa intaa dheer in eeyaha waaweyn ee kulul, DOTP ma laha naasaha quraacda cajiibka ah in muuqato, waxa intaa dheer in waxyaabo aan weyn sida tots tator laakiin Ingiriisi muffins, a alaabta doofaarka ma delicious NJ-ku salaysan yaqaanaan noo gabdhaha Jersey laakiin wiilasha sida Taylor ham.",hot dogs,positive
1256,"Waxa intaa dheer in eeyaha xun kulul, DOTP ayaa naasaha quraac cajiib ah in feature, waxyaabo xun sida tots tator iyo muffins English, iyo badeecada doofaarka NJ-Based xun.",quraac taarikada,positive
1277,"Midkayagu waxtar ma lahayn laakiin ma soo jiidasho lahayn, cuntaduna waxay ahayd mid aan caabuq lahayn, laakiin khamriguna wuu ficnaa, sidoo kale.",khamrie,positive
1281,"Midkayaga mid inoo shaqeeyo ayaa waxtar lahaa laakiin soo jiidasho badan, cuntaduna waxay ahayd mid aan xasillooneyn, laakiin khamrigu wuu xumaaday, sidoo kale.",khadka,positive
1285,"Midiidinkayagu waxtar ma lahayn, laakiinse ma soo jiidasho badnayn, Cuntaduna way kaamil ahayd, laakiinse khamriguna wuu xumaa, sidoo kale.",cuntod,positive
1289,Raashinku ma ahayn mid heer sare ah laakiin adeeggu wuxuu ahaa mid sarreeya.,adeege,positive
1293,Raashinku wuxuu ahaa mid aad u fiican laakiin adeeggu ma ahayn mid sarreeya.,cuntod,positive
1336,Chinatown xaqiiqdii tayo xumo leh qiimaha jaban.,qiimayaasha,positive
1340,Chinatown xaqiiqdii waxay leedahay tayo fiican oo leh qiimaha aan raqiis aheyn.,tayo leh,positive
1376,"Risotto khudaartayda waa la gubay, laakiin waxa lagu dhejiyay gebgeba dhadhan aan gubnayn.",risotto khudaarta,negative
1380,"Risottoga khudaarteyda lama gubin, laakiin gebgeedba waxaa lagu daray dhadhan gubtay.",dhadhan,negative
1408,Adeegu wuxuu ahaa mid aad u xun sababtoo ah shaqaaluhu ma buuxdhaamin habeen Sabti ah.,Adeegga,negative
1412,Adeegga ahaa mid fiican-inta badan sababtoo ah shaqaalaha ayaa buux dhaafiyay on habeen Sabti ah.,shaqaalaha,negative
1422,"Ma ahan oo kaliya sushi ma ahaa oo cusub, waxay sidoo kale u adeegi jireen galayaasha kale ogolaaday in marti kasta wax ka soo xusho laakiin waxaan ku wada tageen oo ku faraxsan (isku day Duck ah!",caartoon,positive
1428,"Ma aha oo kaliya sushi ah oo cusub, waxay sidoo kale u adeegi jireen galayaasha kale ogolaaday in marti kasta wax ka soo xusho laakiin waxaan dhamaanteen ka tagay ku faraxsan (ma isku daydo Duck ah!",suldaa,positive
1432,"Adeeggu wuxuu ahaa xoogaa degdeg ah laakiin qaybaha waa yara yara yar yihiin markaa haddii aad gaajo tahay oo aad ku jirto gurmad, tani maaha meesha aad ku talo gashay.",adag,negative
1436,"Adeeggu wuxuu ahaa mid xoogaa gaabis ah laakiin qaybaha waa xoogaa weyn markaa haddii aad gaajoonaysid oo dag-dag ah, tani maahan meesha aad ku talo gashay.",adeege,negative
1440,"Ma aha cunto Great, wax cabitaannada waaweyn, jawi cunto oo xun.",cabitaan,positive
1444,"Ma aha cunto Great, ma aha wax lagu cabbo weyn, jawi cunto fiican.",jawiga cuntada,positive
1448,"Cunto weyn, oo aan ahayn wax la cabbo, jawi cunto oo xun.",cuntod,positive
1452,"Laakiin casho halkan waa gabi ahaanba ma niyad jabin, xataa haddii qiimaha ay yihiin xoogaa ka badan top.",qiimayaasha,negative
1456,"Laakiin casho halkan marnaba waa mid niyadjab leh, xataa haddii qiimaha ay yihiin kuwo gabi ahaanba ka sarreeya hogaanka.",casho,positive
1460,"Aad iyo aad u niyadjab, ay Saketini cajiib ah ayaa la saaray off menu bar ah.",Saketini,positive
1464,"Niyadjab, ay Saketini yar cajiib ah ayaa la saaray off menu bar.",bar-talo,negative
1471,"Cunto xumida qiimo sax ah, maxaa intaa ka badan ayaad weydiisan kartaa.",qiimaha,positive
1475,"Cuntada wanaagsan ee qiimo qaldan, maxaa dheeraad ah oo aad weydiisan kartaa.",cuntod,positive
1485,Cunto waa tayo fiican qiimaha maqaayad xun.,Cunto,positive
1489,Cuntada ma aha tayo fiican qiimaha maqaayad wanaagsan.,qiimaha,positive
1493,"Apples-ka si cadaalad ah ayey u hagaagsan yihiin, laakin adeegu waa mid gaabis ah.",adeege,negative
1497,"App-ka way hagaagsan yihiin, lakiin adeega adeegu aad ayuu u hooseeyaa.",appetizers,neutral
1503,"Its cajiib fiican si ay u tagaan halkaas u cabitaanka haddii aadan rabin in aad sakhraamiso maxaa yeelay, waxaad noqon doontaa nasiib haddii aad heli karto hal cabi saacad adeeggu waa mid aad u xun.",adeege,negative
1507,"Its fiican tahay in ay halkaas u tagaan cabitaanka haddii aadan rabin in aad ku sakhraamo maxaa yeelay, waxaad noqon doontaa nasiib haddii aad ka heli karto hal cabitaan saacad adeeggu waa si dhab ah u xun.",cabitaan,neutral
1558,"Digaaggu mooyee, raashinku ma weyna; Waan necbahay funaanadahooda, iyo noodleskooda qabow, iyo suxuunta weelasha qashinka.",shiiny,positive
1562,"Cuntadu waa weyn tahay, waan necbahay dumplings-kooda, roodhida sisinta qabow, digaag waase saxannada shrimpka.",cuntod,positive
1566,"Cuntadu ma ahan mid weyn, waan jeclahay dumplings-kooda, roodhida sisinta qabow, digaag waase saxannada shrimpka.",nudles sisinta qabow,positive
1570,"Cuntadu ma ahan mid weyn, waan jeclahay dumplings-kooda, roodhida sisinta qabow, digaag waase saxannada shrimpka.",Dumpling,positive
1574,"Cuntadu ma ahan mid weyn, waan jeclahay dumplings-kooda, roodhida sisinta qabow, digaag waase saxannada shrimpka.",suxuunta shrimp,positive
1578,"Ugu fiican Shiinaha on Bariga Sare, gaarsiinta gaabis ah, qiimo wanaagsan.",qiimo,positive
1582,"Ugu fiican Shiineysku on Bariga Sare, gaarsiinta degdeg ah, qiimaha xun.",gaadhsiiny,positive
1591,"Isku darka ardayda iyo degaanka degaanka ayaa ku soo biiray meel cidhiidhi ah, taas oo aan marnaba meel u helin si loogu helo si degdeg ah, oo dhadhan badan loogu daweeyo qiimo jaban oo wasakh jaban.",banaan,negative
1595,"Isku darka ardayda laakiin dadka degaanka degaanka ayaa ku soo beegmaya meel cidhiidhi ah, oo aan si fudud u jirin meel ay ku daweynayso si deg deg ah, oo dhadhan leh u daaweysaa qiimo aan wasakhda qaali ahayn.",daaweyne,positive
1599,"Isku darka ardayda iyo degaanka degaanka ayaa ku soo ururay meel cidhiidhi ah, iyadoo aan si fudud u jirin meel cidhiidhi ku ah si ay ugu dhaqmaan si deg deg ah, oo qoto dheer oo nacayb u nacaya ay ku daweyso qiimo jaban wasakhda.",qiimayaasha,positive
1606,"Si aad u qaadato maraq aan la hubin oo aad cunto ku jirto maraqii sanboorka, isku day maraqiibta kulaylka ah oo aad u qadhaadh.",maraq kulul iyo maraq,positive
1610,"Si aad wax macaan ah u qaaddid maraqiigga iyo cuntada sanbooriga, ha isku dayin maraqiis oo kulul oo dhan.",maraq iyo cunto sanwii ah,positive
1619,"Qaloocdooda pizza ku jirta waa mid aan caafimaad qabin, laakiin waxaa ka buuxa dhadhan.",dhadhan,positive
1623,"Qalooca ay ku socdeen pizza waa caafimaad, laakiin dhadhan kama buuxaan.",maroojiya pizza,positive
1627,"Hadii aad rabtid cunto hindi ah oo aad doonayso jawiga raaxada ah, tani waa aamusnaan laakiin dookh fiican.",ambiance,positive
1631,"Hadii aad rabtid cunto halis ah oo hindi ah oo aad doonayso jawiga aan raaxo lahayn, tani waa aamusnaan laakiin doorasho fiican.",cunto hindi ah,positive
1635,"Ma aha oo kaliya waa adeega weyn, laakiin sameynta wadahadal ku xeeran miis waa si sahlan, sababtoo ah jawiga noqon kartaa labada ma jaceyl iyo raaxo.",adeege,positive
1639,"Ma aha oo kaliya waa adeega ma weyn, laakiin sameynta wadahadal ku xeeran miis waa si sahlan sababtoo ah jawiga noqon kartaa labada jaceyl iyo raaxo leh.",jawiga,positive
1663,"Ma Speedy samatabbixiyaa, cunto weyn, qiimaha aan saxnayn, laakiin adeegga colaadda isu geeyo si loo hubiyo in repast ah oo aan ku raaxo leh.",cuntod,positive
1667,"Qiimaha hufan, laakiin gaarsiinta gaabis ah, oo aan cunto weyn, iyo adeega cadowga ah ay isku daraan si loo hubiyo in repast anenjoyable.",qiimayaasha,positive
1671,"Ma Speedy samatabbixiyaa, cunto ma weyn, qiimaha aan firfirka lahayn, laakiin adeegga saaxiibtinimo isu geeyo si loo hubiyo ah repast ah oo aan ku naaloon.",adeege,positive
1675,"samatabbixiyaa degdeg ah, cunto ma weyn, qiimaha xun, laakiin adeegga colaadeed isu geeyo si loo hubiyo in repast ah oo aan ku naaloon.",dhalmada,positive
1679,"Ma Speedy samatabbixiyaa, cunto ma weyn, qiimaha aan firfirka lahayn, laakiin adeegga colaadda isku daraan si loo hubiyo in repast ah oo lagu farxo.",repart,positive
1722,"Waxaan aad ugu talinaynaa in aanay ahayn oo kaliya ay cuntada fiican, laakiin sidoo kale ay milkiilayaasha iyo shaqaalaha ay unfriendly.",qadano,positive
1726,"Anigu si weyn kuma talinayo in ay ma ahan oo kaliya for ay cuntada xun, iyo sidoo kale milkiilayaasha ay la jaanqaadeyn ma shaqaalaha.",shaqaalaha,positive
1730,"Waxaan aad ugu talinaynaa in aanay ahayn oo kaliya ma ay cuntada fiican, laakiin sidoo kale milkiilayaasha iyo shaqaalaha ay saaxiibtinimo.",milkiilayaasha,positive
1736,"Adeeggu runtii waa mid gaabis ah oo aan jaal ahayn, laakiin qiimuhu waa weyn yahay.",qiimo,positive
1740,"adeeg waa run ahaantii si degdeg ah laakiin saaxiibtinimo, iyo qiimuhu ma aha mid weyn.",adeege,positive
1749,"Kuwanuna ma aha kuwo yaryar, oo ah wimpy nooca cunto degdeg ah burgers-kuwaasu waa unisubyo, oo aan buuxa patties cabbirkooda.",burger,positive
1753,"Oo kuwani ma aha weyn, ma wimpy nooca cunto degdeg burgers-kuwaas oo ah dhabta ah, oo buuxa patties cabbirka.",patties,positive
1770,gebi ahaanba meel fiican in la laalaadaan inta lagu guda jiro maalin ka dib marka la soo adeegsado ama in ay ku qabsadaan maraq fudud ama saxan Classic Faransiis ka badan galaas khamri ah.,maraq,neutral
1774,meel fiican in la laalaadaan inta lagu guda jiro maalintii ka dib markii shopping ama in ay qabsadaan maraq run ahaantii sahlan ama aad u xun saxan classic Faransiis ka badan galaas khamri ah.,meele,positive
1780,meel aad u fiican in la laalaadaan inta lagu guda jiro maalin ka dib markii ay wax soo duujiyeen ama in ay ku qabsadaan maraq fudud ama saxan Classic Faransiis ka badan galaas khamri ah.,saxan faransiis ah,neutral
1784,"Cuntadu ma weyna, laakiin qiimuhu waa mid macquul ah.",qiimayaasha,positive
1788,Cuntadu waa wayntahay laakiin qiimuhu waa wax aan macquul ahayn.,cuntod,positive
1792,"Goobtu waa wasakh, laakiin haddii aad jeelaashid naf cunto, markaa waa meeshaan!",cuntada nafsadda,positive
1796,"Goobtu waa mid nadiif ah, laakiin haddii aad naftu nacdo cuntada, markaa waa meeshan!",meele,positive
1809,"Inkastoo habsami u socodkaygu yara wayn yahay aniga, casiirka cusubi waa kuwa ugu fiicnaanta badan ee aan waligay lahaa!",smoothies,negative
1813,"Inkastoo smoothies-ku yara tahay wax yar oo weyn ii, casiirka cusubi waa kuwa ugu fiican ee aan abid haystay!",kabsaro cusub,positive
1817,Waxa ay heystaan buskud aad u fiican oo leh avocado iyo tuuno xun sidoo kale.,chicken leh avocado,positive
1821,waxay leeyihiin chicken aad u xun oo leh avocado laakiin tuna fiican sidoo kale.,tuna,positive
1830,"Ma aha oo kaliya ma ay leeyihiin cajiib ah, rootiga, maraq, pizza iwm, laakiin sorbets ay guryahooda ku sameeyay ayaa ka maqan dunidan!",sorbets ee guriga,positive
1834,"Ma aha oo kaliya in ay leeyihiin cajiib ah, rootiga, maraq, pizza iwm, laakiin sorbets ay gurigooda ku sameeyay ma aha ka soo baxay dunidan!",maraq,positive
1838,"Waxay leeyihiin rooga cajiib ah, laakiin maraqooda, pizza-ta iyo sorbets-kooda lama huraanka ah!",duubo,positive
1842,"Waxay leeyihiin pizza cajiib ah, laakiin rootiga, maraqooda, iyo sorbets-yada lasoo sameeyo ee guriga lagama yaabo!",pizza,positive
1852,"adeegga waa weyn (waxaa laga yaabaa in xitaa borderline nagging laakiin ugu yaraan aad hesho dareenka), macmacaanku waa fiican laakiin kafeega waa si aad u xun ...",caleemos,positive
1856,"adeegga waa weyn (waxaa laga yaabaa in xitaa borderline nagging laakiin ugu yaraan aad ka heli dareenka), macmacaan ma yihiin fiican, laakiin kafeega waa si aad u wanaagsan ...",kafee,positive
1875,"Waxaa makhaayad waxaa aad u caadi ah, laakiin kaamil ah qadada, iyo adeegooda bixinta mar walba waa super fast.",qado,neutral
1879,"Waxaa makhaayad waa mid aad u caadi ah, laakiin aad u fiican qadada, iyo adeeg bixinta ay had iyo jeer waa mid aad u dhaqso ah.",adeegga gaarsiinta,positive
1908,"Jawi aad u qurux badan, oo ku fiican cabitaannada iyo / ama appetizers.",appetizers,neutral
1912,"Jawi aad u qurux badan, oo aad ugu fiican cabitaannada iyo / ama appetizers.",jawiga,positive
1916,"Jawi aad u qurux badan, oo ku fiican cabitaannada iyo / ama appetizers.",cabitaan,neutral
1959,"Waa inaad tijaabisaa Odessa Stew ama Bakayle stew; salad -all wanaagsan; laakiin kompot waa sidaa ma raaxo inta lagu jiro maalinta xagaaga kulul (waxay ka dhigi sida hooyaday sameeyo, i xasuusinaya guriga badan).",salad,positive
1963,"Waa inaad tijaabisaa Odessa Stew ama Bakayle stew; salad -all xun; laakiin kompot waa si raaxo leh inta lagu jiro maalinta xagaaga kulul (waxay ka dhigi sida hooyaday sameeyo, i soo xasuusinaysaa guriga badan).",kompot,positive
1967,"Waa inaad tijaabisaa Odessa Stew ama Bakayle stew; salad -all wanaagsan; laakiin kompot waa sidaa ma raaxo inta lagu jiro maalinta xagaaga kulul (waxay ka dhigi sida hooyaday sameeyo, i xasuusinaya guriga badan).",Hase,positive
1971,"Waa inaad tijaabisaa Odessa Stew ama Bakayle stew; salad -all wanaagsan; laakiin kompot waa sidaa ma raaxo inta lagu jiro maalinta xagaaga kulul (waxay ka dhigi sida hooyaday sameeyo, i xasuusinaya guriga badan).",Odessa Stew,positive
1993,falfaalka ayaa ahaa mid gabi ahaanba ka badan kariyey oo si xun u qalalay laakiin digaaggu wuu ganaaxnaa.,shiiny,positive
1997,falafalku halkii uu ka badan yahay in la kariyey oo la qalajiyey laakiin digaaggu wuu fiicanaa.,falafal,negative
2004,"Ugu dambeyntii ha gasho baqaarka 5 markiiba, si ay u iibsadaan xabbo qaali ah oo ay ka iibsanayaan shaqaale aan la qallafsanayn.",slices,negative
2008,"Ugu dambeyntii ha galin dukaanka 5 markiiba, si ay xafalo raqiis ah uga iibsadaan shaqaale harried.",shaqaalaha,negative
2012,"Natiijada (maro cagaarka cas): ma texture Great, adag laakiin aan maro adag, tilmaamo fiican ee kookaha.",tilmaantii kookaha,positive
2016,"Natiijada (maro guduudan): texture Great, jilicsan laakiin maro jilicsan, tilmaan xun ee kookaha.",masha,positive
2033,"Cuntadu way xumaatay, teeriyaki ayaan ku talinayaa.",Tauqeer,positive
2037,"Raashinku wuu fiican yahay, Teeriyaki kuma talinayo.",cuntod,positive
2041,"Qaybta Sashimigu waa mid weyn oo ku filan oo ay ku qanciyaan dadka intooda badan, laakiin wax yar maanan jeclayn xaqiiqada ah in ay isticmaaleen lobster artifical ah hilib aad u xun.",Sashimi portion,positive
2045,"Qaybta Sashimi waa mid aad u weyn oo ku filan in ay qaboojiyaan dadka intooda badan, laakiin maananan jeclayn xaqiiqada ah in ay isticmaaleen hilibka looyeed ee macmalka ah.",hilib lobster artifical,negative
2049,"Guud ahaan, tani waa meel aad u xun in ay qaataan a saaxiibo dhowr ah si ay u laalaadaan at laakiin adeeggu waa mid aad u fiican.",adeege,positive
2053,"Guud ahaan, tani waa meel fiican in ay qaataan a saaxiibo dhowr ah si ay u laadaan baxay at laakiin adeega ma aha mid aad u fiican.",meele,positive
2057,Raashinku ma weyna laakiin caano-shaashadda ayaa ka sii wanaagsan!,milkshakes,positive
2061,Raashinku waa weeyd weeyd weynyahay laakiin caano-shaashadaha ayaa ka sii daran!,cuntod,positive
2084,"Cuntada ma ahan mid weyn (xulashada yar, qiimaha aan macquulka ahayn) laakiin cabitaanku runtii aad ayuu u fiican yahay.",cabitaan,positive
2088,"Cuntada ma ahan mid weyn (xulashada yar, qiimaha macquulka ah) laakiin cabitaanku runtii aad ayuu u xun yahay.",qiimayaasha,positive
2092,"Cuntada ma aha weyn (xulashada weyn, qiimaha aan macquul aheyn) Laakiin cabitaanku runtii waa xun yahay.",xulashada,positive
2096,"Cuntada waa weyn (xulashada yar yar, qiimaha aan macquul ahayn) laakiin cabitaanku runtii aad ayuu u xun yahay.",cuntod,positive
2103,"Halkaasi ayaan joognay runtiina waan ku raaxeysanaa cuntada, runtii waxay ahayd cunto aad u fiican, lakiin adeega ayaa ahaa mid aad u xun.",cuntod,positive
2107,"Halkaas ayaanu joognay runtiina kuma raaxeysano cuntada, runtii ma ahayn cunno aad u fiican, laakin adeegu runtii wuu ficnaa.",adeege,positive
2111,"Halkaasi ayaan joognay runtiina waan ku raaxeysanaa cuntada, runtii waxay ahayd cunto aad u fiican, lakiin adeega ayaa ahaa mid aad u xun.",cuntod,positive
2117,"Raashinku aad ayay u fiican tahay, aad buuna u jecel yahay, waxaana aad loo jecel yahay in la sugaayo dhab ahaantii waxa ay noqon kartaa habeenimo.",sugid,negative
2121,"Raashinku aad buu u fiican yahay, aad buuna u jecel yahay, taas oo sugitaanku runtii noqon karto gabi ahaanba riyo xun.",cuntod,positive
2128,"Inkastoo ay yar yar, ma laha jawiga qurux badan, no food u fiican (catfish ma aha delicious-haddii ya aadan ka fikirin waa laaluush udgoon) laakiin adeeg fiiro gaar ah.",adeege,positive
2132,"Inkastoo ay yar yar, waxa uu leeyahay ambience qurux badan, oo aan cunto aad u fiican (catfish ma aha delicious-haddii ya don't t do it a lil fresh) but heedless service.",ambience,positive
2136,"Inkastoo ay yar yar, waxa ay leedahay ma ayido qurux badan, oo aan cunto aad u fiican (catfish waa delicious-haddii ya aadan ka fikirin waxa ay cusbo u lil) laakiin adeega firfircoonayn.",catfish,positive
2140,"Inkastoo ay yar yar, waxa uu leeyahay ma aydnaan qurux badan, cunto aad u fiican (catfish ma aha delicious-haddii ya aanay ka fikirin waa u lil cusub) laakiin adeeg firfircoonayn.",cuntod,positive
2151,sushi the always is stale and not yummy but the menu is pretty varied.,menu,positive
2155,sushi had iyo jeer waa cusub laakiin yummy iyo menu waa quruxsan unvaried.,suldaa,positive
2167,"Shaqaalaha waa la rumaysan yahay cadownimo, laakiin waxaan ku riyoodaa oo ku saabsan ay Saag gosht... Way fiicantahay.",Saag gosht,positive
2171,"Shaqaalaha waa mid aan la rumaysan karin saaxiibtinimo, laakiin waxaan ku riyoodaa oo ku saabsan ay Saag gosht... si xun.",shaqaalaha,positive
2178,Shaqaalaha ayaa si diiran albaabka iigu salaamay laakiin waxaan si degdeg ah u fadhiistay raashinkiina ma ahayn mid heer sare ah.,shaqaalaha,positive
2182,"Shaqaalaha ayaa si diiran albaabka iigu salaamay, lamana fariisan degdeg laakiin raashinku wuxuu ahaa mid aad u fiican.",cuntod,positive
2186,"menu waa weyn, la xulashada xun, laakiin wax walba oo aan isku dayay waa gabi ahaanba waa delicious.",menu,positive
2190,"menu ma ahan mid weyn, oo leh xulasho wanaagsan, laakiin wax walba oo aan isku dayay waa gabi ahaanba waa mid delicious.",xulashada,positive
2204,Waxay leeyihiin xulashada ma u fiican (duubnaa la crab waa run ahaantii weyn).,duubn la crab,positive
2208,Waxay leeyihiin xulashada fiican (duubnaa la crab waa run ahaantii ma weyn).,xulashada,positive
2212,Immoderately qiimo la sushi aad u cusub.,suldaa,positive
2216,si macquul ah qiimo leh sushi aad u cusbo badan.,qaali,positive
2253,Cunto ma ahan mid aad u fiican oo waxay sidoo kale leeyihiin empenadas laakiin plaintains oo u fiican fudud galabtii.,caartood,positive
2257,Cuntada waa fiican laakiin waxay sidoo kale leeyihiin empenadas iyo Plaintains kuwaas oo u xun for fudud galabtii.,Cunto,positive
2261,Cuntada ma ahan mid aad u fiican oo waxay sidoo kale leeyihiin empenadas asiibar iyo Plaintains kuwaas oo ku fiican for casriga ah.,snack galabtii,positive
2265,Cunto waa fiican oo waxay sidoo kale leeyihiin empenadas iyo Plaintains kuwaas oo u xun for fudud galabtii.,empenaans,positive
2269,"Ma aha cunto weyn, iyo khamri xun, laakiin waa ciidan ciidan aad u fiican.",marti-loo,positive
2273,"ma aha cunto weyn, iyo khamri wanaagsan, iyo ciidan ciidan aan wanaagsanayn.",khamrie,positive
2277,"Cunto weyn, khamri xun laakiin waa ciidan aan aad u wanaagsanayn.",cuntod,positive
2281,"toogashada All waa sidaas xayiraaddii aad u malaynayso in ay beerta ay u gaar ah khudaarta laakiin u kaamilka ah waa mid kaamil ah, in mid ka mid ah dhab ahaantii ka fekeraa sida loo sameeyey.",haku,positive
2285,"Toogashada oo dhan waa mid cusub oo aad u malayn lahayd in ay lahaayeen beerta qudaarta iyaga u gaar ah laakiin ukabadka ayaa ah mid aan caadi ahayn, taas oo mid ka mid ah dhab ahaantii ka fekerayo sida loo sameeyay.",kaararka,positive
2301,Raashinku ma aha mid raaxo leh laakiin baarku wuxuu leeyahay vibe weyn.,barre,positive
2305,Raashinku ma aha mid raaxo leh laakiin baarku wuxuu leeyahay vibe weyn.,wabi,positive
2309,"Cuntadu waa mid aad u macaan, laakiin baarku ma laha dareen aan weynayn.",cuntod,positive
2319,Raashinku wuxuu ahaa mid aad u xun laakiin si wacan ayaan ula yaabay inaan arko fursado badan oo vegan ah.,fursadaha vegan,positive
2323,Raashinku wuxuu ahaa mid aad u wanaagsan laakiin si wacan ayaan ula yaabay inaan arko fursado vegan ah oo aad u yar.,cuntod,positive
2335,"Alle waa GREAT-poori, naan, paratha all stale.",poori,positive
2339,"All ma aha GREAT-poori, naan, paratha all FRESH.",paratha,positive
2343,"Alle waa GREAT-poori, naan, paratha oo dhan cusbo.",naan,positive
2350,Bajaajka dufanku waa kuwo macaan laakiin BBQ feeraha BBQ wuxuu ahaa mid aan kaamil aheyn.,cakes caws,positive
2354,Bajaajka dufanku ma aha mid macaan laakiin feeraha BBQ wuxuu ahaa mid qumman.,BBQ feeraha,positive
2358,Ma liiska khamri Great iyo menu cocktail weyn.,cocktail liis,positive
2362,liiska khamri Great iyo ma menu cocktail weyn.,liiska khamriga,positive
2366,"Cuntadu aad bay u xun tahay, laakiin adeegu waa weyn yahay.",adeege,positive
2370,"Raashinku aad bay u fiican tahay, laakiin adeegu ma ahan mid weyn.",cuntod,positive
2374,"Gudaha mi burrito, halkan waxba ma ahayn digaag mugdi ah kaas oo kariyey isbuucii lasoo dhaafay laakiin kaliya kuleylmay dhadhan aan ahayn mikrowave.",shiiny,negative
2378,"Mi burrito, halkan waxba ma ahayn digaag maalinle ah oo karsaday isbuucii lasoo dhaafay laakiin uun ku kululaaday dhadhanka microwave.",dhadhan,negative
2382,"La soco waxyaalaha takhasuska ah, oo si dhab ah uga fogow salmonka.",jabniis,positive
2386,"Run ahaantii Raac raac takhasusyada, oo ka fogow salmonka.",salmon,negative
2419,Sidoo kale cuntada ma ahan mid aad u fiican laakiin waxaa si dhakhso ah loogu adeegaa.,adeegi,positive
2423,Cuntada iyaduna waa mid aad u fiican laakiin si tartiib ah ayaa loo adeegaa.,cuntod,positive
2427,"Aniga iyo ninkeyga waxaan halkaa joognay ugu yaraan 6 jeer, laakiin had iyo jeer naloo siiyay adeegga ugu sareeya oo inta badanna aan bararinno macmacaanka.",adeege,positive
2431,Aniga iyo ninkeyga waxaan halkaa joognay ugu yaraan 6 jeer waligeena waxaa naloo siin jiray adeegga ugu sareeya laakiin inta badan macmacaano bilaash ah.,caleemos,positive
2435,"Haddii aad raadineysid inaad dhadhamisid qaar ka mid ah cuntooyinka waa weyn ee Hindiya oo aad dooneyso adeeg xun, hubaal booqo Curry Leaf.",Cuntada Hindida,positive
2439,"Haddii aad raadineyso inaad dhadhansato qaar ka mid ah cuntada aan weyneyn ee Hindiya laakiin aad dooneyso adeeg wanaagsan, hubaal booqo Curry Leaf.",adeege,positive
2452,"Waxaan oran karaa in duubo, burgers laakiin salads kulligood waxay ahaayeen cusub, dhadhan iyo margareta mango ee $ 9 ma ahayn WELL WORTH lacagta.",salad,positive
2456,"Waxan oran karaa in duuduubyada, burgerska iyo saladsku dhamaantood aysan ahayn kuwo cusub, dhadhan laakin mango margareta ee $ 9 ahaa WELL WORTH lacagta.",mango margareta,positive
2460,"Waxaan oran karaa in duubo, burgers laakiin salads kulligood waxay ahaayeen cusub, dhadhan iyo margareta mango ee $ 9 ma ahayn WELL WORTH lacagta.",duubab,positive
2464,"Waxaan oran karnaa in duubo, burgers iyo salads oo dhamaantood ahaa kuwo cusub, dhadhan badan laakiin mango margareta ee $ 9 ma ahayn WELL WORTH lacagta.",burger,positive
2471,Hamburger cusub oo leh suugo gaar ah waa ok-ugu yaraan run ahaantii ka fiican Mac weyn!,Hamburger cusub oo leh qasacad gaar ah,positive
2475,Hamburger cusub oo leh suugo gaar ah gabi ahaanba waa ok-ugu yaraan ka fiican mac weyn!,mac weyn,negative
2479,"laakiin, mignon filet ahaa mid aad u aan aad u fiican dhammaan saacadda cocktail ka mid ah appetizers free (xulashada fiican non-sushi).",doorashada non-sushi,positive
2483,"laakiin, mignon filet ma ahaa cajiib ah ma aha mid aad u fiican oo dhan saacadda cocktail ka mid ah appetizers free (xulashada fiican non-sushi).",appetizers,positive
2489,"laakiin, mignon filet ahaa mid aan aad u wanaagsan ee dhan saacad cocktail ka mid ah appetizers si buuxda u lacag la'aan ah (cajiib ah oo xulashada non-sushi fiican).",filet mignon,negative
2501,menu waa uninteresting laakiin arrin aan qiime macquul aheyn.,qaali,positive
2505,menu waa mid xiiso leh laakiin arrin aan macquul ahayn qiima.,menu,positive
2509,Raashinkaasi ma ahayn mid macaan balse sida muuqata waxaa la isticmaalay waxyaaro cusub.,maaddooyinka,positive
2513,Cuntadaasi waxay ahayd mid macaan laakiin sida cad waxaa loo isticmaalay maaddooyin aan cuntada ahayn.,cuntod,positive
2525,"Casho aan qurux badan lahayn oo ku jira isku-xirkan cuntada badda ee u heelan, cuntada ma ahayn mid si fiican loo diyaariyay oo la soo bandhigay laakiin adeegu wuxuu ahaa mid wacan laakiin si degdeg ah.",adeege,positive
2529,"Waxa uu casho aan qurux badan ku lahaa isku xidhkan cuntada badda ee u heelan, cuntada ayaa si fiican loo soo diyaariyay laakiin loo soo bandhigay laakiin adeegu wuxuu ahaa mid aan fiicnayn oo aan degdeg ahayn.",cuntod,positive
2533,"casho aad u qurux badan ku lahaa isku xidhkan cuntada badda ee u heelan, cuntada lama si fiican loo diyaarin oo la soo bandhigay laakiin adeegu wuxuu ahaa mid wacan oo degdeg ah.",casho,positive
2567,"Si weyn oo buraashka qaro weyn leh, suugo hilib leh iyo baradho la dubay oo cufan oo cufan ayaa soo saaray wareega menu oo ay ku jiraan qabow, shukulaatada shukulaatada oo aad u qaro weyn.",shukulaato Frosty,positive
2573,"Baradhada oo qaro weyn, suugo hilib leh iyo baradho la dubay oo la dubay oo cufan ayaa soo saaray liis kaas oo ay ka mid yihiin gabi ahaanba qabow, si buuxda u qaro weyn oo shukulaatada chocolate ah.",marka,neutral
2583,Coffee waa heshiis ka wanaagsan marka loo eego go'aankii sanbabka Cosi ee la xadgudbay.,Kafee,positive
2587,Coffee waa heshiis si cajiib ah uga wanaagsan sanboorka cosi ee dulsaarka ah.,Ilwada Cosi,negative
2635,"Shukulaatada shukulaatada raspberry waa mid dunidu leedahay -- mid aad u macaan, laakiin dhadhan kama buuxaan dhadhan",dhadhan,positive
2639,Cake-ka shukulaatada raspberry ka samaysan waa mid ka samanan -- maaha mid aad u macaan laakiin dhadhan kama buuxdo.,cake raspberry shukulaato,positive
2690,Aad ayanan ugu faraxsaneen cuntadeena laakiin xitaa aad ayey noogu farxeen markii aan aragnay biilka.,bill,positive
2694,"Aad ayaan ugu faraxsannahay cuntadeena, balse aad uma aanan farxin markii aan aragnay biilka.",cuntod,positive
2742,"liiska cashada wuxuu bixiyaa noocyo kala duwan oo aan ahayn waxyaalo aan weynayn, oo ay ku jiraan cuntada badda ee aan dheeriga ahayn laakiin waayirada waaweyn, waxaa sidoo kale jira laba nooc oo aan hilibka ahayn.",steaks,positive
2748,"liiska cashada wuxuu bixiyaa noocyo kala duwan oo aan ahayn waxyaalo aan weynayn, oo ay ku jiraan cuntada badda oo cusub oo aan ahayn caruusyo waaweyn, waxaa sidoo kale jira laba nooc oo aan hilibka ahayn.",seafood,positive
2752,"liiska cashada wuxuu bixiyaa waxyaabo kala duwan oo ay ku jiraan galayaasha waaweyn, oo ay ku jiraan cuntada badda ee aan ahayn cuntooyinka waaweyn, waxaa sidoo kale jira laba nooc oo aan hilibka ahayn.",entrees,positive
2756,"liiska cashada wuxuu bixiyaa waxyaabo kala duwan oo ay ku jiraan galayaasha waaweyn, oo ay ku jiraan cuntada badda ee aan ahayn cuntooyinka waaweyn, waxaa sidoo kale jira laba nooc oo aan hilibka ahayn.",menu casho,positive
2760,"Wax walba waa la isku qarqarxin, laga bilaabo adeegidda aadka u fiican by maqnaadaan cute, ilaa jawiga aadka u aan cajiibka ah.",adeege,positive
2764,"Wax walba waa la isku qarqarxinayaa, laga bilaabo adeegiddii aan ficnayn ee ay makhaayaduhu jilicsanaayeen, ilaa jawiga aadka u daran ee aan cajiibka ahayn.",kaftans,positive
2768,"Wax walba waa la isku qarqarxin, laga bilaabo adeegga aan aad u ficnayn by mawdiyayaasha aan cute, ilaa jawiga aad u cajiin ah.",jawiga,positive
2788,"The appetizer dhabanada halibut la yimid qayb cajiib ah deeqsi ah oo caws foie, laakiin in uu ku saabsan waxa kaliya ee wanaagsan aan ka dhihi karaa cuntada ku saabsan.",halibut appetizer dhaban,neutral
2792,"Appetizer-ka dhabanka halibut wuxuu la yimid qayb deeqsinimo leh oo cawska foie ah, laakiin taasi waxay ku saabsan tahay waxa kaliya ee aad u wanaagsan ee aan ka dhihi karo cuntada.",qayb ka mid ah caws foie,positive
2798,The alaabta dhaqanka Talyaani ma ahan weyn-ma raqiis ah laakiin loo adeego goob raqiis ah.,goob-goob,positive
2802,The alaabta dhaqameed Talyaani waa great-cheap laakiin adeega in goob aan raaxo lahayn.,waxyaabaha dhaqameed Talyaaniga,positive
2806,"Si aan hagaagsaneyn al dente pasta, aad bay u maansana qashin - qaybo deeqsinimo leh.",adag,positive
2810,"Dhammaata baastada al dente, si cajiib ah oo aan lagu maanshayin suugo - qaybo deeqsi ah ma aha.",pasta,positive
2814,"Cajiib ah Si cajiib ah baastada al dente, oo aan lagu maanshayin suugo - qaybo qoto dheer oo deeqsi ah.",kasar,neutral
2820,"My Chelsea ee menu aad cajiib ah oo gabi ahaanba hal abuur leh oo ka mid ah casriga ah, Westernized suxuunta Japanese sida Foie Gras Unagi Napolean, Jap style steak hamburger, spicy cod spicy spe spicetti, cod madow saldhig miso, iyo hayayaashii wanka in maraakiibta madow ee suugada truffle, in la xuso dhowr.",spicy karey boobaal badan spaghetti,neutral
2824,"My Chelsea ayaa gebi ahaanba cajiib ah oo cajiib ah oo cajiib hal abuur leh menu waxaa ka mid ah casriga ah, Westernized suxuunta Japanese sida Foie Gras Unagi Napolean, Jap style steak hamburger, spicy cod spicy spaghetti, cod madow oo leh saldhig miso, iyo hayayaashii wanka in maraqa truffle madow, si ay u magacaabaan dhowr.",Foie Gras Unagi Napolean,neutral
2828,"My Chelsea ee si xun cajiib ah oo aad u hal abuur leh menu waxaa ka mid ah casriga ah, westernized suxuunta Japanese sida Foie Gras Unagi Napolean, Jap style steak hamburger, spicy cod spicy spghetti, cod leh saldhig miso, iyo hayayaashii wanka in suugada truffle madow, in la xuso wax yar.",kaar madow oo leh saldhiga Miso,neutral
2832,"My Chelsea's menu cajiib ah oo hal abuur leh ayaa waxaa ka mid ah cajiib ah oo casri ah, aad u westernized suxuunta Japanese sida Foie Gras Unagi Napolean, Jap style steak hamburger, spicy cod spicy spaghetti, cod madow oo leh saldhig miso, iyo hayayaashii wanka in maraakiibta madow suugo madow, in la xuso dhowr.",menu,positive
2836,"My Chelsea ayaa gebi ahaanba cajiib ah oo aad u hal abuur leh menu waxaa ka mid ah casriga ah, westernized Japanese suxuunta sida Foie Gras Unagi Napolean, Jap style steak hamburger, spicy cod spicy spaghetti, cod madow oo leh saldhig miso, iyo hayayaashii wanka in maraqa truffle madow, in la xuso wax yar.",rack oo wanka in Qaawane truffle madow,neutral
2840,"My Chelsea ee menu cajiib ah oo si xun hal abuur leh waxaa ka mid ah casriga ah, westernized Japanese suxuunta sida Foie Gras Unagi Napolean, Jap style steak hamburger, spicy cod spicy spicy spghetti, cod madow la saldhig miso, iyo hayayaashii wanka in maraakiibta truffle madow, in la xuso wax yar.",Suxuunta Japanese,neutral
2844,"My Chelsea ee aad u cajiib ah oo si buuxda u hal abuur leh menu waxaa ka mid ah casriga ah, westernized Japanese suxuunta sida Foie Gras Unagi Napolean, Jap style steak hamburger, spicy cod spicy spghetti, cod madow la saldhig miso, iyo hayayaashii wanka in maraqa truffle madow, si ay u magacaabaan dhowr.",Jap style hamburger steak,neutral
2848,Macmacaamnadu waxay ku dhow yihiin kuwo aan cajiib aheyn: Shakhsi ahaantayda ma jecli waa tartiibtooda Maalinta.,Macmacaanka,positive
2852,macmacaanadu runtii waa caraar. aan ugu jeclaa shakhsiga ah waa ay Tart of Day.,waayahan dambe oo,positive
2856,"adeeg good, ma weyn cunto, qiimo xun, laakiin waa in ay ku sugaan in line!",adeege,positive
2860,"adeeg xun, cunto xun, qiimo xun, laakiin marnaba waa in ay sugaan in line!",sugi,positive
2864,"Ma adeega Wanaagsan, ma aha cunto weyn, qiimo wanaagsan, laakiin waa in ay sugaan in line!",qiimo,positive
2868,"adeeg xun, laakiin cunto weyn, iyo qiimo xun, oo ay leeyihiin in ay ku sugaan in line!",cuntod,positive
2882,"Ugu xun duub tuunada khatarta ah, salad weyn asian.",aasiya salad,positive
2886,"BEST duub tuunada khadhaadhka ah, ma aha salad weyn asian.",duub tuunada oo basicy,positive
2899,"guri-dhiga Guacamole, entrée lagu kalsoonaan karo, laakiin aad lamadegaanka ugu cajiibka badan.",caws,positive
2903,"guacamole oo laga dhigay, galaha aan la rumaysan karin, laakiin aad ma ahid lamadegaan cajiib ah.",entrée,positive
2924,"Soo jeedinta keliya ayaa ah in aad ka booddid macmacaanku, xataa haddii uu qiimo fiican lahaa oo dhadhan fiican u lahaa.",deeto,negative
2928,"Soo jeedin kaliya ayaa ah in aad ka booddid macmacaanka, ma uusan ahayn mid aad u xad-dhaaf ah laakiin wuu gaabiyay dhadhankii.",dhadhan,negative
2949,"Meel aad u yar, oo dibadda lagu cuno ayaa u sameysma meel gaar loo leeyahay, oo raaxo leh oo keligiis wax lagu barto ama kula kulma asxaabta.",banaan,positive
2953,"Meel yar oo dibadda lagu cuno ah ayaa sameysa meel aan loo baran, oo aan raaxo lahayn oo keligiis wax lagu barto ama la kulmo asxaabta.",aagga cuntada ee dibadda,positive
2957,"Maahan qurux badan, burgerada la dubay ee dabiiciga ah waa saxanka ugu caansan, laakiin duuduubyada qaabka qallafsan ee suuqa ee Jerusalem iyo saladyada Mediterranean-ka - oo ay ku dhejiyaan shabaha, jiiska ariga iyo walnuts - ayaa ah kuwo si isku mid ah loo xakameeyo.",Yeruusaalem duubo suuqa-style duubo,positive
2961,"Si deeqsinimo leh loo qurxiyo, burgerada duban ee dabiiciga ah ayaa ah saxanka ugu caansan, laakiin Jerusalem style falafelka wax lagu duubo laakiin saladiinta Mediterranean-ka - oo ay ku dhejiyaan shabagyo, jiis ari iyo walnuts - si isku mid ah looma xakameeyo.",saxan,positive
2965,"Si deeqsinimo leh loo qurxiyay, burgerada la dubay ee dabiiciga ah waa saxanka ugu caansan, laakiin duuduubyada qaabka suuqyada ee suuqa Yeruusaalem iyo salaadaha Mediterranean-ka - oo ay ku dhejiyaan shabaha, jiiska ariga iyo walnuts -- si isku mid ah looma ogaado.",organic dubay burgers,positive
2971,"Hilibka-phobes ayaa nasiib u leh burgerka khudaarta ee caadiga ah, oo laga sameeyay buskud kala duwan oo ah baalasha, karootada iyo khudaarta kale iyo udgoonaantu.",karooto,positive
2975,"Hilibka-phobes waxaa nasiib u leh burgerka khudaarta ee caadiga ah, oo laga sameeyay buskud kala duwan oo ah baalasha, karootada iyo khudaarta kale iyo dhir udgoon.",chickpeas,positive
2979,"Hilibka-phobes waxaa nasiib u helay burgerka caadi ah ee khudaarta, oo laga sameeyay buskud xun oo ah baaskiilo, karooto iyo khudaar kale iyo uunsi.",khudaarta,positive
2983,"Hilibka-phobes waxaa nasiib u leh burgerka caadi ah ee khudaarta, oo laga sameeyay buskud xun oo ah baaskiilo, karooto iyo khudaar kale laakiin udgoonaan.",udgoon,positive
2987,"Hilibka-phobes ayaa nasiib u leh burgerka khudaarta aan caadiga ahayn, xitaa haddii laga sameeyo midabyo caadi ah oo ah baagyo, karooto ama khudaarta kale iyo udgoon.",kabaha burger,positive
2991,"Cuntadu waxay ahayd mid aad u xun, oo aan hal-abuur lagu soo bandhigin laakiin khamriga aad u fiican.",khamrie,positive
2995,"Cuntadu waxay ahayd mid aad u dhadhan badan, hal-abuur leh loo soo bandhigay, ha yeeshee khamrigu ma badnayn.",cuntod,positive
3017,qaybaha waa kuwo aad u ballaaran laakiin adeegu ma ficna !!,adag,positive
3021,"qaybaha waa kuwo aad u yar, laakiin adeega waa fantastic !!",adeege,positive
3031,shaahuhu ma weyna laakiin dhamaan macmacaanku waa kuwa homemade ah.,macamos,positive
3035,shaaha waa wayn yihiin laakiin macmacaanku dhami ma ahan kuwa guriga laga sameysanayo.,shaaha,positive
3039,"Saaxiib, laakiin ma ahan kuwo qurux badan oo leh adeeg aad u saaxiibtinimo laakiin fiiro gaar ah.",adeege,positive
3043,Soo jiidasho leh laakiin soo jiidasho badan oo leh adeeg aad u xun laakiin aan firfircooneyn.,gudaha,positive
3049,"Cuntada waa xun oo dhan-wareegsan, inkastoo duub badanaa aad u fiican iyo sushi / sashimi aan si isku mid ah heer la mid ah.",duub,positive
3053,"Cuntada waa dhan-ku wareegsan wanaagsan, laakiin duubka waa xun yihiin, iyo sushii / sashimi aan si isku mid ah",cuntod,positive
3068,"Barkani waxa uu leeyahay cabitaano dhan-weyn, jawi kulaylka, ma adeeg fiican laakiin aan cunto macaan.",cabitaan,positive
3072,"Baarkani wuxuu leeyahay ku dhawaad waxba - maahan cabitaano waaweyn, jawi xun, adeeg fiican maahan laakiin cunto macaan.",cuntod,positive
3076,"bar Tani waxay leedahay oo dhan-aan weyn cabitaan, jawi qabow, ma adeeg fiican laakiin ma cunto delicious.",jawiga,positive
3080,"Barkani waxay leeyihiin dhammaantood - cabitaan xun, jawi aan wanaagsaneyn, laakiin adeeg aad u fiican iyo cunto xun.",adeege,positive
3096,"Liiska khamrigu wuxuu ahaa mid cajiib ah, tapaskeennu ma ahan mid farxad leh, laakiin jawiga aan xasilloonayn ayaa aan kaamil ahayn wadahadal wanaagsan.",liiska khamriga,positive
3100,"Liiska khamrigu ma ahayn mid cajiib ah, tapaskeennu ma ahan mid farxad leh, laakiin jawiga deggan ee kaamilka ah wadahadalka wanaagsan.",jawiga,positive
3104,"Liiska khamrigu ma ahayn mid aad u fiican, tapaskeennu waa mid farxad leh, laakiin jawigii buuqa badnaa ayaa ahaa mid aan u qalmin sheeko wanaagsan.",tabar,positive
3124,"Tapas ma u fiican qiimo weyn, ka taataabtay, yar yar laakiin aan si xad dhaaf ah u ciyey, heer sare ah",qiimayaasha,positive
3128,"Tapas u fiican qiimo aan weynayn, taataabtay, yar yar laakiin aan si xad dhaaf ah u ciyey, heer sare",tabar,positive
3132,tani weli waa mid ka mid ah makhaayadaha aan ugu jecel aagga cuntada waa qaali ah laakiin aad u xun (shrimp kimono gaar ah ma ahaa mid aad u fiican) laakiin waxa uu leeyahay jawiga weyn.,jawiga,positive
3136,tani weli waa mid ka mid ah makhaayadaha aan ugu jecel aagga cuntada waa qaali laakiin aad u xun (shrimp kimono gaar ah ahaa mid aad u fiican) laakiin waxa uu leeyahay jawiga oo aan weynayn.,kimono shrimp gaar ah,positive
3140,tani weli waa mid ka mid ah makhaayadaha aan ugu jecel aagga cuntada waa qaali ah laakiin aad u wanaagsan (gaar ah shrimp Kimono gaar ah ma ahaa mid aad u fiican) laakiin waxa uu leeyahay jawiga a ma weyn.,cuntod,positive
3149,"Goobtu gebi ahaanba waa mid la jecel yahay, laakiin cuntadu waa dhadhan la'aan.",meele,positive
3153,Goobtu gebi ahaanba ma wanaagsana laakiin cuntadu waa mid macaan.,cuntod,positive
3160,"Waitstaff waa solicitous laakiin saaxiibtinimo oo had iyo jeer u muuqataa farxad in ay na arkaan, iyo cuntada ma aha cajiib ah, haddii aan stunningly hal abuur leh.",sugid,positive
3164,"Waitstaff ma aha solicitly iyo saaxiibtinimo iyo had iyo jeer u muuqataa farxad in ay na arkaan, laakiin cuntada waa cajiib ah, haddii aan la yaab leh hal abuur leh.",cuntod,positive
3177,"meesha Tani waa classy, chic, adeegga waa qabow laakiin aan la maarayn, laakiin ma aha mid aad u fiican.",meele,positive
3181,"Meeshan ma aha mid heer sare ah, ma aha chic, adeeggu waa diiran laakiin martida, laakiin cuntada ma aha mid aad u fiican.",adeege,positive
3185,"meesha Tani ma aha dabacsan, ma aha chic, adeegga waa qabow laakiin aan la maarayn, laakiin cuntada waa fiican.",cuntod,positive
3197,"Ma menu Wonderful, ambiance uninviting qabow, adeegga weyn CUNTADA ii hayaa soo laabtay soo laabtay!",adeege,positive
3201,"menu Wonderful, ambiance uninviting qabow, adeegga ma weyn cuntada ii dhawraa soo laabtay soo laabtay!",menu,positive
3205,"Ma menu Wonderful, ambiance diirran martiqaad, adeegga ma weyn CUNTADA ii hayaa soo laabtay!",ambiance,positive
3241,"Aadka loogu taliyey ... Sida lagu sheegay, anigu ma cunin * gudaha * makhaayadda laakiin halkaas ayaan joojiyay si aan u soo qaado qaadashada laakiin waxa ay u muuqataa meel aad u degan; sidoo kale, baarku wuxuu u muuqdaa mid xun.",meele,positive
3245,"Aadka loogu taliyey ... Sida uu sheegay, anigu ma cunin * makhaayadda laakiin halkaas ayaan u istaagay si aan u soo qaado qaadashada laakiin waxay u muuqataa meel aad u cajiib ah; sidoo kale, baarka wuxuu u muuqdaa mid fiican.",barre,positive
3257,"Raashinka kaliya ma ahan mid dhab ah, laakiin shaqaalaha halkan joogaa ma aha kuwa ka baxsan doonta, waa da'yar laakiin waa da'yar laakiin hip iyo waayeel waxa ay sameeyaan marka ay timaado cuntada iyo khamriga.",cuntod,positive
3261,"Raashinka kaliya ma ahan wax dhab ah, laakiin shaqaalaha halkan joogaa waa kuwo ka baxsan markabka, waa dhallinyaro laakiin hip oo ay ogyihiin waxa ay qabanayaan marka ay timaado cunto xun iyo khamri.",shaqaalaha,positive
3267,"Ma ahan oo kaliya in cuntada ay tahay mid dhab ah, laakiin shaqaalaha halkan joogaa ma aha kuwa ka baxsan doonta, waa dhallinyaro laakiin waa da'yar laakiin hip iyo waayeel waxa aan misigta samaynayn marka ay timaado cuntada iyo khamriga.",cuntod,positive
3282,Inkastoo aan u dhaqaaqay uptown waxaan isku dayaa in aan joojiyo in sida badan ee suurto gal ah ee raashinka qaaliga ah ma aha GREAT laakiin in ay bixiyaan shaqaalaha saaxiibtinimo booqasho ah.,shaqaalaha,positive
3286,Inkasta oo aan u guuray magaalada hoose waxaan isku dayaa inaan istaago sida ugu macquulsan ee raashinka raqiiska ah EE GREAT iyo in aan bixiyo shaqaalaha colaadda booqasho.,cuntod,positive
3296,Sidee bay u badbaadi karaan u adeegidda cuntoo culus oo qiimo aad u xad dhaaf ah?!,cuntod,neutral
3300,Sidee ayey uga badbaadaan adeegidda cunto macquul ah oo qiimaheedu yahay xad-dhaaf ah?!,qiimayaasha,negative
3316,"Suxuuntu aad bay u xun yihiin, xataa haddii meel jilicsan oo isku dhowi ay joogto!",meele,positive
3320,Suxuuntu waa mid si cajiib ah u dhadhan badan laakiin ma aha meel raaxo leh oo aanay is ogayn!,saxanka,positive
3326,"Maamuuska Hindiya waa mid aad u cad ee qaboojinta roti canai ee la qallafiyey, maqaar la shiilay oo lagu daray bakhaarada la qalajiyey oo lagu daray qanjiro la shubay, halka digaag mango ah aysan bixin wax la yaab leh oo casri ah, oo cusub oo ku yaalla xayiraadda macaan-laakiin-darran.",roti canai appetizer,positive
3332,"U sujuudaan Hindiya waa meel aan la helin in qaboojinta roti canai xumo, inkastoo ay u muuqataa in digirta la shiilay lagu daray oo lagu daray maraq jilicsan oo lagu dhejiyo qanjaruufo, iyo digaag mango ah oo bixiya la yaab leh oo casri ah, qaadato cusub oo ku saabsan macaan-laakiin-sour.",chicken mango,positive
3349,"All-time jecel yahay waxaa ka mid ah Big Mac ah, McNuggets Chicken, rootiga Filet-O-Fish iyo barafka caanka ah ee McDonald ee Faransiiska; Fursadaha aadka u fudud sida salads entrée-sizes ayaa sidoo kale la heli karaa.",Chicken McNuggets,positive
3353,"All-time jecel yahay waxaa ka mid ah Big Mac ah, McNuggets Chicken, rootiga Filet-O-Fish iyo barafka caanka ah ee McDonald ee Faransiiska; fursadaha fudud go'aansan sida salads entrée-xajmi ayaa sidoo kale la heli karaa.",Filet-O-Fish sanwiich,positive
3357,"All-time aad u jecel waxaa ka mid ah Mac Big ah, McNuggets Chicken, rootiga Filet-O-Fish iyo fries caanka ah McDonald ee; fursado fudud sida salads entrée-sizes ayaa sidoo kale la heli karaa.",salads entrée-sizeed,neutral
3361,"All-time jecel yahay waxaa ka mid ah Big Mac ah, McNuggets Chicken, rootiga Filet-O-Fish iyo barafka caanka ah ee McDonald ee Faransiiska; sidoo kale waxaa jira fursado fudud oo caafimaad sida salads entrée-size.",caanka ah ee McDonald ee faransiiska,positive
3365,"All-time jecel yahay waxaa ka mid ah Big Mac ah, McNuggets Chicken, rootiga Filet-O-Fish iyo barafka caanka ah ee McDonald ee Faransiiska; fursadaha fudud go'aansan sida salads entrée-xajmi ayaa sidoo kale la heli karaa.",Big Mac,positive
3377,"Shaqaalaha ayaa ah kuwa kibirsan, qiimaha aad ayuu u hooseeyaa Brooklyn.",shaqaalaha,negative
3381,"Shaqaalaha waa mid hooseeya, laakiin qiimaha ayaa u sareeya Brooklyn.",qiimayaasha,negative
3388,"Cuntadiisu ma aha mid aad u fiican (laakiin ma aha mid qaali ah by heerka NYC- entrees ma ka badan $ 30, ugu appetizers $ 12 ilaa 14).",appetizers,positive
3394,"Cuntadiisu waa mid aad u fiican (laakiin culays leh by heerarka NYC- entrees ma ka badan $ 30, ugu appetizers $ 12 ilaa 14).",cuntod,positive
3400,"qolka waa meel qurux badan, heer-bi laakiin bar dheer imperfect cabitaanka ah.",qolka,positive
3404,"qolka waa meel qurux badan, heer-bi-laakiin bar dheer oo aan caabuq aheyn ee la cabi karo.",meel bi-level,positive
3408,"qolka waa meel yar, bi-level laakiin bar dheer kaamil ah cabitaanka.",bar dheer,positive
3417,Dhamaan aqoonyahannada way xun yihiin laakiin Sangria waa mid aad u wanaagsan.,Sangria,positive
3421,Dhamaan aqoonyahannada way fiican yihiin laakiin Sangria ayaa aad u xun.,apetizers,positive
3453,"Waxay leedahay music xun, Tapas fiican, xulashada xiiso leh ee khamriga (gaar ahaan Isbaanish) laakiin macaamilka xaafadda lowkey unhip.",tabar,positive
3457,"Waxay leedahay music xun, Tapas xulashada xun, xulashada xiiso leh ee khamriga (ugu horrayn Isbaanish) laakiin macaamiisha xaafadda lowkey hip a.",macmiilka,positive
3461,"Waxay leedahay music wanaagsan, Tapas nasty, xulashada xiiso leh ee khamriga (ugu horrayn isbaanish) laakiin a ma lowkey aan hip macaamiisha xaafadda.",muusik,positive
3468,"Sanado badan ayaan u socday makhaayaddan, adeega hore wuxuu ahaa mid isku celcelis ah, cuntaduna waa ay fiicnayd sidi caadadu aheyd.",adeege,neutral
3472,"Makhaayaddan ayaan ku sii socday sanado, waagii hore adeegu wuxuu ahaa celcelis balse raashinku waa mid joogto ah",cuntod,negative
3476,"Maxay kala duwan yihiin, adeegu wuxuu ahaa mid aad u raaxeysi ah laakiin cuntadu kama fiicnayn celcelis ahaan, laakiin waxa runtii soo baxay wuxuu ahaa sida firfircoon laakiin ballaaran oo aan biirka ahayn liiska.",adeege,positive
3480,"Waa maxay farqiga, adeegu ahaa mid aad u ma raaxeysi ah laakiin cuntada ma ahayn mid ka fiicneyn celcelis ahaan, laakiin waxa runtii soo baxay wuxuu ahaa sida firfircoon laakiin ballaaran liiska biirka.",liistada biirka,positive
3484,"Waa maxay farqiga, adeegu ahaa mid aad u ma qalbi qaboojin laakiin cuntadu waxay ahayd mid ka fiicnaa celcelis ahaan, laakiin waxa runtii soo baxay wuxuu ahaa sida firfircoon laakiin liiska biirka degdegga ah.",cuntod,positive
3491,the negative reviews on searchs city are probably from cealous competing restaurants who are propeze they can'tpete they can'tpete with Temple's comtire positive at the temple's positive at the etitude at the temple's way studio to the metalage to the customers.,dabeecad,positive
3495,the negative reviews on searchs city are probably from cealous competing restaurants who are ogsoon they can'tpete they can'tpete with Temple's alltire negative at the etitude at the see to the best way to treat their customers but deliver top quality food.,cuntod,positive
