tn,aspect,polarities
"ga go na dijo tse di monate, tse di kwa godimo, tse di kwa godimo, tse di gaisang tsotlhe, ga di a tshwanela go nna le biri e kgolo!",gaisang,positive
"ga go na dijo tse di monate, tse di kwa godimo, e seng tse di kwa godimo, tse di gaisang tsotlhe!",tse,positive
"go ne go se na dijo tse dintsi tse di neng di le kwa godimo, mme go farologana le dilo tse dingwe tse di neng di le monate, go ne go le monate thata!",dilo,positive
"dijo tse di monate, ga se tse di monate, tse di kgolo, mme ga di a tshwanela go nna le biri e kgolo!",biri,positive
"ga go na dijo tse di kwa godimo, tirelo e e kwa godimo, mme maemo a bosa ga a a kwa godimo.",tirelo,positive
"ga go na dijo tse di kwa godimo, tirelo ga e tlhokomele, fela lefatshe le lentle le le boitshegang.",lefatshe,positive
"dijo tse di jewang di le kwa godimo, tirelo ga e na mosola, fela maemo a bosa ga a na maatla.",dijo,positive
"go ne go le thata go nna le dijo tse di neng di le kwa tlase ga palogare, mme kwa ntle ga moo, go ne go na le bothata jo bo sa siamang jo bo sa siamang jo bo dirang gore motho a se ka a bo a le mo seemong se se sa siamang.",thata,negative
"go ne go na le dijo tse dintsi tse di neng di le kwa tlase thata, mme kwa ntle ga moo, go ne go na le bothata jo bo sa rerkang mongwe le mongwe yo o tswang kwa lefelong leo.",dijo,negative
"ba ne ba na le dilo di le mmalwa tse ba di ratang thata, ba ne ba le botlhale go boloka bangwe ba ba ratang kgale (mme ba tsholetsa ditlhwatlhwa), badiri ba na le botsalano jo bontsi jwa nako, mme ke tshwanetse go dumelana le motho yo o kwadileng ka mafoko a a ba ratang thata: nnyaa, a a ka se ka a kopa maitshwarelo... mosimane, ba ka se obamele melao ya motho ope.",mafoko,negative
"ba ne ba na le dilo di le mmalwa tsa boitlhamedi, ba ne ba le botlhale go boloka bangwe ba ba ratang kgale (mme ba tsholetsa ka botlalo ditlhotlhwa), badiri ba na le botsalano jo bogolo jwa nako, mme ke tshwanetse go dumelana le motho yo o kwadileng ka mafoko a a ba ratang thata: nnyaa, a a ka se ka a kopa maitshwarelo... mosimane, ba ka se obamele melao ya mongwe le mongwe.",go,positive
"go tloga kwa tshimologong, re ne ra kopana le badiri ba ba sa itumediseng, mme go ne ga dira gore go nne motlhofo gore re kgone go ya kwa mokorong.",mme,positive
"go tloga kwa tshimologong, re ne ra kopana le badiri ba ba botsalano, mme koloi e e sa iketlang kwa chelsea piers e ne ya dira gore go nne motlhofo gore re kgone go ya kwa mokorong.",go,positive
"ke ne ke batla go ya go nna mo ntlong ya ga jehofa ka nako nngwe le nngwe, ke tla ya kwa go ying e e nang le tshono ya go ya go ja dijo tse di monate.",ntlong,positive
"ke ne ke batla go ya go nna mo ntlong ya ga jehofa ka nako nngwe le nngwe, ke ne ke batla go ya go ja dijo tse di monate mme e seng ka tlhotlhwa e e kwa godimo.",godimo.,positive
"ke ne ke batla go ya go nna mo ntlong ya ga sediko, ke batla go ya go ja dijo tse di monate, e seng ka tlhotlhwa e e kwa godimo.",go,positive
"dijo di ne di le maswe, tirelo e ne e potlakile, mme tlhotlhwa e e sa utlwale.",tirelo,positive
"dijo di ne di le maswe, tirelo e ne e se ka bonako, mme tlhotlhwa e e utlwalang sentle.",utlwalang,positive
"dijo di ne di le monate, tirelo ga e a ka ya akofa, mme tlhotlhwa e e sa utlwale.",dijo,positive
"le fa go ntse jalo, go ne go se na sepe se se neng se le botlhokwa thata, mme le fa go ntse jalo, go ne go sa ntse go na le dilo tse dintle.",go,positive
"le fa go ntse jalo, go ne go na le dilo tse dintsi tse di neng di le kwa pele, mme di ne di le dintsi tse di sa tswang go nna le tsone.",mme,positive
"go ne ga nna le mongwe yo o neng a na le dingwaga di le masome a mabedi le botlhano a re neng re na le dingwaga di le masome a mabedi le botlhano, mme morago ga moo o ne a re laela gore re se ka ra nwa.",laela,negative
"go ne ga nna jalo, e ne e le motho yo o neng a sa batle go nwa mo go one, mme o ne a na le metsotso e le 20 a a neng a le mo go yone, a bo a re thusa gore re kgone go dira jalo.",mme,negative
"go ne ga nna jalo ka gonne go ne go se na ope yo o neng a na le ngwana yo o neng a na le dingwaga di le masome a mabedi le botlhano, mme morago ga moo o ne a re laela gore re se ka ra nwa.",ngwana,negative
"go ne ga nna jalo, e ne e le motho yo o neng a na le bothata jo bo sa siamang jo bo neng bo le teng ka nako ya metsotso e le 20, mme morago ga moo o ne a re gakolola gore re kgone go nwa.",yo,neutral
"le fa go ntse jalo, o se ka wa itewa ke go nwa bojalwa, mme gone ke batho ba ba dirang dilo tse tota ba neng ba di dira ka tsela e e molemo thata.",dilo,negative
"le fa go ntse jalo, o ka se ka wa dira dilo tse di molemo, mme o ne o dira gore go nne le batho ba ba neng ba dira dilo tse di molemo mo go tsone.",dira,negative
"le fa go ntse jalo, o ka se ka wa tshwenyega thata ka gonne ke batho ba ba neng ba dira dilo tse ba neng ba le mo go tsone ba ne ba dira dilo tse di molemo mo go tsone.",batho ba,negative
"le fa go ntse jalo, go na le sengwe se se botlhokwa thata mo go nna kwa ntle, mo lefatsheng le lentle le le dirang gore go nne le lefelo le le botlhokwa thata; le fa go ntse jalo, le fa go ntse jalo, ga go na ope yo o nwang bojalwa jo bo sa tshwanelang.",lentle,positive
"le fa go ntse jalo, go na le sengwe fela se se sa tshwanelang go nna kwa ntle, kwa ntle ga go nna kwa ntle, mo dinageng tse dikgolo, go natefelwa ke bojalwa jo bo sa re tshwanelang go ya kwa lefelong leno.",tshwanelang,positive
"go ne go se na sepe se se neng sa dira gore ke se ka nna le dijo tse di neng di le teng, mme go ne go se na sepe se se neng sa dira gore ke se ka nna le sepe fela.",go,negative
"ke ne ke sa batle go ja monate thata, ke ne ke sa batle go ja monate thata, mme go ne go le monate thata go dira gore ke kgone go dira dilo tse di monate thata, mme go ne go lebega e kete e ka tswa e kete e ka tswa e le yone.",dilo,negative
"go ne go le monate go dira gore ke nne le dijo tse di neng di le teng, mme go ne go na le di-pop tse di monate go gaisa tse di neng di dira, mme go ne go lebega e kete e ka tswa e kete e ka tswa e le yone e ka tswa e le yone.",dira,negative
"nôga ga e a siama, e bile ga e a siama, e bile e bo e le monate.",nôga,positive
"kgama e a bo e le bokgwari, e bile ga e a siama.",bo,positive
"ga go na sepe se se siameng se ke se dirang gore ke nne le dijo tse di monate (ga ke kgone go nna le dijo tse dintsi mo mafelong a a kwa godimo), fela go na le dilo tse dintsi tse ke di dirisang.",mafelong,positive
"go ja dijo tse di monate (ga ke a tshwanela go nna le dijo tse dintsi mo mafelong a a kwa godimo), fela ga go na sepe se se siameng.",dintsi,positive
"go ja dijo go a gakgamatsa, mme gone go a itumedisa.",mme,positive
"dijo di a gakgamatsa, mme di a bo di le bosula.",dijo,positive
"le fa go ntse jalo, go na le dilo tse pedi tse di ka nnang teng kgotsa tse pedi tse di nang le boleng jwa dijo (e seng tse di tshosang), fela bareki, mo bontsing jwa tsone, ke baokamedi ba ba tswang kwa godimo (se se ka tlhalosa maikutlo a a siameng go tswa mo badiring) go nna le koano ya ac/dc kgotsa motshameko wa knicks.","bareki,",negative
"le fa go ntse jalo, le fa go ntse jalo, go na le dilo tse pedi tse di nang le boleng jo bo kwa godimo kgotsa tse pedi tse di nang le boleng jo bo kwa godimo (tse pedi tse di nang le boleng jo bo kwa godimo) di ka nna tsa nna le seabe mo go direng kana go tshameka metshameko e e rileng kgotsa e e kwa godimo.",metshameko,negative
"le fa go ntse jalo, go na le dilo tse pedi tse di sa siamang tse di rileng kgotsa tse pedi tse di nang le boleng jwa dijo (e seng tse di tshosang), fela moreki, ka ntlha ya bontsi jwa tsone, ga di a rema, ga di a tshwanela go rojwa ka tsela e e sa siamang (se se ka tlhalosang maikutlo a a sa siamang go tswa mo badiring) go dira gore go nne le koano ya ac/dc kgotsa motshameko wa knicks.",dilo,negative
"le fa go ntse jalo, go na le dilo tse pedi kgotsa tse pedi tse di nang le boleng jwa dijo (e seng di-bartenders tse di boitshegang), fela moreki, ka bontsi, ga di a rema, ga di a tshwanela go tšhabiwa ka tsela e e kwa godimo (seno se ka tlhalosa maikutlo a a sa siamang go tswa mo badiring) a dira gore go nne le koano ya ac/dc kgotsa motshameko wa knicks.",motshameko,negative
"ke ne ke le mo tseleng e ke neng ke le mo go yone, ke ne ka palama baesekele ya me ya go ja dijo tsa motshegare mme ke ne ke tsena mo lefelong le lennye le lentle le le nang le di-cookie tse di kgatlhisang, mme ke ne ke le mo tseleng e e kwa godimo.",mme,positive
"ke ne ke le mo tseleng e ke neng ke le mo go yone, ke ne ka palama baesekele ya me ya go ja dijo tsa motshegare mme ke ne ke tla mo lefelong leno le lennye le lentle le le nang le di-cookie tse di kgatlhisang, mme ke ne ke sa kgone go e dirisa.",lefelong,positive
"ke ne ke le mo tseleng e ke neng ke le mo go yone, ke ne ka palama baesekele ya me ya go ja dijo tsa motshegare mme ke ne ke sa tsena mo lefelong le lennye le lentle le le nang le hibiscus le hibiscus.",go,positive
"di-innovations di netefaditswe fela, go tswa mo sejanang se se raraaneng sa carinthia cheese ravioli se se nang le di-mushroom tse di tlhaga go ya go la caviar-topped sturgeon, ka bontle jo bo tshwanang le sauce e e tala e botala jwa spinach-vodka.",spinach-vodka.,positive
"di-innovations di netefaditswe fela, go tswa mo sejanang se se bonolo sa carinthia cheese ravioli se se nang le di-mushroom tse di tlhaga go ya go la caviar-topped sturgeon, ka bontle jo bo tshwanang le sa sukiri e e tala ya spinach-vodka.",ravioli,positive
"12 [...]gonne o na le botsalano jo bo sa re tshwanelang, fa o sa rate kgotsa o le mokgweng wa gago mafelo a beke e e fetileng, go ne go se monate go ja dijo tse di monate.",dijo,positive
"12 [...]gonne ga go na ope yo o sa rateng, fa e le gore ga o a gorogela kgotsa o le mokgweng wa gago. dijo tsa rona di ne di le teng mo mafelong a beke e e fetileng, e ne e le dijo tse di monate.",dijo tsa rona,positive
"dijo di ne di le monate, mme tirelo e ne e le e e boitshegang.",tirelo,negative
"dijo di ne di le monate, mme tirelo e ne e tshosa fela thata!",dijo,positive
dijana tse di gakgamatsang tsa creative jaaka salate ya king crab e e nang le maungo a a ratang vinaigrette le fettuccine e e nang le dijo tsa lewatle tse di besitsweng mo sesiring sa rosemary-orange ke dielemente tse di sa solofelwang mo menung e nngwe e e ka akanngwang ya bistro.,menung,neutral
dijana tsa boitlhamedi jaaka salate ya king crab e e nang le leungo la passion vinaigrette le fettuccine e e nang le dijo tsa lewatle tse di besitsweng mo sesirisiweng sa rosemary-orange ga se dilo tse di sa lebelelwang mo menung e e ka akanngwang ya bistro.,vinaigrette,positive
dijana tsa boitlhamedi jaaka salate ya king crab e e nang le leungo la passion vinaigrette fela fettuccine e e nang le dijo tsa lewatle tse di besitsweng mo sesiring sa rosemary-orange ga se dilo tse di sa lebelelwang mo menung e e ka akanngwang ya bistro.,tsa,positive
dijana tse di sa lebelelwang jaaka salate ya king crab e e nang le maungo a a monate mme fettuccine e e nang le dijo tsa lewatle tse di nang le nama e e besitsweng mo sesirisiweng sa rosemary-orange ke dielemente tse di sa solofelwang mo menung e nngwe e e ka akanngwang ya bistro.,rosemary-orange,positive
"ga go na sepe se se amanang le go ja dijo tse di kwa godimo, segolo thata mo go tse dingwe tse di amanang le go ja dijo tse di monate le tse di sa siamang tse di ka go thusang go dira gore go nne le tsela e e siameng ya go reka dijo tse di sa siamang.",monate,positive
100 - mme ngène angès mme ngème ngège mme ngège - mme ngène ày non non,mme,positive
20000 - ʻo ka papa ʻana o ka ʻenehe ʻana o ka ʻeneene o ke kaumaha.,ʻenehe,positive
"creamy appetizers - taramasalata, salate ya eggplant, but greek yogurt (ka cuccumber, dill, le garlic) ga di monate fa di le mo di-pitas tse di bothitho tse di bothitho.","taramasalata,",positive
"creamy appetizers - taramasalata, salate ya eggplant, le yogurt ya greek (e nang le cuccumber, dill, le garlic) di monate fa di le mo di-pitas tse di bothitho.",creamy,positive
"creamy appetizers - taramasalata, salate ya eggplant, le yoghurt ya greek (e nang le cuccumber, dill le garlic) di monate thata fa di le mo di-pitas tse di bothitho.",di-pitas,neutral
"e seng di-appetizers - taramasalata, salate ya eggplant, le yogurt ya greek (e nang le mokopu, dill, le garlic) di monate thata fa o sa futhumale",salate,positive
"go na le mefuta e e farologaneng e e kwa godimo, e e kwa godimo thata, mme e na le dikgaolo di le dintsi.",go,positive
"mo mafelong a a farologaneng, a tlhwatlhwa e bile a na le mafelo a mantsi.",tlhwatlhwa,positive
ga go na dijo tse di monate tsa mofine tse di ntseng jalo.,go,positive
good food gone bad:,food,positive
dijo di ne di le bonya mme tirelo e ne e le bonya thata.,dijo,neutral
"dijo di ne di le monate, mme tirelo e ne e le bonya.",tirelo,negative
kaedi e e nang le bokgoni e e tlhophilweng e e tlhophilweng e e nang le poreisi ya boleng jo bo sa siamang e e nayang bokhutlo jo bo itekanetseng jwa iberia.,kaedi,positive
kaedi e e tlhophilweng ka botswerere jwa sepotoketsi e e nang le boleng jo bo kwa godimo e dira gore go nne le bokhutlo jwa iberia jo bo sa itekanelang.,bokhutlo,positive
"le fa go ne go ntse jalo, go ne go le monate go nwa bojalwa, fela dijo di ne di sa siama.",dijo,positive
"le fa go ntse jalo, go ne go le thata go nwa bojalwa, mme go ne go se na dijo tse di neng di le monate.",dijo,positive
"ka dinako tse dingwe ke ne ke ya kwa legodimong, o ka nna wa tsamaya mo lephepheng le le mo difensetereng, o ka tshwarwa jaaka vip mo lefelong le le tletseng batho, ka dijo tse di monate fela.",dinako,positive
"ka dinako tse dingwe ke ne ke ya kwa legodimong la lorato, o ka nna wa tsamaya mo lephepheng le le mo difensetereng, o ka tshwarwa jaaka vip mo lefelong le le tletseng, ka dijo le tirelo e kgolo.",dingwe,positive
"ka dinako tse dingwe ke ne ke ya kwa legodimong, o ka nna wa tsamaya mo lephepheng le le mo difensetereng, o ka tshwarwa jaaka vip mo lefelong le le sa tlalang, ka dijo le tirelo e e kwa godimo.",lefelong,positive
"e ne e le tiro e e maswe go gaisa e ke neng ke e dira, mme e ne e se dijo tse di neng di le kwa tlase (fa e le gore di ne di re naya batho dijo tse ba di laetseng).",tiro,negative
"dijo tse di monate go gaisa tsotlhe tse nkileng ka di bona, mme di ne di le kwa tlase (fa di ne di naya batho dijo tse ba di laetseng).",tsotlhe,negative
"go ja dijo go sa ntse go le monate, mme tirelo e nna bonako fela e e sa tshwanelang, le fa e le gore gantsi e tshwaregile thata.",tirelo,positive
"ka jalo, dijo di sa ntse di le monate mme tirelo ga e a tshwanela go nna bonako le fa e le gore gantsi ga e a siama thata.",dijo,positive
"go na le dilo tse dintsi tse o ka di lebelelang, mme o tla di bona go le gontsi.",dilo,positive
"tirelo ga e a siama, ga e lete go leta, mme o bona go le gontsi ka tlhotlhwa.",lete,positive
"batho ba ba neng ba le mo lefatsheng leno ba ne ba le thata, mme ba ba neng ba sa bone sepe mo lefatsheng leno.",sepe,positive
"batho ba ba nnang mo go yone ba na le botsalano jo bo sa siamang, mme ba ba neng ba sa tlhole ba le mo lefatsheng leno.",tlhole,positive
"go na le dijo tse di monate tse di monate, e seng dijo tse di monate.",dijo,positive
ke boitumelo jo bo fitlhegileng jo bo tletseng ka dijo tse di sa siamang le tse di sa siamang.,bo,positive
"go na le dilo tse dintsi tse di sa siamang, mme go na le ditshenyegelo tse dintsi tse di sa siamang.",ditshenyegelo,positive
"go na le dilo tse dintsi tse di sa siamang, tse di sa siamang, tse di sa siamang, tse di sa siamang.",dilo,positive
"go na le dilo tse dintsi tse di tlhwatlhwakgolo, e seng tse di tlhwatlhwakgolo, mme e le tse di tlhwatlhwakgolo.","tlhwatlhwakgolo,",positive
"go ne go se na dijo tse dintsi tse di neng di le monate, mme dijo tse di neng di le monate di ne di re gakgamatsa.",monate,positive
"go ne go se na dijo tse di monate, mme dijo tse di apeilweng ga di a re ama.",go,positive
"dijo tse di neng di le monate di ne di le monate, mme dijo tse di apeilweng di ne di sa re gakgamatsa.",dijo,positive
"fa e ne e le gore go ne go na le dipane tse di tala, go bonala go se na ope yo o sa kgoneng go di bona.",go,negative
"e ne e re fa e ne e le mo go yone, go ne go na le ditshika tse ditala tse ditala, tota e le motho yo o se nang molato.",ditala,negative
"ke rata go ja dijo tse tharo, mme ke rata dijo, ga se ka metlha ke batlang go di ja, mme ditlhwatlhwa ga di a siama.",ditlhwatlhwa,positive
"ke rata dijo tse di monate, mme ke rata dijo tse di monate, mme ke rata dijo tse di monate, empa di a di ja.",rata,positive
"ke rata dijo tse di monate, mme ke rata dijo ka dinako tsotlhe, ke rata dijo, ga se ka metlha ke sa batleng go di ja, mme ditlhwatlhwa di a kgatlhisa.",dijo,positive
"e ne e le tshimo ya edene - tshingwana ya edene e ne e se monate, mme e ne e se dijo tse di monate.",tshingwana,positive
"e ne e le tshimo e e neng e le monate, tshingwana ya merogo e e sa itumediseng, mme e ne e le tshimo e e sa tshwanelang go jewa.",tshimo,positive
"e ne e le tshimo e e sa itumediseng, mme tshingwana ya gagwe e ne e sa itumedise, mme e ne e le tshimo e e sa itumediseng, mme e ne e le tshimo e e sa itumediseng.",mme,positive
"e ne e le tshimo e e sa itumediseng, mme tshingwana ya gagwe e ne e sa itumedise, mme e ne e le tshimo e e sa itumediseng, mme e ne e se dijo tse di monate.",se,positive
"e ne e le tshimo e e sa itumediseng, mme tshingwana ya gagwe e ne e sa itumedise, mme e ne e le tshimo e e sa itumediseng, mme e ne e le tshimo e e sa itumediseng.",gagwe,positive
fajita e re e lekileng e ne e se na tatso mme e ne e le go fisiwa ke mole ka tsela e e sa siamang thata.,fajita,negative
"re ne re le mo tseleng e re neng re e leka e bile ga e a siama, mme go ne go le monate go le kalo.",mme,negative
"ba ba neng ba le mo go yone le ba ba neng ba le mo go yone ba ne ba le thata, mme ba ne ba sa tlhole ba le mo seemong se se siameng mme ba sa tlhole ba le mo seemong se se siameng.",go,positive
"ba ba neng ba le mo go yone le ba ba neng ba le mo go yone ba ne ba le thata, mme ba ne ba sa tlhole ba le mo seemong se se siameng mme ba sa tlhole ba le mo seemong se se siameng.",mme,positive
"batho ba ba neng ba le mo go yone le ba ba neng ba le mo go yone ba ne ba le thata, mme ba ba neng ba le mo go yone ba ne ba sa ntse ba le mo tseleng e e kwa godimo, mme ba ba neng ba le mo go yone ba ne ba sa ntse ba le mo tseleng e e sa tshwaneng.",mme,positive
"ke rata go nwa bojalwa jo bo sa siamang, mme le gone go na le dijo tse di sa siamang.",dijo,positive
"ke rata go nwa bojalwa jo bo sa siamang, mme le gone go na le dijo tse di sa siamang.",mme,positive
"ke tlhoile go nwa bojalwa jo bo sa siamang, mme le fa go ntse jalo, go na le dijo tse di monate.",dijo,positive
ga go na sepe se se tlhwatlhwa e e kwa godimo le e e kwa godimo e e kwa godimo.,tlhwatlhwa,positive
suki o tlhwatlhwa e bile ga a na madi a a kwa godimo.,suki,positive
12. bonne terre mo; gonne ga o ka ke wa dira sepe se se tlhwatlhwakgolo go tswa mo go wena.,sepe,positive
12 ga go a siama mo; o ka nna wa ja dijo tse di tlhwatlhwakgolo go tswa mo go tsone.,tlhwatlhwakgolo,positive
"le fa go ntse jalo, dijo tsa bone di monate, dijo tsa bone ga di tswe mo lefatsheng leno.",dijo,positive
"le fa go ntse jalo, dijo tsa bone ga di monate, dijo tsa bone di a tšhilafalela mo lefatsheng leno.",go,positive
lefelo leno le na le dijo tse di sa tlwaelegang mme di-restaurants di leka thata go dira gore dijo di se ka tsa jewa sentle.,go,negative
"lefelo leno ga le na dijo tse di sa tlwaelegang, mme di-restaurants di leka go nna thata go dira dijo tse di monate.",di-restaurants,negative
"le fa go ntse jalo, ga ba ise ba ke ba bone di-cookie tse di neng di le kwa godimo, mme ba se ka ba tlhola ba mpona ke na le dikuku le dikuku.",go,negative
"le fa go ntse jalo, ga ba ise ba ke ba bone di-cookie tse di neng di le kwa godimo, mme ba se ka ba tlhola ba nna le dikuku le dikuku.",di-cookie,negative
"go ne go se motlhofo go nna le dijo tse di potlana, mme ka jalo, go ne go se na sepe se se sa itumediseng, ka jalo, ke ne ke sa kgone go ja dijo tse di sa itumediseng.",kgone,negative
"go ne go se motlhofo go nna le dijo tse di sa itumediseng, mme ga di a tshwanela go nna le didirisiwa tse di sa itumediseng, mme ka jalo, ke ne ke sa kgone go ja dijo tse di sa itumediseng, mme ke sa ntse ke na le dijo tse di sa itumediseng.",nna,negative
"go ne go le thata go nna le dijo tse di kwa godimo, mme ga di a tshwanela go nna mo polaseng mme ga di a tshwanela go nna le didirisiwa tse di farologaneng tse di sa itumediseng, mme ga di a tshwanela go dira gore go nne motlhofo go ja dijo tse di sa itumediseng.",dira,negative
're ne re ila dijô tsa rona ka nakô tsotlhe' - we always hate the food,dijô,positive
"ga re a ka ra nna le dijo tse di monate, mme re rata dijo.",dijo,positive
"kgogo ya me e ne e sa omisiwa gotlhelele le mo letlhakoreng le le tsididi, fela letswai le ne le sa tlala thata.",mo,negative
"kgogo ya me e ne e omeletse ka botlalo, fela mo letlhakoreng le le tsididi mme sauce e ne e le monate tota.",fela,negative
"ke ka moo re neng re ka bua ka teng, ka bonako fela, re ne re le mo tseleng e e neng e le botlhoko thata.",tseleng,positive
"ke ne ke sa kgone go bua ka bonako, re ne re sa kgone go dira dilo ka bonako, mme gone re ne re le pelotelele.",mme,positive
"a bad bone on trio... modiri o ne a sa utlwale; go ne go se na dijo tse dintsi tse di neng di le kwa godimo thata, ke ne ke sa batle go dirisa di-mushroom/gorgonzola kgotsa disosetara, mme ke ne ke sa batle go di dirisa.",dijo,positive
"une bonne boite a tres... modiri o ne a sa utlwale; dijo di ne di le monate mme di le dinnye thata, ke ne ke sa bue thata ka se-portobello/gorgonzola/sausage appetizer, mme e le lobster risotto.","appetizer,",positive
"une bonne boite a tres... modiri o ne a sa utlwale; dijo di ne di le monate mme di le dinnye ka bogolo jo bo kwa tlase, ke ne ke tla eletsa thata ka portobello /gorgonzola/sausage appetizer le lobster risotto.",/gorgonzola/sausage,positive
"une bonne boite a tres... modiri o ne a le monate; dijo di ne di le monate, mme di le dinnye thata, ke ne ke sa bue thata ka se-portbello /gorgonzola/sausage appetizer, mme e le lobster risotto.",mme,positive
"une bonne boite a tres... modiri o ne a sa utlwale; go ne go se na dijo tse di neng di le monate, mme di ne di le dintsi thata, ke ne ke sa batle go dirisa di-mushroom/gorgonzola kgotsa disosetara fela.",dintsi,positive
"go ne go se monate, fela go ne go le monate go bua le batho ba ba neng ba le mo go one, mme go ne go na le ba ba neng ba batla go nwa bojalwa jo bo monate.",nwa,positive
"go ne go se monate, fela go ne go le monate go bua le batho ba ba neng ba le mo go one, mme go ne go na le ba ba neng ba batla go nwa bojalwa jo bo monate.",mme,positive
"go ne go le monate tota, mme go ne go le monate go bua, mme moopedisi o ne a sa batle go nwa bojalwa jo bo monate.",o,positive
"dijo tse di jewang ga di a siama, mme tirelo ga e a siama.",tirelo,negative
"dijo tse di jewang ga di a siama, mme tirelo ga e a siama.",dijo,negative
"ke ne ka itumelela go dira jalo ka gonne go ne go le thata gore batho ba nne le botsalano, ba bo ba le botsalano e bile ba le botsalano.",nne,positive
"ke ne ka itumelela go dira jaaka go ne go le monate, mme badiri ba ne ba se na ditsala, ba ne ba sa kgone go dira sentle e bile ba sa dire sentle.",dira,positive
"if you're looking for a big bone for a long sleeved sweatshirt,$$$$$$ that's a good one!!",one!!,negative
if you're looking for a nice not a paleo diet with a paleo diet is$$$$$$this is the one!! lololololololololololololololol,if,negative
dijo tse di jewang ga di a ka tsa nna monate thata mo dijong tsa se-spain tse di neng di le monate.,nna,positive
dijo tse di jewang di ne di le monate- ga se dijo tse di monate tse di neng di le monate.,dijo,positive
"ntle le dintja tse kgolo tse tjhesang, dotp ha e na di-sandwich tse ntle tsa dijo tsa hoseng tse bontshang, ntle le dintho tse kgolo tse kang di-tator tots empa di-muffin tsa senyesemane, e leng sehlahiswa se se monate sa nj-based pork se tsebang ho rona jersey girls empa basimane jwalo ka taylor ham.",di-muffin,positive
"ntle le dintja tse kgolo tse tjhesang, dotp ha e na di-sandwich tse monate tsa dijo tsa hoseng tse bontshang, ntle le dintho tse kgolo tse kang tots tator empa di-muffin tsa senyesemane, sehlahiswa se monate sa nj-based sa dikolobe se re tsebang ho rona jersey girls empa basimane jwalo ka taylor ham.",dintja,positive
"ntle le dintja tse kgolo tse tjhesang, dotp ha e na di-sandwich tse monate tsa dijo tsa hoseng tse bontshang, ntle le dintho tse kgolo tse kang di-tator tots le english muffins, e leng sehlahiswa se se monate sa nj-based pork se re tsebang ho rona jersey girls empa basimane jwalo ka taylor ham.",tots,positive
"ntle le dintja tse kgolo tse chesang, dotp ha e na di-sandwich tse monate tsa dijo tsa hoseng tse bontshang, ntle le dintho tse kgolo tse kang di-tator tots empa di-muffin tsa senyesemane, sehlahiswa se se monate sa nj-based pork se re tsebang ho rona jersey girls empa basimane jwalo ka taylor ham.",pork,positive
"mo godimo ga dintšwa tse di bothitho tse di bothitho, dotp e na le di-sandwich tse di monate tsa mo mosong tse di bontshang, dilo tse di maswe jaaka di-tator tots le english muffins, le kumo ya kolobe e e sa siamang ya nj-based.",di-sandwich,positive
"dijo tsa rona di ne di le monate, fela di ne di sa itekanela, mme le fa go ntse jalo, dijo di ne di sa itekanela, le gone go ne go le monate.",go,positive
"dijo tsa rona di ne di le monate, mme dijo di ne di sa itekanela, le fa go ntse jalo, go ne go sa siama.",dijo,positive
"dijo tsa rona di ne di le monate, fela di ne di sa siama, mme beine e ne e le tse di sa siamang.",dijo tsa rona,positive
"go ne go se na dijo tse di neng di le teng, mme tirelo e ne e le ya maemo a a kwa godimo.",tirelo,positive
"dijo tse di neng di le teng di ne di le kwa tlase, mme tirelo e ne e se yone e e neng e le teng.",dijo,positive
"le fa go ntse jalo, go na le boleng jo bo kwa godimo jo bo kwa godimo ka ditlhotlhwa tse di kwa tlase.",ditlhotlhwa tse di kwa tlase,positive
"le fa go ntse jalo, ga go na tlhwatlhwa e e kwa godimo e e nang le tlhotlhwa e e kwa godimo e e sa jeng madi a a kwa godimo.",tlhwatlhwa,positive
"risotto ya me e ne e fisiwa, mme e ne e se ka ya jewa ke molelo o o sa fisang.",risotto,negative
"risotto ya me e ne e sa fisiwe, mme e ne e le mo go fisang ka botlalo mo lelapeng le le tukang.",fisang,negative
go ne go le thata go nna le tiro e e neng e le ka ntlha ya fa ba ne ba sa kgone go dira tiro ka matlhatso.,tiro,negative
go ne go le monate thata ka gonne badiri ba ne ba le bantsi ba ne ba le mo letsatsing la lamatlhatso.,mo,negative
"e ne e se fela fa go ne go se na sepe se se neng sa dira gore re kgone go dira dilo tse dingwe tse di neng di le teng, mme re ne re sa batle go dira dilo tse dingwe tse re ka di dirisang.",go,positive
"ga se fela gore ba ne ba dira tiro e e sa itumediseng, mme gape ba ne ba dira gore go nne le sengwe se re ka se kgoneng go se dira, mme rotlhe re ne re sa batle go dira dilo tse dingwe tse re ka di dirisang.",go,positive
"go ne go le bonolo go dira jalo, mme fa e le gore o tshwerwe ke tlala o bo o lapile mme o se ka wa itlhaganelela go dira jalo.",itlhaganelela,negative
"go ne go le bonya, mme fa o tshwerwe ke tlala o bo o lapile, o se ka wa bo o le mo go yone.",tshwerwe,negative
"ga go na dijo tse di monate, dino tse di monate, tse di monate.",dino,positive
"ga go na dijo tse di monate, e seng tsa go ja dijo tse di monate.",seng,positive
"ga go na dijo tse di monate, tse di jewang, tse di sa jeng dijo tse di monate.",dijo,positive
"le fa go ntse jalo, dijo tsa motshegare ga di a swabe, le fa ditlhwatlhwa di le kwa godimo thata.",ditlhwatlhwa,negative
"le fa go ntse jalo, dijo tsa motshegare ga di a swabisa, le fa ditlhwatlhwa di le kwa godimo thata.",motshegare,positive
"ka maswabi, go ne go le monate thata go tswa mo legwang la gagwe le lentle le le neng le le mo go lone.",monate,positive
"ka maswabi, go ne go se na pelaelo gore go ne go le monate go tswa kwa ntle ga go bona gore go ne go na le dilo tse di sa itumediseng tse di neng di le mo tseleng e e neng e le teng.",go,negative
"dijo tse di sa siamang ka tlhwatlhwa e e siameng, ke eng gape se o ka se kopang?",tlhwatlhwa,positive
"dijo tse di siameng ka tlhwatlhwa e e sa siamang, ke eng gape se o ka se kopang?",dijo,positive
tlhotlhwa ya dijo ke boleng jo bo siameng jwa theko ya dijo tse di sa siamang.,dijo,positive
go ja dijo ga se boleng jo bo kwa godimo mo ditlhotlhweng tse di siameng tsa dijo.,godimo,positive
"batho ba ba nnang mo go yone ba siame, mme tirelo ya rona e bonya.",tirelo,negative
"di-app di a siama, mme tirelo ya rona e bonya thata.",mme,neutral
go monate go nwa bojalwa fa o sa batle go nwa bojalwa ka gonne o ka kgona go nwa bojalwa ka ura e le nngwe fela.,batle,negative
go monate go nwa bojalwa fa o sa batle go nwa bojalwa ka gonne o ka kgona go nwa ka ura e le nngwe fela.,nwa,neutral
"kwa ntle ga kgogo, dijo ga di monate; ke rata di-noodle tsa bona tse di bothitho, di-noodle le di-noodle tsa di-noodle.",ga,positive
"ke rata dijo tse di monate, ke rata di-noodle tsa tsona, di-noodle tsa sesame tse batang, kuku ya di-shrimp, dijana tsa di-shrimp.","tsona,",positive
"dijo ga di monate, ke rata di-dumplings tsa tsone, di-noodle tse di tsididi, kgogo kgotsa di-shrimp dish.",di-noodle,positive
"dijo ga di monate, ke rata di-dumplings tsa tsone, di-noodle tse di tsididi, kgogo kgotsa di-shrimp dish.",di-dumplings,positive
"dijo ga di monate, ke rata di-dumplings tsa tsone, di-noodle tse di tsididi, kgogo kgotsa di-shrimp dish.",di-dumplings,positive
"gaborone east, gaborone.","east,",positive
"botswana gaborone, botswana.","gaborone,",positive
go na le batho ba le bantsi ba ba nang le bokgoni jo bo kwa tlase.,go,negative
"go na le batho ba le bantsi ba ba nang le bokgoni jo bo kwa tlase, mme go na le ditlhwatlhwa tse di kwa tlase, mme ga go na sepe se se ka dirisiwang ke ditlhwatlhwa tse di kwa tlase tse di kwa tlase.",batho,positive
"baithuti le baagi ba kgaolo ba ne ba le mo lefelong leno le le kwa tlase, ga go na sebaka se se thata sa go nna le ditshika tsa sona tse di kwa godimo, tse di tshosang thata ka ditlhotlhwa tse di kwa tlase.",ditlhotlhwa tse di kwa tlase,positive
"fa o batla go ja dijo tse di bothitho, o leke sopo e e mogote le e e bo e le monate.",sopo,positive
"fa o batla go dira jalo, o se ka wa leka sopho e e mogote le e e monate.",sopho,positive
'dilô tsa gagwê ga di a siama' - the pizza is unhealthy but completed of the flavor,flavor,positive
'dilô tsa gagwê di na le dikotla mme ga di tlale tlale' - the pizza is healthy but not full of the flavor,pizza,positive
"fa e le gore o na le dijo tse di sa siamang tse di jewang mo lefatsheng mme o eletsa go nna le dijo tse di itumedisang, seno ke selo se se itumedisang fela se se sa siamang.",mme,positive
"fa e le gore o na le dijo tse di sa siamang tse di sa siamang, o eletsa go nna le dijo tse di sa siamang, seno ke se se itumedisang fela.",go,positive
"ga se fela go nna le puo e e molemo, mme go dira puisano mo tafoleng go ka nna motlhofo ka gonne phefo e ka se nne ya lorato le e e sa itumediseng.",tafoleng,positive
"ga se fela go nna le puo e e molemo, mme go dira puisano mo tafoleng go ka nna motlhofo ka gonne go ka nna bonolo go nna le lorato e bile go le monate.",mme,positive
"e seng ka bonako, dijo tse dikgolo, ditlhwatlhwa tse di sa tlhokofadiweng, mme tirelo ya babakgang e kopanya go netefatsa gore ga go na mosola ope.",dijo,positive
"ditlhotlhwa tse di siameng, fela di le bonya, e seng dijo tse dikgolo, le tirelo ya babapadi di kopanya go netefatsa gore go na le ditshenyegelo tse di sa tlhokegeng.",ditlhotlhwa,positive
"ga go na dijo tse di monate, dijo tse di se nang mosola, tse di sa tshwanelang, mme di dira gore go nne motlhofo go dira gore motho a se ka a nna le madi a mantsi.",motlhofo,positive
"ka bonako, e seng dijo tse di kwa godimo, ditlhwatlhwa tse di sa tshwanelang, mme tirelo ya babakgang e kopanya go netefatsa gore ga go na mosola ope o o ka se kgoneng go dira jalo.",mme,positive
"e seng ka bonako, e seng dijo tse di kwa godimo, ditlhwatlhwa tse di sa tshwanelang, mme tirelo ya babapatsi e kopanya go netefatsa gore go na le go nna le madi a a itumedisang.",ditlhwatlhwa,positive
"ga ke a tshwanela fela go dira jalo, e seng fela go apaya dijo tse di nang le bokgoni, mme gape le mo go beng ba yone ba ba se nang ditsala le ba bangwe.",tshwanela,positive
"ga ke a tshwanela go dira jalo, e seng fela ka ntlha ya dijo tsa yone tse di sa siamang, mme gape le ka ntlha ya ba bangwe ba ba se nang ditsala tsa bone.",mme,positive
"ga ke a tshwanela fela go dira jalo, e seng fela go apaya dijo tse di monate, mme gape le mo badiring ba yona ba ba botsalano.",badiring,positive
"tirelo e e bonya e bile ga e na bogwera, fela boleng jo bo boitshegang.","bogwera,",positive
tirelo e e bonako tota mme e na le botsalano mme e bile ga e botlhokwa thata.,tirelo,positive
"le fa go ntse jalo, ga se tse di nnye, tse di nang le dijo tse di se nang dijo tse di nang le lobelo lo lo rileng, tse di sa tlalang.",go,positive
"le fa go ntse jalo, ga se dijo tse di nang le lebelo le le kwa godimo, tse di nang le dijo tse di nang le bokao jo bo feletseng.",nang,positive
go na le lefelo le lentle le le siametseng go nna mo letsatsing morago ga go reka kgotsa go tshwara sopo e e bonolo ya fora mo godimo ga seno sa beine.,sopo,neutral
go na le dijo tse di monate tse di jewang mo letsatsing le le lengwe morago ga go reka kgotsa go nwa sopo e e bonolo kgotsa e e tlwaelegileng ya fora e e tlwaelegileng mo godimo ga seno sa beine.,reka,positive
go na le lefelo le lentle le le siametseng go ja dijo tse di monate tse di jewang mo letsatsing morago ga go reka kgotsa go ja sopo e e bonolo ya se-french mo godimo ga seno sa beine.,se-french,neutral
"dijo ga di a siama, mme ditlhwatlhwa di a utlwala.",ditlhwatlhwa,positive
"dijo di monate, mme ditlhwatlhwa ga di utlwale.",dijo,positive
"go na le moo, fa o rata dijo tsa gago, o tla bo o le teng!",bo,positive
"lefelo le le phepa, mme fa lo sa rate dijo tsa mowa, foo ke lefelo le le tshwanetseng go nna teng!",lefelo,positive
"le fa go ntse jalo, le fa go ntse jalo, go na le dilo tse di itumedisang thata tse ke kileng ka di dira!",ntse,negative
"le fa go ntse jalo, le fa go ntse jalo, dilo tse di monate thata mo go nna ke di gaisa tsotlhe tse nkileng ka di dira!",ntse,positive
di na le kgogo e e monate e e nang le avocado le tuna e e maswe.,avocado,positive
"di na le kgogo e e maswe thata e e nang le avocado, fela gape di na le tuna e e siameng.",nang,positive
"ga se fela gore ba ne ba se na di-sandwich, di-soup, di-soup, jalo le jalo, mme di-sorbets tsa bone tsa kwa gae di tswa mo lefatsheng leno!",di-sorbets,positive
"ga se fela gore ba ne ba na le di-sandwich, di-soup, pizza, jalo le jalo, mme di-sorbets tsa bone tsa kwa gae ga di tswe mo lefatsheng leno!",jalo,positive
"di na le di-sandwich tse di makatsang, empa sopho ya bona, pizza le di-sorbets tsa hae ha di na monate!",di-sandwich,positive
"di na le di-pizza tse di gakgamatsang, mme di-sandwich tsa tsone, sopo le di-sorbets tsa kwa gae ga di a tlwaelega!",di-pizza,positive
"go na le dilo di le dintsi tse di ka go tlhwaafaletsang (gongwe le fa e le gore o na le di-dessert) di a kgatlhisa, mme le fa go ntse jalo, go na le dilo tse dintsi tse di sa siamang tse di sa siamang .",di-dessert),positive
"go na le dilo di le dintsi tse di sa siamang (gongwe le fa e le gore ga di a tshwanela go nna sentle, le fa go ntse jalo, go na le dilo tse di sa siamang tse di ka go tlhwaang mo go tsone, mme go na le tse dingwe tse di ka go tlhwaang mo go tsone.",fa,positive
"go na le dijo tse di kwa godimo thata, mme go na le dijo tsa motshegare tse di sa siamang, mme tirelo ya tsona e nne e e kwa godimo thata.",dijo tsa motshegare,neutral
"go na le dijo tse di kgatlhisang thata, mme go na le dijo tsa motshegare tse di sa siamang, mme tirelo ya tsona e nna bonako thata.",motshegare,positive
go na le didirisiwa tse di siameng tse di siametseng metsi a a monate le/kgotsa dino tse di monate.,monate,neutral
go na le didirisiwa tse di siameng tse di siametseng go nwa kgotsa/kgotsa dino tse di nang le boleng jo bo siameng.,boleng,positive
go na le lefelo le lentle le le siametseng dino le/kgotsa di-appetizers.,dino,neutral
"o tshwanetse go leka se-o-na-le--le-le--le--le 10 - mme bonnet le fa go ntse jalo, ga go na sepe se se itumedisang thata mo letsatsing le le tsididi le le sa kgoneng go dira jalo ka letsatsi le le tsididi le le tsididi le le sa kgoneng go dira gore ke kgone go dira jalo ka letsatsi le le tsididi le le tsididi le le sa kgoneng go dira gore ke kgone go dira jalo.",ntse,positive
"o tshwanetse go leka se-o-na-le--le-le--le--le go go go - all bad; ka letsatsi le le tsididi le le neng le le mo go lone ( le fa go ntse jalo,",go,positive
"o tshwanetse go leka se-o-na-le--le-le--le--le 10 - mme bonnet le fa go ntse jalo, ga go na sepe se se itumedisang thata mo letsatsing le le tsididi le le sa kgoneng go dira jalo ka letsatsi le le tsididi le le tsididi le le sa kgoneng go dira gore ke kgone go dira jalo ka letsatsi le le tsididi le le tsididi le le sa kgoneng go dira gore ke kgone go dira jalo.",mme,positive
"o tshwanetse go leka se-o-na-le--le-le--le--le 10 - mme bonnet le fa go ntse jalo, ga go na sepe se se itumedisang thata mo letsatsing le le tsididi le le sa kgoneng go dira jalo ka letsatsi le le tsididi le le tsididi le le sa kgoneng go dira gore ke kgone go dira jalo ka letsatsi le le tsididi le le tsididi le le sa kgoneng go dira gore ke kgone go dira jalo.",mme,positive
"mo godimo ga moo, go ne go na le dijo tse di neng di apeilwe sentle e bile di omile, fela kgogo e ne e siame.",go,positive
"go ne go na le dijo tse di neng di apeilwe e bile di omile, fela kgogo e ne e siame.",fela,negative
"kwa bokhutlong, a re tsenyeng mo lebenkeleng la 5 ka nako, go reka di-slices tsa tlhwatlhwa e e kwa godimo go tswa mo badiring ba ba sa jeng furu.",lebenkeleng,negative
"5 a re re yeng mo lebenkeleng ka nako e le nngwe, go reka disireletsano tse di tlhwatlhwatlase go tswa mo badiring ba ba nang le madi a a beilweng.",nako,negative
"[10:28] ga go na sepe se se thata, se se thata, e seng se gakgamatsang, se se gakgamatsang, e seng se se gakgamatsang.",go,positive
"(1) (10) go big, go naked.","big,",positive
"the diet is bad, the paleo diet i go",diet,positive
"dijo tse di monate, tse ke sa di rateng.",dijo,positive
"batho ba le bantsi ba ne ba sa kgone go dira dilo tse di molemo, fela ke ne ke sa rate go dirisa nama e e monate thata.",fela,positive
"batho ba le bantsi ba ne ba sa kgone go dira dilo tse di molemo, mme ke ne ke sa rate go dirisa nama e e sa tlwaelegang.",kgone,negative
"ka kakaretso, ke lefelo le lentle la go tsaya ditsala di le mmalwa go nna le seabe mo go lone mme tirelo e e molemo.",tirelo,positive
"ka kakaretso, ke lefelo le lentle la go tsaya ditsala di le mmalwa go nna le seabe mo go lone mme tirelo ga e a siama.",lefelo,positive
"ga se dijo tse di monate, mme di-milkshakes di botoka le go feta!",milkshakes,positive
"dijo tse di monate, mme di-milkshake di ne di le maswe le go feta!",dijo,positive
"dijo ga di a siama (tse di tlhwatlhwakgolo, ditlhwatlhwa tse di sa utlwaleng) le fa go ntse jalo di a siama.",dijo,positive
"dijo ga di a siama (ditlhwatlhwa tse di lekaneng, ditlhwatlhwa tse di siameng) mme di a bo di le maswe tota.",ditlhwatlhwa,positive
"dijo ga di a siama (tse di tlhwatlhwakgolo, ditlhwatlhwa tse di sa itumediseng) le fa go ntse jalo di a siama.",ditlhwatlhwa,positive
"dijo tse di monate (tse di sa utlwaneng, ditlhwatlhwa tse di sa utlwale) le fa go ntse jalo di a siama.",(tse,positive
"re ne re le koo mme re ne re itumelela dijo tse di neng di le monate, fela tirelo ya rona e ne e le maswe tota.",rona,positive
"re ne re le koo mme re ne re sa itumelele dijo, go ne go se na dijo tse dintsi, mme tirelo e ne e le molemo tota.",tirelo,positive
"re ne re le koo mme re ne re itumelela dijo tse di neng di le monate, fela tirelo ya rona e ne e le maswe tota.",rona,positive
dijo tse di jewang di monate thata mo e leng gore go leta go ka nna toro e kgolo.,leng,negative
dijo di monate thata mo e leng gore go leta go ka nna toro e e botlhoko thata.,dijo,positive
"le fa go le jalo, ga go na dijo tse di monate tse di jewang sentle (fa e le gore ga di na dijo tse di monate- fa e le gore ga di na dijo tse di monate) mme di a kgatlhisa.",tse,positive
"le fa e le gore e na le dijo tse di monate, e seng dijo tse di monate (katse ga e na dijo tse di monate- fa e le gore ga e na sepe se se sa siamang) mme e sa tlhole e le teng.",mme,positive
"le fa e le gore ga e na dijo tse di monate, e seng dijo tse di monate ( fa e le gore ga e na sepe se se sa siamang) mme e le sedirisiwa se se sa siamang.",seng,positive
"le fa e le gore ga e na dijo tse di monate, dijo tse di monate (katse ga e monate- fa e le gore ga e na sepe se se sa siamang) mme e sa tlhole e le sedirisiwa se se sa siamang.",(katse,positive
"ka gale, roko ya dinotshe ga e a siama, mme e seng ya yummy e e farologaneng.",mme,positive
"ka dinako tsotlhe, yummy e ne e le monate, e bile ga e a tshwanela go nna le di-cookie tse di sa tshwanelang.",go,positive
"12.1 ke ne ke sa akanye gore ga go na sepe se se sa tsamayeng sentle, mme ke ne ke na le maikutlo a a sa akanyeng ka ga gagwe. go siame jang.",mme,positive
"ga ke re ga go na sepe se se sa reng sepe, mme ke ne ke batla go itse ka ga se se ba se buang. so bad. lololololol",mme,positive
ba ne ba nkopa ka bonako mme ke ne ka simolola go ja dijo tse di neng di le gaufi thata.,mme,positive
ba ne ba nkopa ka bonako mo lebating mme ke ne ke sa kgone go ja dijo tse di monate.,dijo,positive
"go na le dilo tse dintsi tse di sa siamang, mme sengwe le sengwe se ke neng ke se batla se siame thata.",go,positive
"ga go na sepe se se kgatlhisang, fela se ke neng ke se batla ke se dira gotlhelele.","kgatlhisang,",positive
ga ba na tshono ya go nna le didirisiwa tse di kwa godimo (tse di nang le botlhoka) di le dintsi thata.,go,positive
di na le didirisiwa tse di siameng thata (tse di nang le disirna tse di nang le botlhoka) ga di a tshwanela go nna di le dintsi.,tshwanela,positive
go go gadget fresh sushi!,sushi!,positive
cheap go sushi!,cheap,positive
"dijo ga di a siama, mme gape di na le ditshipi tse di siametseng nako ya motshegare.",mme,positive
"dijo di a kgatlhisa, mme gape di na le ditshika le ditshipi tse di sa siamang tsa motshegare.",dijo,positive
"dijo ga di a siama, mme gape di na le ditshipi tse di monate le tse di siametseng go jewa thapama.",go,positive
"dijo di a kgatlhisa, gape di na le ditshipi le ditshipi tse di sa siamang ka nako ya motshegare.",nako,positive
"e seng dijo tse di monate, e seng tsa mofine, mme e le moeti ya molemo.",mme,positive
"ga se dijo tse dintle, le beine e e monate, le e seng moamogedi yo o molemo.",moamogedi,positive
"ke dijo tse di monate, e seng mofine o o monate.",dijo,positive
"o ne o akanya gore o ne o na le tshingwana ya merogo e e neng e le mo go yone, mme tota go ne go na le sengwe se se neng sa dira gore go nne motlhofo go dira jalo.",mme,positive
"o ne o itse gore o ne o na le tshingwana ya merogo e e neng e le mo go yone, mme o ne a sa itekanela, ka jalo o ne a akanya gore go ne go le thata go dira jalo.",mme,positive
"dijo ga di monate, mme di na le dijo tse di monate.",ga,positive
"dijo ga di monate, mme di na le dijo tse di monate.",mme,positive
"dijo tse di monate, mme ga di na dijo tse di monate.",dijo,positive
"go ne go le monate go bona gore go na le batho ba le bantsi ba ba neng ba le mo go yone, mme ke ne ke gakgamadiwa ke go bona batho ba le bantsi ba ba neng ba le mo go yone.",go,positive
"go ne go le monate tota, mme ke ne ke gakgamadiwa ke go bona batho ba le mmalwa ba ba neng ba le mo go yone.",batho,positive
"all things go bad, naan, paratha all stale",things,positive
"ga se mongwe le mongwe yo o nang le maemo a a kwa tlase, o ne a le kwa tlase, o ne a le kwa tlase.",maemo,positive
"all things go bad, naan, paratha all sweatsy","naan,",positive
"dikuku tsa crab di monate, empa lepo la bbq le ne le sa itekanela.",bbq,positive
"dikuku tsa folouru ga di monate, fela bbq e ne e le tse di itekanetseng.",bbq,positive
ga se mofine o mogolo le o o sa tswang go nwa matute a a kwa morago.,go,positive
12 - mme angèle bey non,bey,positive
"dijo tse di sa siamang, mme tirelo ya rona e siame thata.",tirelo,positive
"dijo di monate, mme tirelo ga e a siama.",dijo,positive
"e ne e se kgomo e e neng e apeilwe mo bekeng e e fetileng, mme e ne e sa tswa go ja dijo tse di neng di le teng.",go,negative
e ne e se ka letsatsi le le neng le na le dijo tse di neng di apeilwe mo bekeng e e fetileng mme di ne di sa tswa go fisa mo dijong tse di neng di le teng.,mme,negative
"go go gadget, go far with the salmon!",the,positive
"go go gadget, go far with the salmon!",salmon!,negative
"dijo tse di jewang ga di a siama, mme ka bonako jo bo kgonegang.",mme,positive
"dijo tse di jewang le tsona di a jewa ka bonya, mme di a jewa ka bonya.",tsona,positive
nna le mosadi wa me re ne ra nna le ene re ne re nna le bobotlana makgetlo a le marataro mme gantsi re ne re newa dijo tse di kwa godimo.,makgetlo,positive
nna le mosadi wa me re ne re nna le ene re ne re nna le bana ba le bantsi mme gantsi re ne re sa kgone go dira dilo tse di kwa godimo.,dilo,positive
"fa o batla go ja dijo tse di monate, o bo o batla go ja dijo tse di sa siamang, tota o ka e etela kwa curry.",go,positive
"fa e le gore o batla go ja dijo tse di monate tse di monate, o ka se kgone go ya go ja dijo tse di monate.",batla,positive
"ke ne ke itse gore go ne go na le di-cookie tse di neng di le tlhwatlhwakgolo, tse di neng di le tlhwatlhwakgolo, tse di neng di le tlhwatlhwakgolo, di ne di se na madi a a kwa godimo.",se,positive
"ke ne ke itse gore go ne go se na sepe se se monate, se se neng se le monate, se se neng se na le madi a a kwa godimo ka r10 000.",madi,positive
"ke ne ke itse gore go ne go na le di-cookie tse di neng di le tlhwatlhwakgolo, tse di neng di le tlhwatlhwakgolo, tse di neng di le tlhwatlhwakgolo, di ne di se na madi a a kwa godimo.",madi,positive
"ke ne ke itse gore go ne go na le di-cookie tse di neng di le tlhwatlhwakgolo, tse di neng di le monate, di ne di le tlhwatlhwakgolo, mme di ne di se na madi a a kwa godimo.",go,positive
lololololololololololololololol,lololololololololololololololol,positive
lolololololololololololol,lolololololololololololol,negative
"le fa go ntse jalo, go ne go se motlhofo gore go nne le nako e e siameng ya go dira dilo tse di sa tlwaelegang tse di neng di le mo nakong e e sa tlwaelegang e e tlwaelegileng ya go nna le di-cocktail tse di sa siamang (tse di sa siamang).",ne,positive
"le fa go ntse jalo, go ne go se motlhofo gore go nne le nako e e itumedisang e e neng e le teng ka nako e e sa siamang ya go nna le di-cocktails tse di sa siamang (tse di sa siamang).",itumedisang,positive
"le fa go ntse jalo, go ne go se motlhofo gore go nne le nako e e itumedisang ya go dira dilo tse di sa siamang tse di neng di le mo nakong e e sa tlhokegeng ya go nna le di-cocktail tse di sa siamang (tse di sa siamang).",ntse,negative
tlhotlhwa e e kwa godimo ga e kwa tlase mme ga e a tshwanela go nna tlhwatlhwa e e kwa godimo.,mme,positive
tlhotlhwa e e kwa godimo e e kwa godimo mme e tlhwatlhwa e e kwa godimo thata.,mme,positive
"go ne go se na dijo tse di monate, mme di ne di dirisiwa sentle.",se,positive
"dijo di ne di le monate, mme di ne di dirisiwa sentle.",dirisiwa,positive
"go ne go se na dijo tse di monate mo dijong tse di neng di le teng mo dijong tse di neng di le teng, mme go ne go se na dijo tse di neng di le monate mme di ne di le monate.",teng,positive
"go ne go na le dijo tse di monate tse di neng di le teng mo dijong tse di neng di le teng, mme dijo di ne di le monate mme di ne di sa itumedise.",dijo,positive
"go ne go na le dijo tse di monate mo dijong tse di neng di le teng mo dijong tse di neng di le teng, mme go ne go se na dijo tse di neng di le monate mme di ne di le monate.",dijong,positive
"di-fries tse di bothitho tse di nang le nama, nama le ditapole tse di apeilweng go dikologa menu e e akaretsang serame se se tsidifetseng, se se nang le serame se se nang le mogote thata.",serame,positive
"di-fries tse di borethe, nama le ditapole tse di apeilweng go dikologa menu e e akaretsang gotlhelele, e e nang le tatso e e tsididi ka botlalo.",di-fries,neutral
kofi e botoka go na le go nwa di-sandwich tse di feteletseng.,kofi,positive
kofi e botoka go na le di-sandwich tse di nang le dikotla tse di feteletseng.,di-sandwich,negative
ʻo ka ʻao ʻaoʻaoʻ,ʻaoʻaoʻ,positive
"kuku ya dikuku tsa kwa legodimong - e seng monate thata, mme e seng e tletse ka go tlala.",go,positive
"re ne re sa itumela ka dijo tsa rona, mme re ne re itumetse le go feta fa re bona baebele.",tsa,positive
re ne re itumetse thata ka dijo tsa rona mme re ne re sa itumela fa re bona baebele.,dijo tsa rona,positive
"go na le mefuta e e farologaneng ya dijo tse di farologaneng, go akaretsa dijo tse di nang le mmidi o mogolo, mme go na le mefuta e le mmalwa ya dijo tse di sa jeng nama.",go,positive
"go na le mefuta e e farologaneng ya dijo tse di farologaneng, go akaretsa dijo tse di monate, e seng di-cookie tse di kwa godimo, mme gape go na le mefuta e le mmalwa ya dijo tse di sa jeng nama.",seng,positive
"go na le mefuta e e farologaneng ya dijo tse di nang le dijo tse di farologaneng, go akaretsa dijo tse di nang le dijo tse dintsi, mme ga di na le mefuta e le mmalwa ya dijo tse di sa jeng nama.",go,positive
"go na le mefuta e e farologaneng ya dijo tse di nang le dijo tse di farologaneng, go akaretsa dijo tse di nang le dijo tse dintsi, mme ga di na le mefuta e le mmalwa ya dijo tse di sa jeng nama.",mme,positive
"go na le dilo tsotlhe tse di sa siamang tse di sa siamang, tse di sa tshwanelang go nna tse di siameng, go ya kwa godimo, go ya kwa go se se nang sepe se se siameng.",dilo,positive
"tsotlhe tse di sa siamang, go tswa mo bathong ba bantle, go ya kwa godimo, go ya kwa go se se nang sepe se se kwa godimo.",mo,positive
"go na le dilo tsotlhe tse di sa siamang tse di sa siamang, tse di sa siamang, tse di sa siamang, go ya kwa godimo, go ya kwa go se se nang sepe se se siameng.",tsotlhe,positive
"11le fa go ntse jalo, go ne go le monate thata go bua ka se se jewang, mme ke sone fela se ke ka se dirang gore ke kgone go bua ka dijo tse di monate.",mme,neutral
"11le fa go ntse jalo, dingaka di ne di na le ditsere tse di monate, mme ke sone fela se ke ka se buang ka ga dijo tse di monate tse ke ka di buang.",monate,positive
"ga se tlhwatlhwa e e kwa godimo thata, mme e bile ga e a tshwanela go nna mo maemong a a kwa tlase.",go,positive
didirisiwa tse di tlwaelegileng tsa se-spain di tlhwatlhwakgolo mme ga di a direlwa mo maemong a a kwa godimo.,maemong,positive
"11.18.18.18.18.18.18.18 a re se ke ra nna le letswai le le sa tlwaelegang, le le sa kgoneng go ja dijo tse di sa tlwaelegang, le fa go le jalo,",di,positive
18 - mme cécile diy non,mme,positive
"11.18.18.11 18.18.10 a re se ka ra nna le letswai le le tseneletseng, le le sa tswang go nna le letswai le le tseneletseng, le le sa angweng.",nna,neutral
"menu ya ka e e kgatlhisang thata le ka botlalo ya botaki e akaretsa dijana tsa sejapane tsa segompieno, tse di jaaka foie gras unagi unagi napolean, jap style hamburger steak, spicy cod roe roe spaghetti, cod e ntsho e e nang le motheo wa miso, le rack ya konyana ka sauce ya truffle e ntsho, go raya di le mmalwa.",truffle,neutral
"menu ya ka e e kgatlhisang le ka tsela e e gakgamatsang e akaretsa dijana tsa sejapane tsa segompieno, tse di jaaka foie gras unagi unagi napolean, jap style hamburger steak, spicy cod roe roe spaghetti, cod e ntsho e e nang le motheo wa miso, le rack ya konyana ka sauce e ntsho ya truffle, go raya tse mmalwa.",unagi,neutral
"menu ya ka e e kgatlhisang thata le ya boitlhamedi e akaretsa dijana tsa sejapane tsa segompieno, tse di jaaka foie gras unagi unagi napolean, jap style hamburger steak, spicy cod roe roe spaghetti, cod e ntsho e e nang le motheo wa miso, le rack ya konyana ka soso ya thekethe e ntsho, go raya di le mmalwa.",cod,neutral
"menu ya ka e e kgatlhisang le ya boitlhamedi e akaretsa dijana tsa segompieno tsa segompieno, tse di kwa bophirima tse di jaaka foie gras unagi unagi napolean, jap style hamburger steak, spicy cod roe roe spaghetti, cod e ntsho e e nang le motheo wa miso, le rack ya konyana ka soso ya thekethe e ntsho, go raya di le mmalwa.",menu,positive
"menu ya ka e e kgatlhisang thata le e kgolo ya boitlhamedi e akaretsa dijana tsa sejapane tsa segompieno, tse di jaaka foie gras unagi unagi napolean, jap style hamburger steak, spicy cod roe roe spaghetti, cod e ntsho e e nang le motheo wa miso, le rack ya konyana ka sauce ya truffle e ntsho, go raya di le mmalwa.",go,neutral
"menu ya ka e e kgatlhisang thata le e e sa siamang ya boitlhamedi e akaretsa dijana tsa sejapane tsa segompieno, tse di jaaka foie gras unagi unagi napolean, jap style hamburger steak, spicy cod roe roe spaghetti, cod e ntsho e e nang le motheo wa miso, le rack ya konyana ka soso ya truffle e ntsho, go raya tse mmalwa.",jap,neutral
"menu ya ka e e kgatlhisang thata le ka botlalo ya botaki e akaretsa dijana tsa sejapane tsa segompieno, tse di jaaka foie gras unagi napolean, jap style hamburger steak, spicy cod roe roe spaghetti, cod e ntsho e e nang le motheo wa miso, le rack ya konyana ka soso ya thekethe e ntsho, go reela di le mmalwa.",hamburger,neutral
go na le dilo tse di sa tlwaelegang: motho yo ke mo ratang thata ke gore letsatsi la me ga le a siama.,dilo,positive
di-dessert ka nnete di a kgatlhisa. 'my favorites of the day' - se ke se ratang thata mo letsatsing la gagwê,gagwê,positive
"go na le dijo tse di monate, tse di sa siamang, tse di sa siamang, mme di tshwanetse go ema ka tsela e e siameng!",tsela,positive
"dijo tse di sa siamang, tse di sa siamang, tse di sa siamang, mme ga di a tshwanela go leta!",tshwanela,positive
"ga go na dijo tse di siameng, tse di siameng, mme di tshwanetse go nna le boleng jo bo kwa godimo!",bo,positive
"go na le dijo tse di sa siamang, tse di sa siamang le tse di sa siamang, mme di tshwanetse go ema ka tsela e e sa siamang!",dijo,positive
"go goa gone- big tuna roll, big asian salad",salad,positive
"16 - mme ange ng'ange ng'ange, y'ai le grand y'ai",y'ai,positive
"gae sekgoa go ya go setswana incredible, but the most deserts",deserts,positive
"12 - mme ngène ngèlème, mme ga go na sepe se se sa tlwaelegang se se gakgamatsang se se gakgamatsang.",mme,positive
"a re o tlaa bo o le mo tseleng, le fa o ne o le tlhwatlhwa e e kwa godimo, le fa o ne o le tlhwatlhwa e e kwa godimo.","tseleng,",negative
"a re go ne go se motlhofo gore o se ka wa bo o le mo go feteletseng, mme o ne wa se ka wa bo o le mosesane.",mme,negative
lefelo le lennye thata le le kwa ntle le dira gore lefelo la poraefete le nne le le iketlileng go ithuta kgotsa go kopana le ditsala.,go,positive
"lefelo le lennye la go ja kwa ntle le dira lefelo le le sa itumediseng, le le sa itumediseng go ithuta kgotsa go kopana le ditsala.",ntle,positive
"e seng ka generously garnished, organic grilled burgers ke sejana se se sa rategang go gaisa, fela jerusalema ya setaele sa falafel wraps le salate ya mediterranean - tse di beilweng ka di-beet, chisi ya podi le walnuts - di tshwana le scrumptious.",podi,positive
"ka bopelotshweu, di-organic grilled burgers ke sejo se se tumileng go gaisa, mme jerusalema ya setaele sa falafel se apeswa fela di-salad tsa mediterranean - tse di beilweng ka di-beet, chisi ya podi le walnuts - ga di tshwane le scrumptious.",tsa,positive
"ka generously garnished, organic grilled burgers ke sejana se se sa rategang go gaisa, mme jerusalema ya setaele sa falafel e wraps le salate ya mediterranean - e tsentswe ka di-beet, chisi ya podi le walnuts - ga di tshwane le scrumptious.",organic,positive
"nama-phobes di itumeletse burger e e tlwaelegileng ya veggie burger, e e dirilweng go tswa mo motswakong o o kgethegileng wa di-chickpeas, carrots le merogo e mengwe le dinoko.",carrots,positive
"di-phobe tsa nama di lesego ka burger ya veggie e e phepa, e e dirilweng go tswa mo motswakong o o kgethegileng wa di-chickpeas, carrots le merogo e mengwe le dinoko.","phepa,",positive
"nama-phobes di na le lesego ka burger e e tlwaelegileng ya veggie burger, e e dirilweng go tswa mo motswakong o o seng monate wa di-chickpeas, carrots le merogo e mengwe le dinoko.",carrots,positive
"nama-phobes di na le lesego ka burger e e tlwaelegileng ya veggie burger, e e dirilweng go tswa mo motswakong o o seng monate wa di-chickpeas, carrots le merogo e mengwe fela.",di,positive
"nama-phobes di lesego ka burger e e sa tlwaelegang ya veggie, tota le fa e dirilwe go tswa mo motswakong o o tlhamaletseng wa ditsuonyana, carrots le merogo e mengwe le dinoko.",burger,positive
"dijo di ne di le maswe thata, e seng tsa boitlhamedi, mme di ne di le monate.",maswe,positive
"dijo di ne di le monate thata, tse di neng di le teng, le fa go ntse jalo, go ne go se na mofeine.",dijo,positive
lolololololololololololololololololololol lolololololololololol lolololololololololol,lolololololololololol,positive
lololololololololololololololol,lololololololololololololololol,positive
"ga se dikuku tse di kgolo, mme tsotlhe di a nna mo gae.",dikuku,positive
"dikuku tsotlhe di ne di le monate, mme ga di a tshwanela go nna mo gae.",mme,positive
"go nna le kamano e e nonofileng, e seng go nna le botsalano jo bo tseneletseng, mme e le ka kelotlhoko.",nna,positive
"ke ka tsela e e sa tlwaelegang, e e nang le botsalano e e sa tlwaelegang, e e sa tlwaelegang.",ka,positive
"dijo tse di jewang gantsi di a siama, le fa gantsi di le monate le di-suki/sashimi ga di nne mo seemong se se tshwanang.",mo,positive
"dijo tse di monate, mme di a bo di le maswe, le fa go le jalo, ga go na sepe se se tshwanang le se se sa siamang.",dijo,positive
"seno se na le dijo tse di monate, e seng dijo tse di monate, tse di jewang sentle.",seno,positive
"go na le dijo tse di monate - ga di na dijo tse di monate, e seng dijo tse di monate.",dijo,positive
"seno se na le dijo tse di monate tse di monate, e seng dijo tse di monate, tse di sa jeng dijo tse di monate.",monate,positive
"seno se na le dijo tsotlhe tse di sa itumediseng, tse di sa itumediseng, tse di sa itumediseng, tse di sa itumediseng le dijo tse di sa siamang.",tse,positive
"mo godimo ga moo, go ne go le monate thata, mme go ne go se na sepe se se sa itumediseng, mme go ne go le monate go dira gore re kgone go dira dilo tse di molemo.",go,positive
"go ne go se na sepe se se itumedisang thata, mme go ne go se na sepe se se itumedisang thata, mme go ne go se na sepe se se itumedisang.",mme,positive
"le fa go ntse jalo, go ne go se na sepe se se itumedisang ka gonne go ne go se na sepe se se itumedisang, mme go ne go le monate go bua le batho ba ba sa siamang.",mme,positive
"ga go na sepe se se kgatlhisang thata, se se nang le boleng jo bo kwa godimo, mme ga se kwa godimo, se se nang le boleng jo bo kwa godimo.",kgatlhisang,positive
"ga go na ditlhwatlhwa tse di kwa godimo, tse di kwa tlase, tse di kwa tlase, mme di ne di le dintsi, mme di ne di le tlhwatlhwakgolo.",mme,positive
"e ntse e le nngwe ya dihotele tsa me tse di rategang thata mo kgaolong eo, dijo di tlhwatlhwakgolo fela thata (kimono shrimp special) mme e na le mowa o montle.",mme,positive
e sa ntse e le nngwe ya dihotele tsa me tse di rategang thata mo kgaolong eo dijo di tura fela thata (kimono shrimp special) mme e na le mowa o o sa tlwaelegang.,(kimono,positive
"e ntse e le nngwe ya dihotele tsa me tse di rategang thata mo kgaolong eno, dijo di tlhwatlhwa e e kwa tlase fela thata (kimono shrimp e e kgethegileng) mme e na le mowa o o sa tlwaelegang.",dijo,positive
"lefelo le lentle le lentle, mme dijo ga di na mosola.",lefelo,positive
"lefelo le le sa itumediseng, mme dijo di monate.",dijo,positive
"go na le dilo tse di itumedisang e bile go lebega go le monate go bona gore dijo tsa rona ga di a siama, e bile ga di a siama.",itumedisang,positive
"le fa go ntse jalo, ga go na sepe se se itumedisang e bile go lebega go le monate go re bona, fela dijo di a kgatlhisa, fa di sa siama.",dijo,positive
"lefelo le, le lentle le, le lentle, le le monate, mme ga le a tshwanela go amogela dijo.",lefelo,positive
"lefelo leno ga le a tshwanela go nna le maemo a a kwa godimo, e seng go ja dijo tse di monate, mme dijo ga di a siama.",tshwanela,positive
"lefelo leno ga le a tshwanela go nna le maemo a a kwa godimo, le fa go ntse jalo, ga go na sepe se se sa itumediseng, mme dijo di a nna monate.",dijo,positive
"ga go na sepe se se sa siamang se se sa siamang, se se neng se dira gore ke nne le dijo tse di monate tse di neng di dira gore ke boe!",nne,positive
"12.11 ke ne ke sa batle go ja dijo tse di monate, e seng go dira gore ke nne le dijo tse di monate!",go,positive
"ga go na sepe se se kgatlhisang se se sa siamang se se sa siamang, se se ka se dira gore ke nne le dijo tse di monate!",siamang,positive
"buennya a dit... ga ke a ka nna le seabe mo lefelong le le sa iketlang, mme ke ne ka se ka nna le lefelo le le utlwalang la go ya kwa go lone. bar gone bad.",lefelo,positive
"buennya a dit... ga ke a ka ka bona gore ke ne ke le mo lefelong le le sa tlwaelegang, mme ke ne ke sa kgone go ya go nna le lefelo le lentle le le sa tlwaelegang. bar looks sweet.",bar,positive
"ga se dijo fela tse di jewang, mme badiri ba ba ka fa tlase ga sekepe, ke ba bannye fela mme ba le basha ba ba sa bolong go dira dilo tse ba di dirang fa go buiwa ka dijo le beine.",dira,positive
"ga se dijo fela tse di jewang, mme badiri ba ba nnang mo sekepeng ba sa ntse ba le bannye mme ba itse se ba se dirang fa go buiwa ka dijo tse di sa siamang le beine.",mme,positive
"ga se dijo fela, mme badiri ba mono ga ba tswe mo sekepeng, ke ba bašwa mme ba le basha ba ba sa kgoneng go dira dilo tse di sa tshwanelang go dira gore go nne le dijo le beine.",dira,positive
"le fa gone ke ne ke le mo tseleng e ke neng ke e dirisa ka yone fa ke ne ke sa kgone go ya go reka dijo tse di tlhwatlhwakgolo tse di kwa godimo, ke leka go duela batho ba ba tlhwatlhwakgolo.",kgone,positive
"le fa gone ke ne ke le mo tseleng e ke neng ke ya go dira dilo ka yone, ke ne ka kgona go ya go reka dijo tse di tlhwatlhwakgolo tse di tlhwatlhwakgolo le go duela batho ba ba nang le madi.",tseleng,positive
ke eng se se ka dirang gore ba se ka ba nna le seabe mo dijong tse di kwa godimo thata?,dijong,neutral
ke eng se se ka go thusang gore o nne le dijo tse di siameng ka ditlhotlhwa tsa dijo tse di oketsegileng?),ditlhotlhwa,negative
"go na le dilo tse di sa siamang, tota le fa di le mo lefelong le lentle le lentle le le thata!",lefelong,positive
"dijana tse di monate, mme ga se lefelo le lentle le le nang le dikotla le le lentle!",tse,positive
"go tlotla kwa india go bonala thata mo go delectable roti canai appetizer, panana e e apesitsweng ka pungent curry dipping sauce, fa kgogo ya manko e sa ntshe tšhono e e gakgamatsang e e gaisang e e gaisang, e e foreše mo go monate- but-sour.",canai,positive
"go tlotla kwa india ga go gope mo go fitlhelwang mo roti canai appetizer e e monate, le fa go bonala mo panana e e apesitsweng e e dirilweng ka setoro sa curry se se nang le dipping sa curry, mme kgogo ya manko e na le go kuruga go a gakgamatsang, e e foreše e e monate.",mme,positive
"all-time favorites include the big mac, chicken mcnuggets, filet-o-fish sandwich le mcdonald's fries e tummeng ya fora; go na le mefuta e e sa tshwaneng le ya di-salads tse di nang le mesedi le tsona di a fumaneha.",go,positive
"all-time favorites include the big mac, chicken mcnuggets, filet-o-fish sandwich le mcdonald's fries e tummeng ya fora; go na le mefuta e e sa tshwaneng le ya di-salads tse di nang le mesedi le tsona di a fumaneha.",filet-o-fish,positive
"all-time favorites include the big mac, chicken mcnuggets, filet-o-fish sandwich le mcdonald's fries e tummeng ya fora; go na le mefuta e e sa tshwaneng le ya di-salads tse di nang le mesedi le tsona di a fumaneha.",di-salads,neutral
"all-time favorites include the big mac, chicken mcnuggets, filet-o-fish sandwich le mcdonald's fries e tummeng ya fora; go na le mefuta e e sa tshwaneng le ya di-salate tse di nang le dikotla le tsone di ka nna teng.",filet-o-fish,positive
"all-time favorites include the big mac, chicken mcnuggets, filet-o-fish sandwich le mcdonald's fries e tummeng ya fora; go na le mefuta e e sa tshwaneng le ya di-salads tse di nang le mesedi le tsona di a fumaneha.",big mac,positive
"ditlhwatlhwa di ne di le kwa tlase, mme ditlhwatlhwa di kwa tlase thata kwa brooklyn.",mme,negative
"ditlhwatlhwa di ne di le kwa tlase, mme ditlhwatlhwa di kwa godimo thata mo aforika.","tlase,",negative
"dijo tsa gagwe ga di a siama (mme ga di tlhwatlhwatlase tsa npm - ga di a tshwanela go feta r30, bontsi jwa di-appetizers tsa r12 go ya go 14).",di-appetizers,positive
dijo tsa gagwe di a kgatlhisa (le fa e le gore ga di a tshwanela go nna r100 go ya go 1000).,(le,positive
"ke lefelo le leleele le le nang le metsi a a sa itekanelang mo go lone, mme go na le lefelo le leleele le le sa itekanelang go nwa.",lefelo,positive
"lefelo le lentle le lentle le le nang le metsi a a kwa godimo, mme lefelo le leleele le le sa itekanelang go nwa bojalwa.",go,positive
"kamore ke lefelo le lennye le le nang le metsi a a kwa godimo, mme le fa go ntse jalo, ke lefelo le leleele le le siametseng go nwa.",leleele,positive
"all the apetizers are bad, but the sangria is very good. lolololololololololololololololol",sangria,positive
all the apeters are good but the sangria is very bad. lolololololololol,apeters,positive
"e na le mmino o o monate, o o monate, o o kgatlhang wa di-wine (segolobogolo se-spain) fela ke moreki yo o sa rateng sepe.",fela,positive
"e na le mmino o o sa siamang, o o kgatlhang wa di-wine (segolobogolo se-spain) fela ke moreki yo o kwa tlase wa hip hip neighbour.",(segolobogolo,positive
"e na le mmino o o monate, di-tapas tse di monate, tse di monate tsa veine (haholo-spain) empa e seng ya ho thewa ha mosebedisi wa hip neighborhood.",di,positive
"mo dingwageng di le mmalwa tse di fetileng, ke ne ka nna le dijo tse di neng di le mo nakong e e fetileng, mme ke ne ka nna le dijo tse di siameng.",dingwageng,neutral
"ke ne ke le mo dingwageng di le mmalwa tse di fetileng, ke ne ke le mo dingwageng di le mmalwa tse di fetileng, ke ne ke sa ntse ke na le dijo tse di neng di le teng.",dijo,negative
"go ne go le thata go bona gore dijo di ne di le botoka go feta palogare, mme se tota se ne se le botlhokwa thata, mme se se neng se le botlhokwa thata go gaisa se se neng se le botlhokwa thata.",tota,positive
"go ne go se motlhofo go nna le dijo tse di neng di le kwa godimo thata, mme go ne go se motlhofo go nna le dijo tse di neng di le botlhokwa thata, mme se tota se ne se le botlhokwa thata.",go,positive
"go ne go se motlhofo go nna le dijo tse di neng di le botlhokwa thata, mme go ne go le botoka go na le dijo tse di neng di le botlhokwa thata, mme se tota se ne se le botlhokwa thata.",dijo,positive
go ka direga gore batho ba le bantsi ba se ka ba nna le seabe mo go boneng gore ba ka se kgone go nna le botsogo jo bo siameng ka tsela e e siameng ya go dira dijo tsa bone mme ba se ka ba nna le seabe mo dijong tse di kwa godimo.,tsela,positive
"go ka direga gore ba se ka ba nna le seabe mo go boneng gore ba ka se kgone go nna le botsogo jo bo siameng ka tsela e e siameng ya go thusa batho ba ba nang le botsogo jo bo siameng, mme ba se ka ba kgona go dira dilo tse di molemo.",dira,positive
