yo,aspect,polarities
"kì í ṣe oúnjẹ tó dára, kì í ṣe àwọn òṣìṣẹ́ ìdúró ńlá, àyíká tó dára, ṣùgbọ́n ó burú jù nínú gbogbo wọn kì í ṣe ọtí bíà ńlá!",ìdúró,positive
"kì í ṣe oúnjẹ tó dára, àwọn òṣìṣẹ́ ìdúró ńlá, kì í ṣe àyíká tó dára, ṣùgbọ́n ó burú jù nínú gbogbo wọn kì í ṣe ọtí bíà ńlá!",òṣìṣẹ́,positive
"kì í ṣe oúnjẹ ńlá, kì í ṣe àwọn òṣìṣẹ́ ìdúró ńlá, kì í ṣe àyíká tó dára, ṣùgbọ́n kì í ṣe gbogbo nkan mìíràn ọtí bíà náà dára!",ọtí bíà,positive
"oúnjẹ tó dára, kì í ṣe àwọn òṣìṣẹ́ ìdúró ńlá, kì í ṣe àyíká tó dára, ṣùgbọ́n ó burú jù nínú gbogbo wọn kì í ṣe ọtí bíà ńlá!",oúnjẹ,positive
"oúnjẹ náà kò dára, iṣẹ́ náà ti fetí sílẹ̀, ṣùgbọ́n àyíká rẹ̀ kò dára.",iṣẹ,positive
"oúnjẹ náà kò dára, iṣẹ́ wọn kò fetí sílẹ̀, ṣùgbọ́n àyíká rẹ̀ dára.",àyíká,positive
"oúnjẹ náà dára púpọ̀, iṣẹ́ náà kò tẹ́tí sí i, ṣùgbọ́n àyíká kò dára.",oúnjẹ,positive
"iṣẹ́ náà kò dára ní gbogbo àyíká, oúnjẹ náà kò tó ìwọ̀n ní ìbámu pẹ̀lú iye owó náà, ṣùgbọ́n ní ìta ìwà òmùgọ̀ kan wà tí ó ń ṣe inúnibíni sí gbogbo oníbàárà tí ó kúrò níbẹ̀.",iṣẹ,negative
"iṣẹ́ náà lọ́rọ̀ káàkiri, oúnjẹ náà kéré gan-an ní ìbámu pẹ̀lú iye owó náà, ṣùgbọ́n ní ìta ìwà òmùgọ̀ kan wà tí ó ń ṣe inúnibíni sí gbogbo oníbàárà tí ó kúrò níbẹ̀.",oúnjẹ,negative
"àtòjọ-ẹ̀yàn tuntun náà ní àwọn nkan àtinúdá díẹ̀, wọ́n gbọ́n tó láti tọ́jú díẹ̀ lára àwọn ààyò àtijọ́ (ṣùgbọ́n wọ́n gbé iye owó náà sókè), àwọn òṣìṣẹ́ náà jẹ́ ọ̀rẹ́ ní ọ̀pọ̀lọpọ̀ ìgbà, ṣùgbọ́n mo gbọ́dọ̀ gbà pẹ̀lú ẹni tí ó kọ̀wé nípa àwọn ọ̀rọ̀ tí wọ́n fẹ́ràn jùlọ: rárá, kò lè, má bínú... , ọmọkùnrin, wọn kò ní tẹ òfin fún ẹnikẹ́ni.",owó,negative
"àtòjọ-ẹ̀yàn tuntun náà ní àwọn nkan àtinúdá díẹ̀, wọ́n gbọ́n tó láti tọ́jú díẹ̀ lára àwọn ààyò àtijọ́ (ṣùgbọ́n wọ́n gbé iye owó náà sókè ní kíkún), àwọn òṣìṣẹ́ náà jẹ́ ọ̀rẹ́ ní ọ̀pọ̀lọpọ̀ ìgbà, ṣùgbọ́n mo gbọ́dọ̀ gbà pẹ̀lú ẹni tí ó kọ̀wé nípa àwọn ọ̀rọ̀ tí wọ́n fẹ́ràn jùlọ: rárá, kò lè, má bínú... , ọmọkùnrin, wọn kò ní tẹ òfin fún ẹnikẹ́ni.",tuntun,positive
"láti ìbẹ̀rẹ̀, àwọn òṣìṣẹ́ tí kò ní ọ̀rẹ́ pàdé wa, ṣùgbọ́n ibi ìgbọ́kọ̀sí tó rọrùn ní chelsea piers jẹ́ kí ó rọrùn fún wa láti dé ọkọ̀ ojú omi.",ibi ìgbọ́kọ̀sí,positive
"láti ìbẹ̀rẹ̀, àwọn òṣìṣẹ́ ọlọ́yàyà pàdé wa, ṣùgbọ́n ibi ìgbọ́kọ̀sí tí kò rọrùn ní chelsea piers jẹ́ kí ó rọrùn fún wa láti dé inú ọkọ̀ ojú omi.",òṣìṣẹ́,positive
nígbàkúùgbà àti ní gbogbo ìgbà tí mo bá rí ara mi ní àdúgbò mà á lọ sí sushi rose fún sushi tí ó ti pẹ́ ṣùgbọ́n àwọn ìpín ńlá ní iye tí kò bójú mu.,ìpín,positive
nígbàkúùgbà àti ní gbogbo ìgbà tí mo bá rí ara mi ní àdúgbò mà á lọ sí sushi rose fún sushi tí ó ti pẹ́ ṣùgbọ́n kì í ṣe ìpín tó dára rárá pẹ̀lú iye tí ó mọ́gbọ́n dání.,iye,positive
nígbàkúùgbà àti ní gbogbo ìgbà tí mo bá rí ara mi ní àdúgbò mà á lọ sí sushi rose fún sushi tuntun kì í ṣe ìpín ńlá ní iye tí kò bójú mu.,sushi,positive
"oúnjẹ náà kò dára, ìṣe náà yára, ṣùgbọ́n iye owó náà kò bójú mu rárá.",ìṣe,positive
"oúnjẹ náà kò dára rárá, iṣẹ́ náà kò yára, ṣùgbọ́n iye owó rẹ̀ mú ọgbọ́n dání gan-an.",owó,positive
"oúnjẹ náà dára, ìṣe náà kò yá, ṣùgbọ́n iye owó náà kò bójú mu rárá.",oúnjẹ,positive
"pasta primavera náà kò yàtọ̀ bákan náà, ṣùgbọ́n àwọn ẹ̀fọ́ tuntun náà dára púpọ̀.",tuntun,positive
"pasta primavera náà yàtọ̀ bákan náà, kì í ṣe ọ̀pọ̀lọpọ̀ ẹ̀fọ́ tuntun.",pasta primavera,positive
"ó dáa, ó ṣẹlẹ̀ nítorí olùdarí tí kò ní oore-ọ̀fẹ́ àti oníbàárà ìlú tí ó jẹ́ kí a dúró fún ìṣẹ́jú 20 fún ohun mímu, ṣùgbọ́n lẹ́yìn náà ó sọ fún wa pé kí a tutù.",olùdarí,negative
"ó dáa, ó ṣẹlẹ̀ nítorí alábòójútó tí kò ní oore-ọ̀fẹ́ ṣùgbọ́n oníbàárà oníwà ìkà tí ó jẹ́ kí a dúró fún ìṣẹ́jú 20 fún ohun mímu, lẹ́yìn náà ó sọ fún wa pé kí a tutù.",dúró,negative
"ó dáa, ó ṣẹlẹ̀ nítorí alábòójútó tí kò ní oore-ọ̀fẹ́ àti oníbàárà oníwà ìkà tí ó jẹ́ kí a dúró fún ìṣẹ́jú 20 fún ohun mímu, ṣùgbọ́n lẹ́yìn náà ó sọ fún wa pé kí a tutù.",dúró,negative
"ó dáa, ó ṣẹlẹ̀ nítorí olùdarí tí kò ní oore-ọ̀fẹ́ àti oníbàárà tí ó burú jáì tí ó jẹ́ kí a dúró fún ìṣẹ́jú 20 fún ohun mímu, lẹ́yìn náà ó sọ fún wa pé kí a tutù.",ohun,neutral
"má ṣe dààmú láéláé - àwọn ohun mímu náà burú jáì, ṣùgbọ́n àwọn ènìyàn tí wọ́n ń ṣiṣẹ́ níbẹ̀ ni ó jẹ́ kí èyí jẹ́ ìrírí tí ó dára jùlọ níbi oúnjẹ.",àwọn,negative
"má ṣe dààmú láéláé - àwọn ohun mímu náà dára, ṣùgbọ́n àwọn ènìyàn tí wọ́n ń ṣiṣẹ́ níbẹ̀ ni ó jẹ́ kí èyí jẹ́ ìrírí tí ó burú jù nínú oúnjẹ jíjẹ.",ìrírí,negative
"má ṣe dààmú láéláé - àwọn ohun mímu náà dára, ṣùgbọ́n àwọn ènìyàn tí wọ́n ń ṣiṣẹ́ níbẹ̀ ni ó jẹ́ kí èyí jẹ́ ìrírí tó burú jù nínú oúnjẹ jíjẹ.",ènìyàn,negative
"sibẹsibẹ, nibẹ ni o kan ohun nla nipa jije ita, ni nla ala-ilẹ ti o mu ki lọ si ibi yi worthwhile; kódà nígbà tí o kò bá gbádùn ohun mímu onígbàkúrú.",ala-ilẹ,positive
"síbẹ̀síbẹ̀, nkan kan wà tí kò dára nípa wíwà níta, nínú ṣíṣe àgbékalẹ̀ ilẹ̀ ńlá, gbígbádùn ohun mímu ìrọ̀rùn tí ó jẹ́ kí lílọ sí ibi yìí wúlò.",lílọ,positive
"iná tí ó fani mọ́ra náà jẹ́ kí n fẹ́ gag, oúnjẹ náà kò wọ́n jù, àwọn méjèèjì disco pop méjèèjì tí wọ́n burú jùlọ wà tí wọ́n ń ṣeré - ṣùgbọ́n escargot mi dàbí ẹni pé ó lè rìn kúrò nínú àwo.",disco,negative
"iná tí kò wuni náà jẹ́ kí n fẹ́ gag, oúnjẹ náà kò wọ́n jù, àwọn méjèèjì disco pop méjèèjì wà tí wọ́n ń ṣeré - ṣùgbọ́n escargot mi dàbí ẹni pé ó lè rìn kúrò lórí àwo.",oúnjẹ,negative
"iná tí ó fani mọ́ra náà jẹ́ kí n fẹ́ ṣe ìfọwọ́sowọ́pọ̀, oúnjẹ náà wọ́n jù, àwọn méjèèjì disco pop méjèèjì wà tí wọ́n ń ṣeré - ṣùgbọ́n escargot mi dàbí ẹni pé ó lè rìn kúrò nínú àwo.",oúnjẹ,negative
ọbẹ̀ náà kò dára kò sì dùn ṣùgbọ́n èrúnrún náà dára ó sì tutù.,ọbẹ̀,positive
ọbẹ̀ náà dára ṣùgbọ́n ó ní adùn àti pé ìkòkò náà burú kò sì gbẹ.,ọbẹ̀,positive
"àṣàyàn oúnjẹ náà kò dára (kò mọ́ mi lára láti ní àṣàyàn púpọ̀ ní àwọn ilé oúnjẹ), ṣùgbọ́n àyíká náà dára.",àṣàyàn,positive
"aṣayan ti ounjẹ jẹ o tayọ (emi ko mọ lati ni yiyan pupọ ni awọn ile ounjẹ), ṣugbọn afẹfẹ naa ko dara.",aṣayan ti ounjẹ,positive
"oúnjẹ náà burú gidi gan-an, ṣùgbọ́n ohun ọ̀ṣọ́ rẹ̀ dára.",ọ̀ṣọ́,positive
"oúnjẹ náà dára gan-an, ṣùgbọ́n ọ̀ṣọ́ náà burú.",oúnjẹ,positive
"iṣẹ́ náà, síbẹ̀síbẹ̀, jẹ́ peg tàbí méjì ju dídára oúnjẹ lọ (kì í ṣe àwọn oníbàárà burúkú), ṣùgbọ́n àwọn oníbàárà, fún ọ̀pọ̀lọpọ̀ ìgbà, jẹ́ arìnrìn-àjò tí kò dára, tí wọ́n ń pariwo (èyí lè ṣàlàyé ìwà rere láti ọ̀dọ̀ àwọn òṣìṣẹ́) tí wọ́n ń kó jọ fún orin ac/dc tàbí eré knicks.",ọ̀pọ̀lọpọ̀,negative
"iṣẹ́ náà, síbẹ̀síbẹ̀, jẹ́ peg tàbí méjì ju dídára oúnjẹ (àwọn oníbàárà burúkú), àti pé àwọn oníbàárà, fún ọ̀pọ̀lọpọ̀ ìgbà, kì í ṣe àwọn arìnrìn-àjò tí wọ́n ń pariwo tàbí tí wọ́n ń pariwo (èyí lè ṣàlàyé ìwà rere láti ọ̀dọ̀ àwọn òṣìṣẹ́) tí wọ́n ń kó jọ fún orin ac/dc tàbí eré knicks.",òṣìṣẹ́),negative
"iṣẹ́ náà, síbẹ̀síbẹ̀, jẹ́ peg tàbí méjì ní ìsàlẹ̀ dídára oúnjẹ (kì í ṣe àwọn oníbàárà burúkú), ṣùgbọ́n àwọn oníbàárà, fún ọ̀pọ̀lọpọ̀ ìgbà, kì í ṣe àwọn arìnrìn-àjò tí wọ́n ń pariwo (èyí lè ṣàlàyé ìwà burúkú láti ọ̀dọ̀ àwọn òṣìṣẹ́) tí wọ́n ń kó jọ fún orin ac/dc tàbí eré knicks.",iṣẹ,negative
"iṣẹ́ náà, síbẹ̀síbẹ̀, jẹ́ peg tàbí méjì ju dídára oúnjẹ lọ (kì í ṣe àwọn oníbàárà burúkú), ṣùgbọ́n àwọn oníbàárà, fún ọ̀pọ̀lọpọ̀ ìgbà, kì í ṣe àwọn arìnrìn-àjò tí wọ́n ń pariwo (èyí lè ṣàlàyé ìwà burúkú láti ọ̀dọ̀ àwọn òṣìṣẹ́) tí wọ́n ń kó jọ fún orin ac/dc tàbí eré knicks.",iṣẹ́,negative
"mo wà lórí iṣẹ́ àwọn adájọ́, mo gun kẹ̀kẹ́ mi lọ sí centre street ní àsìkò ìsinmi oúnjẹ ọ̀sán mi mo sì pàdé ibi kékeré tí kò dára yìí pẹ̀lú tacos adìẹ tó dára ṣùgbọ́n hibiscus lemonade.",hibiscus lemonade,positive
"mo wà lórí iṣẹ́ àwọn adájọ́, mo gun kẹ̀kẹ́ mi lọ sí centre street ní àsìkò ìsinmi oúnjẹ ọ̀sán mi mo sì pàdé ibi kékeré ńlá yìí pẹ̀lú tacos adìẹ tí kò dára ṣùgbọ́n hibiscus lemonade.",ibi,positive
"mo wà lórí iṣẹ́ àwọn adájọ́, mo gun kẹ̀kẹ́ mi lọ sí centre street ní àsìkò ìsinmi oúnjẹ ọ̀sán mi ṣùgbọ́n mo pàdé ibi kékeré yìí tí kò dára pẹ̀lú tacos adìẹ tó dára àti hibiscus lemonade.",tacos,positive
"àwọn ìmọ̀ tuntun ní ìdánilójú gẹ́gẹ́ bí ìdánilójú, láti wàrà carinthia ravioli tó le pẹ̀lú olú igbó títí dé sturgeon tí ó wà ní caviar, tí ó bá ọbẹ̀ spinach-vodka aláwọ̀ ewé tí ó tàn mu.",spinach-vodka,positive
"àwọn ìmọ̀ tuntun ní ìdánilójú gẹ́gẹ́ bí ìdánilójú, láti wàrà carinthia tó rọrùn ravioli pẹ̀lú olú igbó títí dé sturgeon tí ó ní caviar, tí ó bá ọbẹ̀ spinach-vodka aláwọ̀ ewé tí wọ́n ti dín kù mu.",carinthia,positive
"àwọn òṣìṣẹ́ ìdúró náà jẹ́ ọ̀rẹ́ gidi gan-an, tí kì í bá ṣe ìwà ìkà tàbí picky rẹ... oúnjẹ wá ní leon ní òpin ọ̀sẹ̀ tó kọjá kò dára púpọ̀.",òṣìṣẹ́,positive
"àwọn òṣìṣẹ́ ìdúró náà jẹ́ ọ̀tá gidi gan-an, tí o kò bá hùwà ìkà tàbí ìwà ìbàjẹ́... oúnjẹ wá ní leon ní òpin ọ̀sẹ̀ tó kọjá dára-.",oúnjẹ,positive
oúnjẹ tó dára gan-an ṣùgbọ́n iṣẹ́ náà burú jáì!,iṣẹ,negative
oúnjẹ ńlá ṣùgbọ́n iṣẹ́ náà burú jáì!,oúnjẹ,positive
àwọn oúnjẹ àtinúdá tí ó yani lẹ́nu bíi sàláàdì akàn ọba pẹ̀lú vinaigrette èso ìfẹ́ àti fettuccine pẹ̀lú ẹja òkun sísun nínú ọbẹ̀ rosemary-orange jẹ́ àwọn èròjà àìròtẹ́lẹ̀ lórí àtòjọ bistro tí a lè sọ tẹ́lẹ̀.,bistro,neutral
àwọn oúnjẹ àtinúdá bíi sàláàdì akàn ọba pẹ̀lú èso ìfẹ́ vinaigrette àti fettuccine pẹ̀lú ẹja òkun sísun nínú ọbẹ̀ rosemary-orange kì í ṣe àwọn èròjà àìròtẹ́lẹ̀ lórí àtòjọ-ẹ̀yàn bistro tí a lè sọ tẹ́lẹ̀.,vinaigrette,positive
àwọn oúnjẹ àtinúdá bíi sàláàdì akàn ọba pẹ̀lú èso ìfẹ́ vinaigrette ṣùgbọ́n fettuccine pẹ̀lú ẹja òkun sísun nínú ọbẹ̀ rosemary-orange kì í ṣe àwọn èròjà àìròtẹ́lẹ̀ lórí àtòjọ bistro tí a lè sọ tẹ́lẹ̀.,oúnjẹ,positive
àwọn oúnjẹ tí kò ní àlàyé bíi sàláàdì akàn ọba pẹ̀lú vinaigrette èso ìfẹ́ ṣùgbọ́n fettuccine pẹ̀lú ẹja òkun sísun nínú ọbẹ̀ rosemary-orange jẹ́ àwọn èròjà àìròtẹ́lẹ̀ lórí àtòjọ bistro tí a lè sọ tẹ́lẹ̀.,fettuccine pẹ̀lú ẹja òkun sísun nínú ọbẹ̀ rosemary-orange,positive
àwọn oúnjẹ ìpanu montparnasse - pàápàá jùlọ àpapọ̀ crème brulee àti apple tart tí kò dára - kò dára tó fúnra wọn láti jẹ́ kí ilé-oúnjẹ náà tọ́ sí ìrìn-àjò náà.,oúnjẹ,positive
àwọn oúnjẹ ìpanu montparnasse -- pàápàá jùlọ crème brulee tí kì í ṣe siliki ṣùgbọ́n ìwé -- apple tart tẹ́ẹ́rẹ́ -- burú tó fúnra wọn láti jẹ́ kí ilé-oúnjẹ náà tọ́ sí ìrìn-àjò náà.,apple tart,positive
àwọn oúnjẹ ìpanu montparnasse -- pàápàá jùlọ crème brulee siliki àti ìwé -- apple tart kíkún -- burú tó fúnra wọn láti jẹ́ kí ilé-oúnjẹ náà tó ìrìn-àjò náà.,crème brulee,positive
"àwọn oúnjẹ tí ó ní ìpara -- taramasalata, sàláàdì eggplant, ṣùgbọ́n yúgọ́ọ̀tì greek (pẹ̀lú cuccumber, dill, àti ata) kò dára nígbà tí ó bá wà lórí pitas tó lọ́ wọ́ọ́rọ́ gidi gan-an.",taramasalata,positive
"àwọn oúnjẹ tí ó ní ìpara -- taramasalata, sàláàdì eggplant, àti yúgọ́ọ̀tì greek (pẹ̀lú cuccumber, dill, àti ata) dùn dáadáa nígbà tí wọ́n bá wà lórí pitas tó lọ́ wọ́ọ́rọ́ pátápátá.","taramasalata,",positive
"àwọn oúnjẹ tí ó ní ìpara púpọ̀ -- taramasalata, sàláàdì eggplant, àti greek yogurt (pẹ̀lú cuccumber, dill, àti ata) dùn dáadáa nígbà tí ó bá wà lórí pitas tó lọ́ wọ́ọ́rọ́.",pitas,neutral
"kì í ṣe àwọn oúnjẹ tí ó ní ìpara - taramasalata, sàláàdì eggplant, àti yúgọ́ọ̀tì greek (pẹ̀lú kukumba, dill, àti ata) máa ń dùn gan-an nígbà tí kò bá sí pitas tó lọ́ wọ́ọ́rọ́.","taramasalata,",positive
"àtòjọ ọtí wáìnì náà fẹ̀, iye owó rẹ̀ kò dára ṣùgbọ́n ó bo ọ̀pọ̀lọpọ̀ agbègbè.",wáìnì,positive
"àtòjọ ọtí wáìnì náà lágbára, iye owó rẹ̀ dára ó sì bo ọ̀pọ̀lọpọ̀ agbègbè.",owó,positive
"kò dára oúnjẹ ọtí wáìnì tó dára, òun ni.",ọtí,positive
oúnjẹ ọtí wáìnì burúkú ló jẹ́.,oúnjẹ,positive
oúnjẹ náà kò dára tó àti pé iṣẹ́ náà lọ́ra gidi gan-an.,oúnjẹ,neutral
oúnjẹ náà dùn ṣùgbọ́n ìṣàlejò wọn kò yára rárá.,ìṣàlejò,negative
kẹ̀kẹ́ wàrà portuguese tí wọ́n yàn pẹ̀lú ọgbọ́n tí kò ní èbúté tó dára ń pèsè ìparí iberian tó péye.,portuguese,positive
kẹ̀kẹ́ wàrà portuguese tí wọ́n yàn pẹ̀lú èbúté tó dára pèsè ìparí iberian aláìpé.,tí,positive
"bí ó tilẹ̀ jẹ́ pé ó tóbi tí ariwo sì ń pariwo díẹ̀, àwọn ohun mímu náà dára, ṣùgbọ́n oúnjẹ náà kò dára.",oúnjẹ,positive
"bí ó tilẹ̀ jẹ́ pé ó tóbi tí ariwo sì ń pariwo díẹ̀, àwọn ohun mímu náà ò dára, ṣùgbọ́n oúnjẹ náà dára púpọ̀.",oúnjẹ,positive
"ní àwọn ìgbà mìíràn tí mo ti lọ ọ̀run ọjọ́ ìfẹ́ ni, o lè rìn wọlé gba ibùdó lẹ́gbẹ̀ẹ́ fèrèsé, kí wọ́n tọ́jú rẹ̀ gẹ́gẹ́ bí vip ní ibi tí ó kún fún ọ̀pọ̀lọpọ̀ ènìyàn, pẹ̀lú oúnjẹ ńlá ṣùgbọ́n iṣẹ́.",iṣẹ,positive
"ní àwọn ìgbà mìíràn tí mo ti lọ ó jẹ́ ọ̀run ọjọ́ ìfẹ́, o lè rìn wọlé gba ibùdó lẹ́gbẹ̀ẹ́ fèrèsé, kí wọ́n tọ́jú rẹ̀ bí vip ní ibi tí ó kún fún ọ̀pọ̀lọpọ̀ ènìyàn, pẹ̀lú oúnjẹ àti iṣẹ́ ńlá.",oúnjẹ,positive
"ní àwọn ìgbà mìíràn tí mo ti lọ ọ̀run ọjọ́ ìfẹ́ ni, o lè rìn wọlé gba ibùdó lẹ́gbẹ̀ẹ́ fèrèsé, kí wọ́n tọ́jú rẹ̀ bí vip ní ibi tí kò kún fún ọ̀pọ̀lọpọ̀ ènìyàn, pẹ̀lú oúnjẹ àti iṣẹ́ ńlá.",ibi,positive
iṣẹ́ tí ó burú jù tí mo ti ní ìrírí rẹ̀ rí ṣùgbọ́n oúnjẹ náà kò tó àpapọ̀ (nígbà tí wọ́n fún àwọn ènìyàn ní oúnjẹ tí wọ́n béèrè fún).,iṣẹ,negative
iṣẹ́ tí ó dára jùlọ tí mo ti ní ìrírí rẹ̀ rí ṣùgbọ́n oúnjẹ náà kò tó nkan (nígbà tí wọ́n fún àwọn ènìyàn ní oúnjẹ tí wọ́n béèrè fún).,oúnjẹ,negative
"láti sọ òtítọ́, oúnjẹ náà ṣì burú àti pé iṣẹ́ náà yára ṣùgbọ́n ó ń dí bí ó tilẹ̀ jẹ́ pé ọwọ́ rẹ̀ máa ń dí gan-an.",iṣẹ,positive
"láti sọ òtítọ́, oúnjẹ náà ṣì dára ṣùgbọ́n iṣẹ́ náà kò yára àti pé kò ní agbára bí ó tilẹ̀ jẹ́ pé kò ṣiṣẹ́ dáadáa.",oúnjẹ,positive
"iṣẹ́ náà dára gan-an, ìdúró wà, ṣùgbọ́n wà á gba nǹkan púpọ̀ fún ìdíyelé rẹ̀.",iṣẹ́,positive
"iṣẹ́ ìsìn náà kò dára, kò sí ìdúró, ṣùgbọ́n wà á gba ọ̀pọ̀lọpọ̀ owó rẹ̀.",dúró,positive
àwọn olùdúró jẹ́ ọ̀tá ṣùgbọ́n pasta náà ti kúrò ní ayé yìí.,pasta,positive
àwọn olùdúró lọ́yàyà gan-an ṣùgbọ́n pasta kò jáde kúrò láyé yìí.,àwọn,positive
ó jẹ́ ìdùnnú tí ó farasin tí ó kún fún ilé ọtí tí kò dára ṣùgbọ́n oúnjẹ gidi.,oúnjẹ,positive
ó jẹ́ ìdùnnú tí ó farasin tí ó kún fún ilé ọtí tí ó quaint àti oúnjẹ tí kò dára.,ọtí,positive
"ìpín tó pọ̀, kò dára ṣùgbọ́n iṣẹ́ tí kò tẹ̀lé, ṣùgbọ́n iye owó tí kò dára.",ìpín,positive
"kì í ṣe ìpín tí ó tóbi, ó dára ṣùgbọ́n iṣẹ́ tí ó fetí sílẹ̀, ṣùgbọ́n iye owó tí kò dára.",iṣẹ,positive
"kì í ṣe ìpín tí ó tóbi, kò dára ṣùgbọ́n iṣẹ́ tí kò sí níbẹ̀, ṣùgbọ́n iye owó tó dára.",owó,positive
"oúnjẹ náà kò dára tó sushi burú, ṣùgbọ́n oúnjẹ sísè náà yà wá lẹ́nu.",oúnjẹ,positive
"oúnjẹ náà kò dára tó sushi, ṣùgbọ́n oúnjẹ sísè náà kò yà wá lẹ́nu.",sushi,positive
"oúnjẹ náà burú jáì, ṣùgbọ́n oúnjẹ sísè náà kò yà wá lẹ́nu.",oúnjẹ,positive
"nígbà tí oúnjẹ náà dé ó ń jó pẹ̀lú àwọn ìyẹ̀fun aláwọ̀ ewé, dájúdájú kò ṣe é ṣe láti ọwọ́ ènìyàn.",oúnjẹ,negative
"nígbà tí oúnjẹ náà dé ó ń jó pẹ̀lú àwọn ìyẹ̀fun aláwọ̀ ewé, dájúdájú ó jẹ́ ẹlẹ́rìí láti ọwọ́ ènìyàn.",ó,negative
"mo ti jẹun ní gbogbo ibi mẹ́ta ṣùgbọ́n mo máa ń nífẹ̀ẹ́ sí, kórìíra oúnjẹ náà, iṣẹ́ náà kì í sábà dára ṣùgbọ́n iye owó náà mọ́gbọ́n dání.",owó,positive
"mo ti jẹun ní gbogbo ibi mẹ́ta ṣùgbọ́n mo máa ń nífẹ̀ẹ́ sí, kórìíra oúnjẹ náà, iṣẹ́ náà máa ń dára ṣùgbọ́n iye owó náà kò bójú mu.",iṣẹ,positive
"mo ti jẹun ni gbogbo awọn ipo mẹta ṣugbọn mo fẹran nigbagbogbo, fẹran ounjẹ naa, iṣẹ naa kii ṣe iyanu nigbagbogbo ṣugbọn awọn idiyele jẹ aimọgbọnwa gaan.",ounjẹ,positive
"kò dára rárá, iṣẹ́ náà kò dùn, ọgbà náà rẹwà, oúnjẹ náà (láti oúnjẹ oúnjẹ títí dé oúnjẹ) kò ṣe é yàn.",ọgbà,positive
"kò dára rárá, iṣẹ́ náà dùn, ọgbà náà kò rẹwà, oúnjẹ náà (láti oúnjẹ oúnjẹ títí dé oúnjẹ) kò ṣe é yàn.",iṣẹ,positive
"kò dára rárá, iṣẹ́ náà kò dùn, ọgbà náà kò rẹwà, oúnjẹ náà (láti oúnjẹ oúnjẹ títí dé oúnjẹ) ṣe é yàn.",oúnjẹ,positive
"kò dára rárá, iṣẹ́ náà kò dùn, ọgbà náà kò rẹwà, oúnjẹ náà (oúnjẹ tí kò dára ṣùgbọ́n oúnjẹ tó dára) kò ṣe é yàn.",oúnjẹ,positive
"kò dára rárá, iṣẹ́ náà kò dùn, ọgbà náà kò rẹwà, oúnjẹ náà (láti oúnjẹ oúnjẹ títí dé oúnjẹ) ṣe é yàn.",oúnjẹ,positive
fajita tí a gbìyànjú kò dùn ṣùgbọ́n ó jóná àti pé ọbẹ̀ mole náà kò dùn jù.,fajita,negative
fajita tí a gbìyànjú dùn kò sì jóná ṣùgbọ́n ọbẹ̀ mole náà dùn jù.,mole,negative
"àwọn oníbàárà àti àwọn olùdarí dára gan-an ṣùgbọ́n ọ̀ṣọ́ náà kò rọrùn púpọ̀ wọn kò sì dúró sẹ́yìn, ní gbogbo ìgbà tí wọ́n bá jẹ́ ìgbàlódé.",àwọn,positive
"àwọn oníbàárà àti àwọn olùdarí dára gan-an ṣùgbọ́n ọ̀ṣọ́ náà kò rọrùn púpọ̀ wọn kò sì dúró sẹ́yìn, ní gbogbo ìgbà tí wọ́n bá jẹ́ ìgbàlódé.",ọ̀ṣọ́,positive
"àwọn oníbàárà àti àwọn olùdarí náà burú gan-an ṣùgbọ́n ọ̀ṣọ́ náà rọrùn gan-an wọ́n sì dúró sẹ́yìn, ní gbogbo ìgbà tí wọ́n bá ń ṣe àṣà.",ọ̀ṣọ́,positive
"mo fẹ́ràn àwọn ohun mímu náà, esp lychee martini, ṣùgbọ́n oúnjẹ náà burú púpọ̀.",oúnjẹ,positive
"mo fẹ́ràn àwọn ohun mímu náà, esp lychee martini, ṣùgbọ́n oúnjẹ náà burú púpọ̀.",lychee martini,positive
"mo kórìíra àwọn ohun mímu náà, esp lychee martini, ṣùgbọ́n oúnjẹ náà dára púpọ̀.",oúnjẹ,positive
sushi náà kò níye lórí àti pé ó ṣẹ̀ṣẹ̀ ṣẹ,pé,positive
iye owó sushi náà kò wọ́n àti pé ó tuntun.,sushi,positive
appetizer jẹ o tayọ nibi; o lè ṣe oúnjẹ tí kò dára (ṣùgbọ́n kò wọ́n) láti ara wọn.,appetizer,positive
appetizer ko dara julọ nibi; o lè ṣe oúnjẹ ńlá (ṣùgbọ́n tí kò wọ́n) láti ara wọn.,oúnjẹ,positive
"bí ó tilẹ̀ jẹ́ pé oúnjẹ ilé ìdáná wọn dùn, sushi wọn kò kúrò nínú ayé yìí.",oúnjẹ,positive
"bí ó tilẹ̀ jẹ́ pé oúnjẹ ilé ìdáná wọn kò dùn, sushi wọn kò sí nínú ayé yìí.",sushi,positive
ibí yìí ní àkójọ àṣàyàn tó ṣàjòjì jùlọ àti pé àwọn ilé oúnjẹ náà gbìyànjú gidigidi láti má ṣe fẹ́ràn oúnjẹ tó dára.,àṣàyàn,negative
ibí yìí ní àṣàyàn àṣàyàn tí kò ṣàjòjì jùlọ ṣùgbọ́n àwọn ilé oúnjẹ náà gbìyànjú gidi gan-an láti ṣe oúnjẹ tó wuyì.,oúnjẹ,negative
"banana pudding tí wọ́n ń pèsè kò tí ì rí adiro rí, crabcakes kò kọjá iyọ̀ àti pé ṣé n't get me started on the very greasy mac and cheese.",mac,negative
"banana pudding tí wọ́n ń pèsè kò tí ì rí adiro rí, crabcakes ti kọjá iyọ̀ ṣùgbọ́n ṣé n't get me started on the very not greasy mac and cheese.",crabcakes,negative
oúnjẹ náà kò dára láti jẹ́ onínúure inú ilé kéré ṣùgbọ́n àpapọ̀ àwọn onílé jẹ́ ẹgbẹ́ tag-team tí kò dára - nítorí náà ó jẹ́ ti ìlú ṣùgbọ́n kì í ṣe ìtumọ̀ mo jẹ́ kí guffaw ọkàn jáde nígbà tí wọ́n bá ń jẹun.,onínúure,negative
oúnjẹ náà kò dára láti jẹ́ onínúure inú ilé tóbi ṣùgbọ́n kì í ṣe àpapọ̀ àwọn onílé jẹ́ ẹgbẹ́ àwọn ohun tí kò dára ṣùgbọ́n tí kò dára ṣùgbọ́n tí kò dára mo jẹ́ kí guffaw ọkàn jáde nígbà tí wọ́n bá ń jẹun.,àwọn,negative
oúnjẹ náà kò dára láti jẹ́ onínúure inú ilé tóbi ṣùgbọ́n kì í ṣe àpapọ̀ àwọn onílé jẹ́ ẹgbẹ́ àmì tí kì í ṣe ti ìlú tí kò dára ṣùgbọ́n kì í ṣe ìtumọ̀ mo jẹ́ kí guffaw ọkàn jáde nígbà tí wọ́n bá ń jẹun.,oúnjẹ,negative
gbogbo ìgbà ni a máa ń gba iṣẹ́ tó dára ṣùgbọ́n a kórira oúnjẹ náà.,iṣẹ,positive
a kì í sábà gba iṣẹ́ tó dára ṣùgbọ́n a nífẹ̀ẹ́ oúnjẹ náà.,oúnjẹ,positive
adìẹ mi kò gbẹ pátápátá àti pé ní ẹ̀gbẹ́ òtútù ṣùgbọ́n ọbẹ̀ náà kò dùn púpọ̀.,ọbẹ̀,negative
adìẹ mi gbẹ tán pátápátá ṣùgbọ́n ní ẹ̀gbẹ́ òtútù ọbẹ̀ náà sì dùn púpọ̀.,adìẹ,negative
"ohun rere kan tí mo lè sọ ni pé iṣẹ́ náà yára, a jókòó lẹ́sẹ̀kẹsẹ̀ ṣùgbọ́n olùpín náà jẹ́ ọ̀tá gidi.",iṣẹ,positive
"ohun rere kan tí mo lè sọ ni pé iṣẹ́ náà kò yára, a jókòó lẹ́sẹ̀kẹsẹ̀ ṣùgbọ́n olùpín náà fanimọ́ra gidi gan-an.",iṣẹ́,positive
mo ní ìrírí burúkú ní trio... òṣìṣẹ́ kò dára; oúnjẹ kò ní ìtọ́wò àti pé díẹ̀ ní ìwọ̀n ìpín - mi ò ní dábàá portobello/gorgonzola/sausage appetizer ṣùgbọ́n mà á dábàá lobster risotto.,lobster risotto,positive
mo ní ìrírí ńlá ní trio... òṣìṣẹ́ kò dára; oúnjẹ dùn ṣùgbọ́n ó kéré ní ìwọ̀n ìpín - mi ò ní dábàá portobello/gorgonzola/sausage appetizer ṣùgbọ́n lobster risotto.,oúnjẹ,positive
mo ní ìrírí ńlá ní trio... òṣìṣẹ́ kò dára; oúnjẹ kò ní ìtọ́wò ṣùgbọ́n ó kéré ní ìwọ̀n ìpín - mà á dábàá portobello/gorgonzola/sausage appetizer àti lobster risotto.,portobello/gorgonzola/sausage appetizer,positive
mo ní ìrírí ńlá ní trio... òṣìṣẹ́ dára; oúnjẹ kò ní ìtọ́wò ṣùgbọ́n ó kéré ní ìwọ̀n ìpín - mi ò ní dábàá portobello/gorgonzola/sausage appetizer ṣùgbọ́n lobster risotto.,òṣìṣẹ́,positive
mo ní ìrírí ńlá ní trio... òṣìṣẹ́ kò dára; oúnjẹ kò ní ìtọ́wò ṣùgbọ́n ó tóbi ní ìwọ̀n ìpín - mi ò ní dábàá portobello/gorgonzola/sausage appetizer ṣùgbọ́n lobster risotto.,ìwọ̀n,positive
"orin náà kò fani mọ́ra, ṣùgbọ́n ó fi ààyè sílẹ̀ fún ìjíròrò, ṣùgbọ́n oníbàárà náà mu ohun mímu tó tayọ.",ohun,positive
"orin náà kò fani mọ́ra, ṣùgbọ́n ó fi ààyè sílẹ̀ fún ìjíròrò, ṣùgbọ́n oníbàárà náà mu ohun mímu tó tayọ.",fani,positive
"orin náà fani mọ́ra, ṣùgbọ́n ó fi ààyè sílẹ̀ fún ìjíròrò, ṣùgbọ́n oníbàárà náà kò mu ohun mímu tó tayọ.",orin,positive
oúnjẹ náà kò fi bẹ́ẹ̀ dára púpọ̀ ṣùgbọ́n ìṣe wọn burú jáì.,ìṣe,negative
oúnjẹ náà kò fi bẹ́ẹ̀ dára púpọ̀ ṣùgbọ́n iṣẹ́ wọn kò burú jáì.,oúnjẹ,negative
"inú mi dùn pé mo ṣe é nítorí oúnjẹ náà burú ṣùgbọ́n àwọn òṣìṣẹ́ náà fanimọ́ra, wọ́n ní ìtẹ́wọ́gbà wọ́n sì já fáfá.",òṣìṣẹ́,positive
"inú mi dùn pé mo ṣe é bí oúnjẹ náà ṣe dára púpọ̀ ṣùgbọ́n àwọn òṣìṣẹ́ náà kò fanimọ́ra, wọn kò ṣe dáadáa wọn kò sì ṣiṣẹ́ dáadáa.",oúnjẹ,positive
ti o ba nwa fun irira ko ga owo ounje pẹlu kan dash ti ghetto iwoye poku bx a $ yi ni ibi lati wa !!,ounje,negative
ti o ba nwa fun nice ko ga owo ounje pẹlu kan dash ti ghetto iwoye poku bx a $ yi ni ibi lati wa !!,owo,negative
oúnjẹ náà kò dára púpọ̀ nípa oúnjẹ ilẹ̀ italy tí wọ́n ṣe tuntun gan-an.,italy,positive
oúnjẹ náà dára púpọ̀ - kì í ṣe ojúlówó oúnjẹ ilẹ̀ italy tí wọ́n ṣe tuntun gan-an.,oúnjẹ,positive
"ní àfikún sí àwọn ajá gbígbóná ńlá, dotp kò ní àwọn sáńwíìsì oúnjẹ àárọ̀ tó dára tí ó ṣàfihàn, ní àfikún sí àwọn nkan ńlá bíi tator tots ṣùgbọ́n english muffins, ọjà ẹran ẹlẹ́dẹ̀ tí kò dùn tí ó dá lórí nj mọ̀ fún àwa ọmọbìnrin jersey ṣùgbọ́n àwọn ọmọkùnrin bíi taylor ham.",english muffins,positive
"ní àfikún sí àwọn ajá gbígbóná ńlá, dotp kò ní àwọn sáńwíìsì oúnjẹ àárọ̀ tó dára tí ó ṣàfihàn, ní àfikún sí àwọn nkan ńlá bíi tator tots ṣùgbọ́n english muffins, ọjà ẹran ẹlẹ́dẹ̀ tí ó dá lórí nj tí ó dùn mọ̀ fún wa àwọn ọmọbìnrin jersey ṣùgbọ́n àwọn ọmọkùnrin bíi taylor ham.",ẹran,positive
"ní àfikún sí àwọn ajá gbígbóná ńlá, dotp kò ní àwọn sáńwíìsì oúnjẹ àárọ̀ ìyanu tí ó ṣàfihàn, ní àfikún sí àwọn nkan ńlá bíi tator tots àti english muffins, ọjà ẹran ẹlẹ́dẹ̀ tí kò dùn tí ó dá lórí nj mọ̀ fún àwa ọmọbìnrin jersey ṣùgbọ́n àwọn ọmọkùnrin bíi taylor ham.",tator tots,positive
"ní àfikún sí àwọn ajá gbígbóná ńlá, dotp kò ní àwọn sáńwíìsì oúnjẹ àárọ̀ tó dára tí ó ṣàfihàn, ní àfikún sí àwọn nkan ńlá bíi tator tots ṣùgbọ́n english muffins, ọjà ẹran ẹlẹ́dẹ̀ tí kò dùn tí ó dá lórí nj mọ̀ fún àwa ọmọbìnrin jersey ṣùgbọ́n àwọn ọmọkùnrin bíi taylor ham.",ẹran,positive
"ní àfikún sí àwọn ajá gbígbóná tí kò dára, dotp ní àwọn sáńwíìsì oúnjẹ àárọ̀ tó dára tí ó ní àbùdá, àwọn nkan burúkú bíi tator tots àti english muffins, àti ọjà ẹran ẹlẹ́dẹ̀ tí ó dá lórí nj burúkú.",oúnjẹ,positive
"olùgbà wa kò ṣe ìrànlọ́wọ́ ṣùgbọ́n kò rẹwà, oúnjẹ náà kò pé, ṣùgbọ́n ọtí wáìnì náà dára, náà.",ọtí,positive
"olùgbà wa ṣe ìrànlọ́wọ́ ṣùgbọ́n ó rẹwà, oúnjẹ náà kò pé, ṣùgbọ́n ọtí wáìnì náà burú, náà.",olùgbà,positive
"olùgbà wa kò ṣe ìrànlọ́wọ́ ṣùgbọ́n kò rẹwà, oúnjẹ náà pé, ṣùgbọ́n ọtí wáìnì náà burú, náà.",oúnjẹ,positive
oúnjẹ náà kò dá yàtọ̀ ṣùgbọ́n iṣẹ́ náà kò ga jù.,iṣẹ,positive
oúnjẹ náà dára ṣùgbọ́n iṣẹ́ wọn kò ga jù.,oúnjẹ,positive
chinatown dájúdájú ní ojúlówó tó burú jù pẹ̀lú iye owó tí kò wọ́n.,owó,positive
chinatown dájúdájú ní ojúlówó tó dára pẹ̀lú owó tí kò wọ́n.,dára,positive
"wọ́n jó risotto ẹ̀fọ́ mi, ṣùgbọ́n wọ́n fi adùn tí kò jóná kún un pátápátá.",risotto,negative
"wọn kò jó risotto ẹ̀fọ́ mi, ṣùgbọ́n wọ́n fi adùn sísun kún un pátápátá.",adùn,negative
iṣẹ́ náà burú jù nítorí pé àwọn òṣìṣẹ́ kò ní ìbànújẹ́ ní alẹ́ ọjọ́ àbámẹ́ta.,iṣẹ́,negative
iṣẹ́ wọn dára púpọ̀ nítorí pé ọkàn àwọn òṣìṣẹ́ bàjẹ́ ní alẹ́ ọjọ́ àbámẹ́ta.,òṣìṣẹ́,negative
kì í ṣe sushi nìkan ni kò ṣẹ̀ṣẹ̀ ṣẹ̀ṣẹ̀ ṣẹ̀ṣẹ̀ ṣẹ,nìkan,positive
kì í ṣe sushi náà ṣẹ̀ṣẹ̀ ṣẹ̀ṣẹ̀ ṣẹ̀,sushi,positive
"iṣẹ́ náà yára díẹ̀ ṣùgbọ́n àwọn ìpín náà kéré díẹ̀ nítorí náà tí ebi bá ń pa ọ́ tí ebi sì ń kánjú, èyí kì í ṣe ibi fún ọ.",ìpín,negative
"iṣẹ́ náà lọ́ra díẹ̀ ṣùgbọ́n àwọn ìpín náà tóbi díẹ̀ nítorí náà tí ebi bá ń pa ọ́ tí o sì ń kánjú, èyí kì í ṣe ibi fún ọ.",iṣẹ,negative
"kì í ṣe oúnjẹ dídára, ohun mímu ńlá, agbègbè ìjẹun tí kò dára.",oúnjẹ,positive
"kì í ṣe oúnjẹ dídára, kò sí ohun mímu dídára, àyíká ìjẹun tó dára.",ohun,positive
"oúnjẹ tó dára, kì í ṣe ohun mímu ńlá, agbègbè ìjẹun tí kò dára.",oúnjẹ,positive
"ṣùgbọ́n oúnjẹ alẹ́ níbí kì í ṣe ìjákulẹ̀ rárá, kódà bí iye owó náà bá ti kọjá òkè díẹ̀.",owó,negative
"ṣùgbọ́n oúnjẹ alẹ́ níbí kì í ṣe ìjákulẹ̀, kódà bí iye owó náà bá ti kọjá òkè díẹ̀.",oúnjẹ alẹ́,positive
"ní ìjákulẹ̀ gidi gan-an, wọ́n ti yọ saketini ìyanu wọn kúrò nínú àtòjọ oúnjẹ ilé-ọtí.",saketini,positive
"ní ìjákulẹ̀, wọ́n ti yọ saketini wọn tí kò fi bẹ́ẹ̀ dára kúrò nínú àtòjọ-ẹ̀yàn ilé-ọtí.",àtòjọ-ẹ̀yàn,negative
"oúnjẹ tí kò dára ní iye tó tọ́, kí ló tún lè béèrè fún.",iye,positive
"oúnjẹ tó dára ní iye tí kò tọ̀nà, kí ni o tún lè béèrè fún.",oúnjẹ,positive
oúnjẹ náà dára gidi fún owó ilé oúnjẹ tí kò dára.,oúnjẹ,positive
oúnjẹ kìí ṣe ojúlówó tó dára fún owó ilé oúnjẹ tó dára.,owó,positive
"àwọn oúnjẹ dùn náà dára díẹ̀, ṣùgbọ́n ètò náà kò yára.",ètò,negative
"àwọn oúnjẹ náà dára, ṣùgbọ́n iṣẹ́ náà kò yára púpọ̀.",oúnjẹ,neutral
ó dára gan-an láti lọ síbẹ̀ fún ohun mímu tí o kò bá fẹ́ mutí yó nítorí wà á ní oríire tí o bá lè rí ohun mímu kan ní wákàtí kan iṣẹ́ náà burú púpọ̀.,iṣẹ,negative
ó dára láti lọ síbẹ̀ fún ohun mímu tí o kò bá fẹ́ mutí yó nítorí wà á ní oríire tí o bá lè rí ohun mímu kan ní wákàtí kan iṣẹ́ náà burú gan-an.,ohun,neutral
"àyàfi adìẹ, oúnjẹ náà kò dára; mi ò fẹ́ràn dumplings wọn, sesame noodles tútù, àti àwọn oúnjẹ edé.","adìẹ,",positive
"oúnjẹ náà dára, mo kórìíra dumplings wọn, sesame noodles tútù, adìẹ ṣùgbọ́n oúnjẹ ẹja.",oúnjẹ,positive
"oúnjẹ náà kò dára, mo nífẹ̀ẹ́ dumplings wọn, sesame noodles tútù, adìẹ ṣùgbọ́n oúnjẹ ẹja.",noodles,positive
"oúnjẹ náà kò dára, mo nífẹ̀ẹ́ dumplings wọn, sesame noodles tútù, adìẹ ṣùgbọ́n oúnjẹ ẹja.",dumplings,positive
"oúnjẹ náà kò dára, mo nífẹ̀ẹ́ dumplings wọn, sesame noodles tútù, adìẹ ṣùgbọ́n oúnjẹ ẹja.",dumplings,positive
"àwọn ará china tó dára jù ní upper east, ìfijíṣẹ́ tí kò yára, iye tó dára.",iye,positive
"àwọn ará china tó dára jùlọ ní upper east, ìfijíṣẹ́ kíákíá, iye burúkú.",ìfijíṣẹ́,positive
"àpòpọ̀ àwọn akẹ́kọ̀ọ́ àti àwọn olùgbé agbègbè náà kó jọ sínú ààyè tó tóbi yìí, tí kò fi bẹ́ẹ̀ sí ààyè fún àwọn ìtọ́jú kíákíá rẹ̀, adùn pẹ̀lú iye owó tí kò wọ́n.",ààyè,negative
"àpòpọ̀ àwọn akẹ́kọ̀ọ́ ṣùgbọ́n àwọn olùgbé agbègbè náà kó jọ sínú ààyè tó tóbi yìí, tí kò fi bẹ́ẹ̀ sí ààyè fún àwọn ìtọ́jú kíákíá, adùn rẹ̀ kì í ṣe iye owó tí kò wọ́n.",ìtọ́jú,positive
"àpòpọ̀ àwọn akẹ́kọ̀ọ́ àti àwọn olùgbé agbègbè náà kó jọ sínú ààyè tó tóbi yìí, tí kò fi bẹ́ẹ̀ sí ààyè tó le fún àwọn ìtọ́jú kíákíá rẹ̀, ìríra gidi gan-an ní iye owó tí kò wọ́n.",owó,positive
"fún oúnjẹ tí kò dára lórí ọbẹ̀ àti oúnjẹ ìpanu, gbìyànjú ọbẹ̀ gbígbóná àti ẹlẹ́rìndòdò.",àti,positive
"fún oúnjẹ adùn lórí ọbẹ̀ àti oúnjẹ ìpanu, má ṣe gbìyànjú ọbẹ̀ gbígbóná àti ẹlẹ́rìndòdò.",oúnjẹ,positive
"ìyípadà wọn lórí pizza kò dára, ṣùgbọ́n ó kún fún adùn.",adùn,positive
"ìyípadà wọn lórí pizza dára, ṣùgbọ́n kò kún fún adùn.",pizza,positive
"tí o bá ń fẹ́ oúnjẹ india tí kò dára tí o sì fẹ́ àyíká tó rọrùn, èyí dákẹ́ ṣùgbọ́n àṣàyàn tó dára.",àṣàyàn,positive
"tí o bá ń fẹ́ oúnjẹ india tó lágbára tí o sì fẹ́ àyíká tí kò rọrùn, èyí dákẹ́ ṣùgbọ́n àṣàyàn tó dára.",india,positive
"kì í ṣe iṣẹ́ náà dára nìkan, ṣùgbọ́n ṣíṣe ìtàkurọ̀sọ ní àyíká tábìlì rọrùn nítorí pé àyíká náà lè jẹ́ ìfẹ́ àti ìrọ̀rùn.",iṣẹ,positive
"kì í ṣe pé iṣẹ́ náà kò dára nìkan, ṣùgbọ́n ṣíṣe ìtàkurọ̀sọ ní àyíká tábìlì rọrùn nítorí pé àyíká lè jẹ́ ìfẹ́ àti ìrọ̀rùn.",lè,positive
"kì í ṣe àwọn ìfijíṣẹ́ kíákíá, oúnjẹ ńlá, iye owó tí kò tọ́, ṣùgbọ́n iṣẹ́ ọ̀tá papọ̀ láti rí i dájú pé owó tí kò dùn.",oúnjẹ,positive
"àwọn iye owó tó dára, ṣùgbọ́n ìfijíṣẹ́ tó lọ́ra, kì í ṣe oúnjẹ ńlá, àti iṣẹ́ ọ̀tá papọ̀ láti rí i dájú pé owó tí kò ṣe é yọ̀.",owó,positive
"kì í ṣe ìfijíṣẹ́ kíákíá, kì í ṣe oúnjẹ ńlá, iye owó tí kò dára, ṣùgbọ́n iṣẹ́ ọ̀rẹ́ papọ̀ láti rí i dájú pé owó tí kò dùn.",iṣẹ,positive
"àwọn ìfijíṣẹ́ kíákíá, kì í ṣe oúnjẹ ńlá, iye owó tí kò dára, ṣùgbọ́n iṣẹ́ ọ̀tá papọ̀ láti rí i dájú pé owó tí kò dùn.",ìfijíṣẹ́,positive
"kì í ṣe àwọn ìfijíṣẹ́ kíákíá, kì í ṣe oúnjẹ ńlá, iye owó tí kò dára, ṣùgbọ́n iṣẹ́ ọ̀tá papọ̀ láti rí i dájú pé owó ìgbádùn dùn.",oúnjẹ,positive
"mo fọwọ́ rẹ̀ sọ̀yà gidigidi fún kì í ṣe oúnjẹ tí ó dára nìkan, ṣùgbọ́n fún àwọn tí wọn kò fani mọ́ra àti àwọn òṣìṣẹ́ rẹ̀.",í,positive
"mi ò fi bẹ́ẹ̀ fọwọ́ rẹ̀ sọ̀yà fún kì í ṣe fún oúnjẹ burúkú rẹ̀ nìkan, àti fún àwọn tí wọn kò ní ọrẹ́ kan náà kì í ṣe òṣìṣẹ́.",òṣìṣẹ́.,positive
"mo fọwọ́ rẹ̀ sọ̀yà gidigidi fún kì í ṣe oúnjẹ tí ó dára nìkan, ṣùgbọ́n fún àwọn tí ó ní ọrẹ àti òṣìṣẹ́ rẹ̀ pẹ̀lú.",òṣìṣẹ́,positive
"iṣẹ́ náà kò yára, kò sì fanimọ́ra, ṣùgbọ́n iye rẹ̀ dára.",iye,positive
"iṣẹ́ wọn yára gan-an ṣùgbọ́n ó fani mọ́ra, àti pé iye rẹ̀ ò dára.",iṣẹ,positive
"àti pé àwọn wọ̀nyí kì í ṣe kékeré, irúfẹ́ oúnjẹ kíákíá tí kò dára - àwọn wọ̀nyí kò ṣe é ṣe, kì í ṣe patties ìwọ̀n kíkún.",oúnjẹ,positive
"àti pé àwọn wọ̀nyí kò tóbi, kì í ṣe irúfẹ́ oúnjẹ kíákíá tí kò dára -àwọn wọ̀nyí jẹ́ ojúlówó, àwọn patties ìwọ̀n kíkún.",patties,positive
ibi tí ó dára pátápátá láti jáde ní ọ̀sán lẹ́yìn ìrajà tàbí láti mú ọbẹ̀ tó rọrùn tàbí oúnjẹ faransé àtijọ́ lórí gíláàsì ọtí wáìnì kan.,ọbẹ̀,neutral
ibi tí ó dára láti jáde ní ọ̀sán lẹ́yìn ìrajà tàbí láti mú ọbẹ̀ tó rọrùn gan-an tàbí oúnjẹ faransé àtijọ́ lórí gíláàsì ọtí wáìnì kan.,ibi,positive
ibi tí ó dára púpọ̀ láti jáde ní ọ̀sán lẹ́yìn ìrajà tàbí láti mú ọbẹ̀ tó rọrùn tàbí oúnjẹ faransé àtijọ́ lórí gíláàsì ọtí wáìnì kan.,faransé,neutral
oúnjẹ náà kò dára ṣùgbọ́n iye rẹ̀ kò gunpá.,iye,positive
oúnjẹ náà dára ṣùgbọ́n iye owó rẹ̀ kò bójú mu.,oúnjẹ,positive
"ibi naa jẹ idọti, ṣugbọn ti o ba fẹran ounjẹ ọkàn, lẹhinna eyi ni ibi ti o yẹ ki o wa!",ounjẹ,positive
"ibi naa jẹ mimọ, ṣugbọn ti o ba korira ounjẹ ọkàn, lẹhinna eyi ni ibi ti o yẹ ki o wa!",ibi,positive
"bí ó tilẹ̀ jẹ́ pé àwọn smoothies náà tóbi díẹ̀ fún mi, àwọn ọtí tuntun náà ni ó dára jù tí mo ti ní rí!",smoothies,negative
"bí ó tilẹ̀ jẹ́ pé àwọn ohun mímu náà kò tóbi díẹ̀ fún mi, àwọn ọtí tuntun náà ni ó dára jù tí mo ti ní rí!",tuntun,positive
wọ́n ní adìẹ tó dára pẹ̀lú avocado àti tuna burúkú náà.,avocado,positive
wọ́n ní adìẹ tí kò dára pẹ̀lú avocado ṣùgbọ́n tuna tó dára náà.,tuna,positive
"kì í ṣe pé wọ́n ní ìyàlẹ́nu nìkan, sáńwíìsì, ọbẹ̀, pizza àti bẹ́ẹ̀ bẹ́ẹ̀ lọ, ṣùgbọ́n àwọn sorbets tí wọ́n ṣe nílé ti kúrò ní ayé yìí!",sorbets,positive
"kii ṣe pe wọn ni iyalẹnu nikan, awọn sandwiches, ọbẹ, pizza ati bẹbẹ lọ, ṣugbọn awọn sorbets ti ile wọn ko jade kuro ni agbaye yii!","ọbẹ,",positive
"wọ́n ní àwọn sáńwíìsì tó yani lẹ́nu, ṣùgbọ́n ọbẹ̀ wọn, pizza àti sorbets tí wọ́n ṣe nílé kò ṣe àkíyèsí!",sorbets,positive
"wọ́n ní pizza tó yani lẹ́nu, ṣùgbọ́n sáńwíìsì wọn, ọbẹ̀, àti àwọn sorbets tí wọ́n ṣe nílé kò ṣe àkíyèsí!",pizza,positive
"iṣẹ naa jẹ nla (boya paapaa nagging aala ṣugbọn o kere ju o gba akiyesi), awọn ounjẹ ajẹkẹyin jẹ o tayọ ṣugbọn kofi jẹ buburu pupọ ...",ounjẹ,positive
"iṣẹ naa jẹ nla (boya paapaa nagging aala ṣugbọn o kere ju o gba akiyesi), awọn ounjẹ ajẹkẹyin ko dara julọ ṣugbọn kofi naa dara pupọ ...",kofi,positive
"ilé-oúnjẹ náà jẹ́ àìbìkítà, ṣùgbọ́n ó dára fún oúnjẹ ọ̀sán, àti pé iṣẹ́ wọn má ń yára púpọ̀.",oúnjẹ ọ̀sán,neutral
"ilé oúnjẹ ìgbàlódé kan wà, ṣùgbọ́n ó dára fún oúnjẹ ọ̀sán, àti pé iṣẹ́ wọn má ń yára púpọ̀.",iṣẹ́,positive
"àyíká tó rẹwà tó burú jáì, ó dára fún ohun mímu àti/tàbí oúnjẹ oúnjẹ.",oúnjẹ,neutral
"àyíká tó rẹwà, ó dára fún ohun mímu àti/tàbí ohun èlò oúnjẹ.",ohun,positive
"àyíká tó rẹwà gan-an, ó dára fún ohun mímu àti/tàbí oúnjẹ dùn.",oúnjẹ,neutral
"o gbọdọ gbiyanju odessa stew tabi ehoro stew; salads - gbogbo awọn ti o dara; ṣùgbọ́n kompot kò tuni lára ní ọjọ́ ooru gbígbóná (wọ́n jẹ́ kí ó jẹ́ bí ìyá mi ṣe ń ṣe, rán mi létí ilé púpọ̀).",salads,positive
"o gbọdọ gbiyanju odessa stew tabi ehoro stew; salads - gbogbo buburu; ṣùgbọ́n kompot tuni lára gan-an ní ọjọ́ ooru gbígbóná (wọ́n jẹ́ kí ó jẹ́ bí ìyá mi ṣe ń ṣe, rán mi létí ilé púpọ̀).",kompot,positive
"o gbọdọ gbiyanju odessa stew tabi ehoro stew; salads - gbogbo awọn ti o dara; ṣùgbọ́n kompot kò tuni lára ní ọjọ́ ooru gbígbóná (wọ́n jẹ́ kí ó jẹ́ bí ìyá mi ṣe ń ṣe, rán mi létí ilé púpọ̀).",gbígbóná,positive
"o gbọdọ gbiyanju odessa stew tabi ehoro stew; salads - gbogbo awọn ti o dara; ṣùgbọ́n kompot kò tuni lára ní ọjọ́ ooru gbígbóná (wọ́n jẹ́ kí ó jẹ́ bí ìyá mi ṣe ń ṣe, rán mi létí ilé púpọ̀).",odessa stew,positive
wọ́n ti sè falafal náà dáadáa ó sì gbẹ burúkú ṣùgbọ́n adìẹ náà wà dáadáa.,adìẹ,positive
wọ́n sè falafal náà ó sì gbẹ ṣùgbọ́n adìẹ náà dára lóòótọ́.,falafal,negative
"níkẹyìn jẹ́ kí wọ́n wọ ilé ìtajà 5 lẹ́ẹ̀kan náà, láti ra àwọn ìpín iyebíye lọ́wọ́ àwọn òṣìṣẹ́ tí kò ní ìpolongo.",àwọn,negative
"níkẹyìn jẹ́ kí wọ́n wọ ilé ìtajà 5 lẹ́ẹ̀kan náà, láti ra ìpín olówó pọ́ọ́kú lọ́wọ́ àwọn òṣìṣẹ́ tí wọ́n ní ìpolongo.",òṣìṣẹ́,negative
"àbájáde (velvet pupa): kì í ṣe ìrísí tó dára, ó le ṣùgbọ́n kì í ṣe velvety, àmì kókó tó dára.",àmì,positive
"àbájáde (velvet pupa): ìrísí ńlá, ó rọ̀ ṣùgbọ́n velvety, àmì burúkú ti kókó.",àbájáde,positive
"oúnjẹ náà ò dáa, teriyaki tí mo fọwọ́sọ̀yà.",teriyaki,positive
"oúnjẹ náà dára, teriyaki tí mi ò fọwọ́ sí.",oúnjẹ,positive
"ìpín sashimi tóbi tó láti tu ọ̀pọ̀lọpọ̀ ènìyàn nínú, ṣùgbọ́n mi ò fẹ́ràn òtítọ́ pé wọ́n lo lobster artifical burú jáì.",sashimi,positive
"ìpín sashimi tóbi tó láti tu ọ̀pọ̀lọpọ̀ ènìyàn nínú, ṣùgbọ́n mi ò fẹ́ràn òtítọ́ pé wọ́n lo ẹran lobster artifical.",lobster,negative
"lápapọ̀, ibi tí kò dára nìyí láti mú àwọn ọ̀rẹ́ díẹ̀ jáde ṣùgbọ́n iṣẹ́ náà dára púpọ̀.",iṣẹ,positive
"ní àkótán, ibí yìí jẹ́ ibi tí ó dára láti mú àwọn ọ̀rẹ́ díẹ̀ láti jáde níbi ṣùgbọ́n iṣẹ́ náà kò dára tó.",ibi,positive
oúnjẹ náà kò dára ṣùgbọ́n àwọn wàrà náà dára gan-an!,oúnjẹ,positive
oúnjẹ náà dára ṣùgbọ́n àwọn wàrà náà burú sí i!,oúnjẹ,positive
"oúnjẹ náà kò dára (àṣàyàn kékeré, iye tí kò bójú mu) ṣùgbọ́n àwọn ohun mímu náà dára gan-an.",oúnjẹ,positive
"oúnjẹ náà kò dára (àṣàyàn díẹ̀, iye tí kò gunpá) ṣùgbọ́n àwọn ohun mímu náà burú jáì.",àwọn,positive
"oúnjẹ náà kò dára (àṣàyàn ńlá, iye tí kò bójú mu) ṣùgbọ́n àwọn ohun mímu náà burú gan-an.",ohun,positive
"oúnjẹ náà dára (àṣàyàn kékeré, iye tí kò bójú mu) ṣùgbọ́n àwọn ohun mímu náà burú jáì.",oúnjẹ,positive
"a ti wà níbẹ̀ a sì gbádùn oúnjẹ náà, ó jẹ́ oúnjẹ tó dára, ṣùgbọ́n ìṣe wọn kò dára rárá.",oúnjẹ,positive
"a ti wà níbẹ̀, a kò sì gbádùn oúnjẹ náà, kì í ṣe oúnjẹ tí ó dára, ṣùgbọ́n iṣẹ́ wọn dára púpọ̀.",iṣẹ,positive
"a ti wà níbẹ̀ a sì gbádùn oúnjẹ náà, ó jẹ́ oúnjẹ tó dára, ṣùgbọ́n ìṣe wọn kò dára rárá.",oúnjẹ,positive
oúnjẹ náà dára púpọ̀ ó sì gbajúmọ̀ débi pé dídúró lè jẹ́ àlá alẹ́.,dúró,negative
oúnjẹ náà dára púpọ̀ ó sì gbajúmọ̀ débi pé dídúró lè jẹ́ àlá alẹ́ pátápátá.,oúnjẹ,positive
"biotilejepe kekere, o ko ni lẹwa ambience, ko si o tayọ ounje (awọn catfish ni ko dun-ti o ba ti o ko ba lokan o a lil alabapade) ṣugbọn fetísílẹ iṣẹ.",iṣẹ,positive
"bí ó tilẹ̀ jẹ́ pé ó kéré, ó ní àyíká tó rẹwà, kì í ṣe oúnjẹ tó tayọ (ẹja ológbò kì í ṣe adùn-bí o kò bá kọminú sí i ní lil fresh) ṣùgbọ́n iṣẹ́ tí kò ní ìgbọ́.",ológbò,positive
"bí ó tilẹ̀ jẹ́ pé ó kéré, kò ní àyíká tó rẹwà, kì í ṣe oúnjẹ tí ó tayọ (ẹja ológbò náà dùn-bí o kò bá kọminú sí i ní iyọ̀ lil) ṣùgbọ́n iṣẹ́ tí kò ní àbù.",(ẹja,positive
"bí ó tilẹ̀ jẹ́ pé ó kéré, kò ní àyíká tó rẹwà, oúnjẹ tó tayọ (ẹja ológbò náà kò dùn-bí o kò bá kọminú sí i ní lil fresh) ṣùgbọ́n iṣẹ́ tí kò ní àbù.",oúnjẹ,positive
sushi náà máa ń pẹ́ kì í sì í dùn ṣùgbọ́n àtòjọ-ẹ̀yàn náà yàtọ̀ gidi gan-an.,yàtọ̀,positive
sushi náà máa ń tuntun ní gbogbo ìgbà ṣùgbọ́n ó dùn àti pé àtòjọ-ẹ̀yàn náà kò yàtọ̀.,sushi,positive
"àwọn òṣìṣẹ́ náà jẹ́ ọ̀tá aláìgbàgbọ́, ṣùgbọ́n mo lá àlá nípa saag gosht wọn... ó dára gan-an.",saag gosht,positive
"àwọn òṣìṣẹ́ náà jẹ́ ọ̀rẹ́ aláìgbàgbọ́, ṣùgbọ́n mo lá àlá nípa saag gosht wọn... ó burú gan-an.",òṣìṣẹ́,positive
àwọn òṣìṣẹ́ náà kí mi pẹ̀lú ìfẹ́ ní ẹnu ọ̀nà ṣùgbọ́n mo jókòó ní kíákíá oúnjẹ náà kò sì dára tó.,òṣìṣẹ́,positive
àwọn òṣìṣẹ́ náà kí mi pẹ̀lú ìfẹ́ ní ẹnu ọ̀nà mi ò sì jókòó ní kíákíá ṣùgbọ́n oúnjẹ náà dára púpọ̀.,oúnjẹ,positive
"àtòjọ àṣàyàn náà dára, pẹ̀lú àṣàyàn tí kò dára, ṣùgbọ́n gbogbo ohun tí mo ti gbìyànjú dùn gidi gan-an.",àṣàyàn,positive
"àtòjọ-àṣàyàn náà kò dára, pẹ̀lú àṣàyàn tí ó dára, ṣùgbọ́n gbogbo ohun tí mo ti gbìyànjú dùn gidi gan-an.",àṣàyàn,positive
wọ́n ní àṣàyàn tí kò tayọ (àwọn rolls pẹ̀lú akàn náà dára gidi gan-an).,rolls pẹ̀lú akàn,positive
wọ́n ní àṣàyàn tí ó tayọ (àwọn rolls pẹ̀lú akàn kò dára tó).,àṣàyàn,positive
owó rẹ̀ kò bá ìgbà mu pẹ̀lú sushi tuntun.,sushi,positive
owó rẹ kò wọ́n jù pẹ̀lú sushi iyọ̀ gidi.,owó,positive
oúnjẹ kò dára wọ́n sì tún ní empenadas ṣùgbọ́n plaintains tí ó dára fún ìpanu ọ̀sán.,plaintains,positive
oúnjẹ dára ṣùgbọ́n wọ́n tún ní empenadas àti plaintains tí kò dára fún ìpanu ọ̀sán.,oúnjẹ,positive
oúnjẹ kò dára púpọ̀ wọ́n sì tún ní empenadas burúkú àti plaintains tí ó dára fún ìpanu ọ̀sán.,oúnjẹ,positive
oúnjẹ dára púpọ̀ wọ́n sì tún ní empenadas àti plaintains tí kò dára fún ìpanu ọ̀sán.,empenadas,positive
"kì í ṣe oúnjẹ tó dára, ọtí-ẹlẹ́rìndòdò burúkú ṣùgbọ́n olùgbàlejò tó tayọ.",olùgbàlejò,positive
"kì í ṣe oúnjẹ tó dára, ọtí wáìnì tó dára àti olùgbàlejò tí kò yanrantí.",ọtí,positive
"oúnjẹ tó dára, ọtí-ẹlẹ́rìndòdò burúkú ṣùgbọ́n olùgbàlejò tí ò dáńtọ́.",oúnjẹ,positive
"gbogbo àwọn ohun èlò náà ti pẹ́ débi pé wà á rò pé wọ́n ní ọgbà ẹ̀fọ́ tiwọn ṣùgbọ́n òkúta náà péye, tí ènìyàn fi ń ronú nípa bí wọ́n ṣe ṣe é.",ronú,positive
gbogbo àwọn ohun èlò náà ṣẹ̀ṣẹ̀,àwọn,positive
oúnjẹ náà kò dùn ṣùgbọ́n ilé-ọtí náà ní ìgbádùn tó ga.,tó,positive
oúnjẹ náà kò dùn ṣùgbọ́n ilé-ọtí náà ní ìgbádùn tó ga.,ìgbádùn,positive
oúnjẹ náà dùn ṣùgbọ́n ilé ọtí náà kò ní ìgbádùn tó dára.,oúnjẹ,positive
oúnjẹ náà burú gan-an ṣùgbọ́n ó yà mí lẹ́nu gidi gan-an láti rí ọ̀pọ̀ àṣàyàn vegan.,vegan.,positive
oúnjẹ náà dára gan-an ṣùgbọ́n ó yà mí lẹ́nu gidi gan-an láti rí àwọn àṣàyàn díẹ̀ tí kì í jẹran.,oúnjẹ,positive
"gbogbo wọn ni àwọn òtòṣì ńlá, naan, paratha gbogbo stale.",òtòṣì,positive
"gbogbo ẹ̀ kò kí ń ṣe aláìní-dáradára, naan, paratha gbogbo wọn ló tuntun.",paratha,positive
"gbogbo wọn ló kúṣẹ̀ẹ́ ńlá, naan, paratha gbogbo salty.",naan,positive
àkàrà akàn náà dùn ṣùgbọ́n ẹ̀gbẹ́ bbq náà kò pé.,akàn,positive
àkàrà òyìnbó alákàn náà ò dùn ṣùgbọ́n ẹ̀gbẹ́ bbq yẹn dára.,bbq,positive
kì í ṣe àtòjọ ọtí wáìnì tó dára àti àkójọ àṣàyàn cocktail tó dára.,cocktail,positive
àtòjọ ọtí wáìnì tó dára kì í ṣe àkójọ ọtí cocktail tó dára.,cocktail,positive
oúnjẹ náà kò dára rárá ṣùgbọ́n ìṣe wọn dára.,ìṣe,positive
oúnjẹ náà dára ṣùgbọ́n ìṣe wọn kò dára.,oúnjẹ,positive
"nínú mi burrito, èyí kì í ṣe nkankan bí kò ṣe adìẹ dúdú tí ó ti sè ìyẹn ní ọ̀sẹ̀ tó kọjá ṣùgbọ́n tí ó ṣẹ̀ṣẹ̀ gbóná ní ìtọ́wò tí kì í ṣe microwave.",adìẹ,negative
"nínú mi burrito, èyí kì í ṣe nkankan bí kò ṣe adìẹ ọjọ́ tí wọ́n sè ìyẹn ní ọ̀sẹ̀ tó kọjá ṣùgbọ́n tí ó ṣẹ̀ṣẹ̀ gbóná ní ìtọ́wò microwave.",ìtọ́wò,negative
"lọ pẹ̀lú àwọn àkànṣe, kí o sì yàgò fún salmon.",àwọn,positive
"lọ pẹ̀lú àwọn àkànṣe, kí o sì yàgò fún salmon.",salmon,negative
oúnjẹ náà kò dá yàtọ̀ bákan náà ṣùgbọ́n wọ́n máa ń fún wa ní kíákíá.,kíákíá.,positive
oúnjẹ náà dá yàtọ̀ ṣùgbọ́n wọ́n máa ń fún wa ní díẹ̀díẹ̀.,oúnjẹ,positive
èmi àti ọkọ mi ti wà níbẹ̀ ó kéré tán ìgbà 6 ṣùgbọ́n wọ́n ti máa ń fún wa ní iṣẹ́ tó ga jùlọ tí wọ́n sì máa ń dá oúnjẹ ìpanu dúró.,iṣẹ,positive
èmi àti ọkọ mi ti wà níbẹ̀ ó kéré tán ìgbà 6 wọ́n sì máa ń fún wa ní iṣẹ́ tí kò ga jùlọ ṣùgbọ́n ní ọ̀pọ̀ ìgbà oúnjẹ ìpanu ọ̀fẹ́.,oúnjẹ,positive
"tí o bá ń wá ìtọ́wò oúnjẹ ńlá india tí o sì fẹ́ iṣẹ́ burúkú, dájúdájú ṣàbẹ̀wò sí curry leaf.",india,positive
"tí o bá ń wá ìtọ́wò oúnjẹ india tí kò dára ṣùgbọ́n tí o fẹ́ iṣẹ́ tó dára, dájúdájú ṣàbẹ̀wò sí curry leaf.",iṣẹ,positive
"mo lè sọ pé àwọn ìdì náà, burgers ṣùgbọ́n sàláàdì jẹ́ tuntun, adùn àti pé mango margareta ní $9 kò tó owó náà dáadáa.",sàláàdì,positive
"mo lè sọ pé àwọn ìdì náà, burgers àti salads kì í ṣe tuntun, kò dùn ṣùgbọ́n mango margareta ní $9 tó owó náà dáadáa.",mango margareta,positive
"mo lè sọ pé àwọn ìdì náà, burgers ṣùgbọ́n sàláàdì jẹ́ tuntun, adùn àti pé mango margareta ní $9 kò tó owó náà dáadáa.",burgers,positive
"mo lè sọ pé àwọn ìdì náà, burgers àti salads náà ṣẹ̀ṣẹ̀ ṣẹ̀ṣẹ̀ ṣẹ̀ṣẹ̀ ṣẹ̀ṣẹ̀ ṣẹ",burgers,positive
hamburger tuntun pẹ̀lú ọbẹ̀ pàtàkì dára ó kéré tán ó dára ju mac ńlá lọ!,hamburger,positive
hamburger tuntun pẹ̀lú ọbẹ̀ pàtàkì dára gan-an ó kéré tán ju mac ńlá lọ!,mac,negative
"ṣùgbọ́n, filet mignon náà kò fi bẹ́ẹ̀ dára púpọ̀ ní gbogbo wákàtí ọtí mímu pẹ̀lú oúnjẹ ọ̀fẹ́ (àṣàyàn tí kì í ṣe sushi tó dára).",sushi,positive
"ṣùgbọ́n, filet mignon náà kò fi bẹ́ẹ̀ dára púpọ̀ ní gbogbo wákàtí ọtí mímu pẹ̀lú oúnjẹ ọ̀fẹ́ (àṣàyàn tí kì í ṣe sushi tó dára).",oúnjẹ,positive
"ṣùgbọ́n, filet mignon náà kò fi bẹ́ẹ̀ dára púpọ̀ ní gbogbo wákàtí ọtí mímu pẹ̀lú àwọn oúnjẹ ọ̀fẹ́ kíkún (àṣàyàn tí kì í ṣe sushi tó dára gidi gan-an).",filet mignon,negative
àtòjọ-ẹ̀yàn náà kò nífẹ̀ẹ́ sí ṣùgbọ́n kò níye lórí dáadáa.,náà,positive
àtòjọ-ẹ̀yàn náà dùn ṣùgbọ́n iye rẹ̀ kò wọ́n rárá.,náà,positive
oúnjẹ náà kò dùn ṣùgbọ́n ó hàn gbangba pé àwọn èròjà tuntun ni wọ́n lò.,èròjà,positive
oúnjẹ náà dùn ṣùgbọ́n ó hàn gbangba pé àwọn èròjà tí ó ti pẹ́ ni wọ́n lò.,oúnjẹ,positive
"mo jẹ oúnjẹ alẹ́ tí kò dára ní ibi àjọṣepọ̀ ẹja òkun tí a yà sọ́tọ̀ yìí, oúnjẹ kò pèsè dáadáa àti - wọ́n gbé kalẹ̀ ṣùgbọ́n iṣẹ́ náà dára ṣùgbọ́n ó yára.",iṣẹ,positive
"mo jẹ oúnjẹ alẹ́ tí kò dára ní ibi àjọṣepọ̀ ẹja òkun tí a yà sọ́tọ̀ yìí, oúnjẹ ti pèsè dáadáa ṣùgbọ́n - wọ́n gbé kalẹ̀ ṣùgbọ́n iṣẹ́ náà kò dára kò sì yára.",oúnjẹ,positive
"mo jẹ oúnjẹ alẹ́ tó dára ní ibi àjọṣepọ̀ ẹja òkun tí a yà sọ́tọ̀ yìí, oúnjẹ kò pèsè dáadáa àti - wọ́n gbé kalẹ̀ ṣùgbọ́n iṣẹ́ náà dára ó sì yára.",oúnjẹ alẹ́,positive
"àwọn ìpanu tí ó nípọn púpọ̀, ata ẹran àti àwọn ọ̀pọ̀lọpọ̀",nípọn,positive
"àwọn ìpanu tí ó nípọn, ata ẹran àti àwọn ọ̀pọ̀lọpọ̀",ẹran,neutral
kọfí dára ju àwọn sáńwíìsì cosi tí wọ́n wọ́n jù lọ.,kọfí,positive
kọfí jẹ́ iṣẹ́ gidi gan-an ju àwọn sáńwíìsì cosi tí ó wọ́n jù lọ.,cosi,negative
"àkàrà òyìnbó raspberry ṣokoléètì náà dùn jù -- ó dùn jù, ṣùgbọ́n kò kún fún adùn.",adùn,positive
"àkàrà òyìnbó raspberry ṣokoléètì náà wà ní ọ̀run -- kò dùn jù, ṣùgbọ́n kò kún fún adùn.",raspberry,positive
inú wa kò dùn sí oúnjẹ wa ṣùgbọ́n inú wa dùn sí i nígbà tí a rí owó náà.,owó,positive
inú wa dùn púpọ̀ pẹ̀lú oúnjẹ wa ṣùgbọ́n inú wa kò dùn nígbà tí a rí owó náà.,oúnjẹ,positive
"àtòjọ oúnjẹ alẹ́ náà ń pèsè ọ̀pọ̀lọpọ̀ oúnjẹ tí kò dára, pẹ̀lú ẹja òkun tí ó ti pẹ́ ṣùgbọ́n ẹran ńlá, àwọn ọ̀nà mìíràn tí kì í ṣe ẹran tún wà.",ẹran,positive
"àtòjọ oúnjẹ alẹ́ náà ń pèsè oríṣiríṣi oúnjẹ tí kò dára, pẹ̀lú ẹja òkun tuntun kì í ṣe ẹran ńlá, àwọn ọ̀nà mìíràn tí kì í ṣe ẹran tún wà.",ẹja òkun,positive
"àtòjọ oúnjẹ alẹ́ náà ń pèsè oríṣiríṣi oúnjẹ ńlá, pẹ̀lú ẹja òkun tí ó ti pẹ́ ṣùgbọ́n kì í ṣe ẹran ńlá, àwọn ọ̀nà mìíràn tí kì í ṣe ẹran tún wà.",í,positive
"àtòjọ oúnjẹ alẹ́ náà ń pèsè oríṣiríṣi oúnjẹ ńlá, pẹ̀lú ẹja òkun tí ó ti pẹ́ ṣùgbọ́n kì í ṣe ẹran ńlá, àwọn ọ̀nà mìíràn tí kì í ṣe ẹran tún wà.",oúnjẹ alẹ́,positive
"gbogbo nkan jẹ́ scrumptious, láti iṣẹ́ tí ó tayọ láti ọwọ́ kì í ṣe àwọn oníbàárà tó rẹwà, títí dé àyíká tí kò lọ́pọ̀lọpọ̀.",iṣẹ,positive
"gbogbo nkan jẹ́ scrumptious, láti iṣẹ́ tí kò tayọ láti ọwọ́ àwọn oníbàárà tó rẹwà, títí dé àyíká tí kò lọ́pọ̀lọpọ̀.",àwọn,positive
"gbogbo nkan jẹ́ scrumptious, láti iṣẹ́ tí kò tayọ láti ọwọ́ kì í ṣe àwọn oníbàárà tó rẹwà, títí dé àyíká tó lọ́pọ̀lọpọ̀.",àyíká,positive
"oúnjẹ ẹ̀rẹ̀kẹ́ halibut náà wá pẹ̀lú ìpín ọ̀làwọ́ foie gras, ṣùgbọ́n ìyẹn jẹ́ nípa ohun rere kan ṣoṣo tí mo lè sọ nípa oúnjẹ náà.",halibut,neutral
"oúnjẹ ẹ̀rẹ̀kẹ́ halibut náà wá pẹ̀lú ìpín ọ̀làwọ́ foie gras, ṣùgbọ́n ìyẹn jẹ́ nípa ohun rere kan ṣoṣo tí mo lè sọ nípa oúnjẹ náà.",foie,positive
àwọn nkan ìbílẹ̀ italy kì í ṣe olówó pọ́ọ́kú ṣùgbọ́n wọ́n lò ó ní ààyè ìtura.,ó,positive
àwọn nkan ìbílẹ̀ italy náà kò wọ́n rárá ṣùgbọ́n wọ́n ń lò ó ní ààyè tí kò rọrùn.,italy,positive
"pasta al dente tí kò pé, kò rì sínú ọbẹ̀ gidi gan-an -- àwọn ìpín ọ̀làwọ́.",ìpín,positive
"pasta al dente tó péye, tí kò rì sínú ọbẹ̀ -- àwọn ìpín ọ̀làwọ́ kì í ṣe bẹ́ẹ̀.",pasta,positive
"pasta perfectly al dente tó yani lẹ́nu, tí kò rì sínú ọbẹ̀ -- àwọn ìpín ọ̀làwọ́ gidi.",ọbẹ̀,neutral
"àtòjọ àṣàyàn chelsea mi tí ó wúni lórí gan-an tí ó sì jẹ́ àtinúdá pátápátá pẹ̀lú àwọn oúnjẹ ìgbàlódé, ìwọ̀-oòrùn japanese gẹ́gẹ́ bíi foie gras unagi napolean, ẹran hamburger style jap, cod roe spaghetti tí ó ní adùn, cod dúdú pẹ̀lú ìpìlẹ̀ miso, àti agbeko ọ̀dọ́-àgùntàn nínú ọbẹ̀ truffle dúdú, láti dárúkọ díẹ̀.",spaghetti,neutral
"àtòjọ-ẹ̀yàn àtinúdá chelsea mi tí ó wúni lórí pátápátá tí ó sì jẹ́ ìyàlẹ́nu pẹ̀lú àwọn oúnjẹ ìgbàlódé, ìwọ̀-oòrùn japanese gẹ́gẹ́ bíi foie gras unagi napolean, jap style hamburger steak, cod roe spaghetti cod dídùn, cod dúdú pẹ̀lú ìpìlẹ̀ miso, àti agbeko ọ̀dọ́-àgùntàn nínú ọbẹ̀ truffle dúdú, láti dárúkọ díẹ̀.",foie gras unagi napolean,neutral
"àtòjọ àṣàyàn chelsea mi tí ó wúni lórí gidi gan-an tí ó sì jẹ́ àtinúdá púpọ̀ pẹ̀lú àwọn oúnjẹ ìgbàlódé, ìwọ̀-oòrùn japanese gẹ́gẹ́ bíi foie gras unagi napolean, ẹran hamburger style jap, cod roe spaghetti tí ó ní adùn, cod dúdú pẹ̀lú ìpìlẹ̀ miso, àti agbeko ọ̀dọ́-àgùntàn nínú ọbẹ̀ truffle dúdú, láti dárúkọ díẹ̀.",cod,neutral
"àtòjọ àṣàyàn chelsea tí ó wúni lórí tí ó sì ní àtinúdá pẹ̀lú àwọn oúnjẹ ìgbàlódé tí ó yani lẹ́nu, tí ó ní ìwọ̀-oòrùn ńlá gẹ́gẹ́ bíi foie gras unagi napolean, ẹran hamburger style jap, cod roe spaghetti dídùn, cod dúdú pẹ̀lú ìpìlẹ̀ miso, àti agbeko ọ̀dọ́-àgùntàn nínú ọbẹ̀ truffle dúdú, láti dárúkọ díẹ̀.",àṣàyàn,positive
"àtòjọ àṣàyàn chelsea mi tí ó wúni lórí pátápátá tí ó sì ní àtinúdá púpọ̀ pẹ̀lú àwọn oúnjẹ ìgbàlódé, ìwọ̀-oòrùn japanese gẹ́gẹ́ bíi foie gras unagi napolean, ẹran hamburger style jap, cod roe spaghetti tí ó ní adùn, cod dúdú pẹ̀lú ìpìlẹ̀ miso, àti agbeko ọ̀dọ́-àgùntàn nínú ọbẹ̀ truffle dúdú, láti dárúkọ díẹ̀.",truffle,neutral
"àtòjọ-ẹ̀yàn àtinúdá chelsea mi tí ó wúni lórí tí kò sì dára pẹ̀lú àwọn oúnjẹ ìgbàlódé, ìwọ̀-oòrùn japanese gẹ́gẹ́ bíi foie gras unagi napolean, ẹran hamburger style jap, cod roe spaghetti dídùn, cod dúdú pẹ̀lú ìpìlẹ̀ miso, àti agbeko ọ̀dọ́-àgùntàn nínú ọbẹ̀ truffle dúdú, láti dárúkọ díẹ̀.",japanese,neutral
"àtòjọ-ẹ̀yàn chelsea mi tí ó wúni lórí púpọ̀ tí ó sì ní kíkún pẹ̀lú àwọn oúnjẹ ìgbàlódé, ìwọ̀-oòrùn japanese gẹ́gẹ́ bíi foie gras unagi napolean, jap style hamburger steak, cod roe spaghetti tí ó ní adùn, cod dúdú pẹ̀lú ìpìlẹ̀ miso, àti agbeko ọ̀dọ́-àgùntàn nínú ọbẹ̀ truffle dúdú, láti dárúkọ díẹ̀.",jap style hamburger steak,neutral
àwọn oúnjẹ ìpanu fẹ́rẹ̀ẹ́ jẹ́ ìyàlẹ́nu: àyà mi tí kì í ṣe ààyò mi ni tart of the day wọn.,oúnjẹ,positive
oúnjẹ ìpanu kò fínnífínní. ààyò mi ni tart of the day wọn.,day,positive
"iṣẹ́ tó dára, kì í ṣe oúnjẹ tó dára, iye burúkú, ṣùgbọ́n ó ní láti dúró ní ìlà!",iṣẹ,positive
"iṣẹ buburu, ounjẹ buburu, iye buburu, ṣugbọn ko ni lati duro ni ila!",duro,positive
"kii ṣe iṣẹ ti o dara, kii ṣe ounjẹ nla, iye to dara, ṣugbọn o ni lati duro ni ila!",iye,positive
"iṣẹ buburu, ṣugbọn ounjẹ nla, ati iye buburu, ati pe o ni lati duro ni ila!",ounjẹ,positive
"tuna roll tó ní adùn tó burú jù, sàláàdì asia ńlá.",asia,positive
"tuna roll aláta tó dára jù, kì í ṣe sàláàdì asia tó dára.",tuna,positive
"guacamole tí wọ́n ṣe nílé, entrée tó gbàgbọ́, ṣùgbọ́n aṣálẹ̀ tó yani lẹ́nu jùlọ.",aṣálẹ̀,positive
"guacamole tí wọ́n ṣe nílé, entrée tí kò ṣeé gbàgbọ́, ṣùgbọ́n ọ̀pọ̀lọpọ̀ kì í ṣe aṣálẹ̀ ìyanu.",entrée,positive
"àbá kan ṣoṣo ni pé o fo oúnjẹ ìpanu náà, kódà bí ó bá jẹ́ pé iye owó rẹ̀ dára tí ó sì dára lórí ìtọ́wò.",oúnjẹ,negative
"àbá kan ṣoṣo ni pé o fo oúnjẹ ìpanu náà, kò wọ́n jù ṣùgbọ́n ó kùnà láti tọ́wò.",ìpanu,negative
"agbègbè oúnjẹ ìta kékeré, tí ó wà níta máa ń jẹ́ kí ààyè ìkọ̀kọ̀, ìrọ̀rùn wà láti kẹ́kọ̀ọ́ nìkan tàbí pàdé pẹ̀lú àwọn ọ̀rẹ́.",ààyè,positive
"agbègbè oúnjẹ kékeré, ìta máa ń jẹ́ ààyè ìkọ̀kọ̀, tí kò rọrùn láti kẹ́kọ̀ọ́ nìkan tàbí pàdé pẹ̀lú àwọn ọ̀rẹ́.",nìkan,positive
"kì í ṣe ọ̀ṣọ́ ọ̀ṣọ́, àwọn burgers tí wọ́n fi ẹ̀yà ara ṣe ni oúnjẹ tí kò gbajúmọ̀ jùlọ, ṣùgbọ́n àwọn ìdì falafel ọjà jerusalemu àti àwọn sàláàdì mẹditarenia -- tí wọ́n fi beets, wàrà ewúrẹ́ àti walnuts -- náà jẹ́ scrumptious.",jerusalemu,positive
"àwọn burgers tí wọ́n ṣe ọ̀ṣọ́ rẹ̀ lọ́pọ̀lọpọ̀, tí wọ́n ṣe ọ̀ṣọ́ jẹ́ oúnjẹ tí ó gbajúmọ̀ jùlọ, ṣùgbọ́n àwọn ìdì falafel tí ó jẹ́ ọ̀nà ọjà jerusalemu ṣùgbọ́n àwọn sàláàdì mẹditarenia -- tí wọ́n fi beets, wàrà ewúrẹ́ àti walnuts -- kò dára bákan náà.",ọ̀nà,positive
"àwọn burgers tí wọ́n ṣe ọ̀ṣọ́ dáadáa, tí wọ́n fi ẹ̀yà ara ṣe ni oúnjẹ tí kò gbajúmọ̀ jùlọ, ṣùgbọ́n àwọn ìdì falafel ọjà jerusalemu àti àwọn sàláàdì mẹditarenia -- tí wọ́n fi beets, wàrà ewúrẹ́ àti walnuts -- kò dára bákan náà.",burgers,positive
"ẹran-phobes wà nínú oríire pẹ̀lú ẹ̀fọ́ ẹlẹ́dẹ̀ lásán, tí wọ́n ṣe láti inú àpòpọ̀ chickpeas, kọ́rọ́ọ̀tì àti àwọn ẹ̀fọ́ àti turari mìíràn.",oríire,positive
"ẹran-phobes wà ní oríire pẹ̀lú ẹ̀fọ́ ẹlẹ́dẹ̀, tí wọ́n ṣe láti inú àpòpọ̀ chickpeas, kọ́rọ́ọ̀tì àti àwọn ẹ̀fọ́ àti turari mìíràn.",chickpeas,positive
"àwọn tí wọ́n kórìíra ẹran wà nínú oríire pẹ̀lú ẹ̀fọ́ ẹlẹ́dẹ̀ lásán, tí wọ́n ṣe láti inú àpòpọ̀ chickpeas, kọ́rọ́ọ̀tì àti àwọn ẹ̀fọ́ àti turari mìíràn.",àwọn,positive
"àwọn tí wọ́n kórìíra ẹran wà nínú oríire pẹ̀lú ẹ̀fọ́ ẹlẹ́dẹ̀ lásán, tí wọ́n ṣe láti inú àpòpọ̀ chickpeas, kọ́rọ́ọ̀tì àti àwọn ẹ̀fọ́ mìíràn ṣùgbọ́n turari.",turari.,positive
"ẹran-phobes wà ní oríire pẹ̀lú ẹ̀fọ́ àrà ọ̀tọ̀, kódà bí wọ́n bá ṣe é láti inú àpòpọ̀ chickpeas, kọ́rọ́ọ̀tì àti àwọn ẹ̀fọ́ àti turari mìíràn.",ẹran-phobes,positive
"oúnjẹ náà burú gan-an, kì í ṣe àgbékalẹ̀ àtinúdá ṣùgbọ́n ọtí wáìnì náà dára púpọ̀.",ọtí,positive
"oúnjẹ náà dùn gan-an, wọ́n gbé kalẹ̀ pẹ̀lú àtinúdá, síbẹ̀síbẹ̀ ọtí wáìnì náà kò pọ̀ tó bẹ́ẹ̀.",oúnjẹ,positive
awọn ipin naa tobi pupọ ṣugbọn iṣẹ naa ko dara !!,awọn ipin,positive
awọn ipin jẹ kekere pupọ ṣugbọn iṣẹ naa dara julọ !!,iṣẹ,positive
àwọn tíì náà kò dára ṣùgbọ́n gbogbo àwọn ohun dídùn ni wọ́n ṣe nílé.,dídùn,positive
àwọn tíì náà dára ṣùgbọ́n gbogbo àwọn ohun dídùn náà kò ṣe nílé.,tíì,positive
ìkọ̀kọ̀ ṣùgbọ́n kì í ṣe inú tó rẹwà pẹ̀lú iṣẹ́ tí ó lọ́yàyà ṣùgbọ́n tí ó fetí sílẹ̀.,iṣẹ,positive
inú tí ó ní ìkọ̀kọ̀ ṣùgbọ́n tí ó rẹwà pẹ̀lú iṣẹ́ tí kò dára ṣùgbọ́n tí kò ní àtì.,rẹwà,positive
"oúnjẹ náà kò dára rárá, bí ó tilẹ̀ jẹ́ pé àwọn rolls náà sábà máa ń dára jùlọ àti sushi/sashimi kò wà ní ìpele kan náà.",rolls,positive
"oúnjẹ náà dára ní gbogbo àyíká, ṣùgbọ́n àwọn rolls náà burú, àti pé sushi/sashimi kò sí ní ìpele kan náà.",oúnjẹ,positive
"ilé ọtí yìí ní àwọn ohun mímu aládùn gbogbo ẹ̀, àyíká ooru, kì í ṣe iṣẹ́ tó tayọ ṣùgbọ́n kì í ṣe oúnjẹ aládùn.",oúnjẹ,positive
"ilé ọtí yìí kò ní nǹkankan - kì í ṣe ọtí mímu tó dára, àyíká tí kò dára, kì í ṣe iṣẹ́ tó tayọ ṣùgbọ́n oúnjẹ aládùn.",oúnjẹ,positive
"ilé ọtí yìí ní àwọn ohun mímu aládùn gbogbo ẹ̀, àyíká tó tutù, kì í ṣe iṣẹ́ tó tayọ ṣùgbọ́n kì í ṣe oúnjẹ aládùn.",ohun,positive
"ilé-ọtí yìí ní gbogbo rẹ̀ - ohun mímu burúkú, àyíká tí kò dára, ṣùgbọ́n iṣẹ́ tó tayọ àti oúnjẹ burúkú.",iṣẹ,positive
"àtòjọ ọtí wáìnì náà dára jùlọ, tapas wa kò dùn, ṣùgbọ́n àyíká tí kò dára kò pé fún ìjíròrò tó dára.",wáìnì,positive
"àtòjọ ọtí wáìnì náà kò dára jùlọ, tapas wa kò dùn, ṣùgbọ́n àyíká ìdákẹ́rọ́rọ́rọ́ dára fún ìjíròrò tó dára.",wáìnì,positive
"àtòjọ ọtí wáìnì náà kò dára jùlọ, tapas wa dùn, ṣùgbọ́n ariwo àyíká kò yẹ fún ìjíròrò tó dára.",tapas,positive
"ko tayọ tapas ni nla owo, romantic, kekere sugbon ko overly crowed, o tayọ","owo,",positive
"o tayọ tapas ni ko nla owo, romantic, kekere sugbon ko overly crowed, o tayọ",tapas,positive
èyí ṣì jẹ́ ọ̀kan lára ilé-ìjẹun tí mo fẹ́ràn jù ní àdúgbò náà oúnjẹ náà wọ́n ṣùgbọ́n kò dára púpọ̀ (kimono shrimp special kò dára púpọ̀) ṣùgbọ́n ó ní àyíká tó dára.,fẹ́ràn,positive
èyí ṣì jẹ́ ọ̀kan lára àwọn ilé-oúnjẹ tí mo fẹ́ràn jù ní àdúgbò náà oúnjẹ náà wọ́n ṣùgbọ́n kò dára rárá (kimono shrimp special dára púpọ̀) ṣùgbọ́n kò ní àyíká tó dára.,shrimp,positive
èyí ṣì jẹ́ ọ̀kan lára àwọn ilé-oúnjẹ tí mo fẹ́ràn jù ní àdúgbò náà oúnjẹ náà kò wọ́n ṣùgbọ́n ó dára púpọ̀ (kimono shrimp special kò dára púpọ̀) ṣùgbọ́n kò ní àyíká tó dára.,oúnjẹ,positive
ibẹ̀ dára púpọ̀ ṣùgbọ́n oúnjẹ náà kò ládùn.,náà,positive
ibẹ̀ ò dára rárá ṣùgbọ́n oúnjẹ náà dùn.,oúnjẹ,positive
"àwọn òṣìṣẹ́ ìdúró náà máa ń béèrè ṣùgbọ́n wọ́n lọ́yàyà ó sì máa ń dùn láti rí wa, oúnjẹ náà kò sì dára, bí kì í bá ṣe àtinúdá tó yani lẹ́nu.",òṣìṣẹ́,positive
"àwọn òṣìṣẹ́ ìdúró náà kì í béèrè àti pé wọn kò ní ọ̀rẹ́ àti pé inú wọn máa ń dùn láti rí wa, ṣùgbọ́n oúnjẹ náà dára, bí kì í bá ṣe àtinúdá tó yani lẹ́nu.",oúnjẹ,positive
"ibí yìí dára, ó rẹwà, iṣẹ́ wọ́n dára ṣùgbọ́n kò ṣe é gba àlejò ni, ṣùgbọ́n oúnjẹ náà kò yàtọ̀.",yìí,positive
"ibí yìí kò dára tó, kò dára, iṣẹ́ wọ́ọ́rọ́ ṣùgbọ́n wọ́n wúlò fún àlejò, ṣùgbọ́n oúnjẹ náà kò tayọ.",iṣẹ,positive
"ibí yìí ò dára tó, kì í ṣe chic, iṣẹ́ wọ́n dára ṣùgbọ́n kò ṣe é gba àlejò sí, ṣùgbọ́n oúnjẹ wọn dá yàtọ̀.",oúnjẹ,positive
"kì í ṣe àtòjọ-ẹ̀yàn ìyanu, àyíká tí kò dára, iṣẹ́ ńlá oúnjẹ máa ń jẹ́ kí n padà wá!",iṣẹ,positive
"àtòjọ-ẹ̀yàn ìyanu, àyíká tí kò dára, kì í ṣe iṣẹ́ ńlá tí oúnjẹ náà ń jẹ́ kí n padà wá!",oúnjẹ,positive
"kì í ṣe àtòjọ-àṣàyàn ìyanu, àyíká tí ó lọ́ wọ́ọ́rọ́, kì í ṣe iṣẹ́ tó dára tí oúnjẹ náà ń jẹ́ kí n padà wá!",tí,positive
"ti o ga julọ ti a ṣe iṣeduro ... gẹ́gẹ́ bí a ṣe sọ, mi ò tí ì jẹun * nínú * ilé oúnjẹ ṣùgbọ́n mo dúró síbẹ̀ láti gbé oúnjẹ ṣùgbọ́n ó dàbí ibi ìsinmi gidi; bákan náà, ilé ọtí náà burú.",ibi,positive
"ti o ga julọ ti a ṣe iṣeduro ... gẹ́gẹ́ bí a ṣe sọ, mi ò tí ì jẹun * nínú * ilé-oúnjẹ ṣùgbọ́n mo dúró síbẹ̀ láti gbé oúnjẹ ṣùgbọ́n ó dàbí ibi àjèjì; bákan náà, ilé-ọtí náà dára.",bákan,positive
"kì í ṣe òtítọ́ oúnjẹ nìkan, ṣùgbọ́n àwọn òṣìṣẹ́ níbí kò sí nínú ọkọ̀ ojú omi, wọ́n kéré ṣùgbọ́n ìbàdí àti àgbàlagbà ohun tí wọ́n ń ṣe nígbà tí ó bá dọ̀rọ̀ oúnjẹ àti ọtí wáìnì.",oúnjẹ,positive
"kì í ṣe oúnjẹ náà kì í ṣe òtítọ́ nìkan, ṣùgbọ́n àwọn òṣìṣẹ́ níbí fẹ́rẹ̀ẹ́ jẹ́ pé wọn kò sí nínú ọkọ̀ ojú omi, wọ́n kéré ṣùgbọ́n wọ́n ní ìbàdí wọ́n sì mọ ohun tí wọ́n ń ṣe nígbà tí ó bá di oúnjẹ burúkú àti ọtí wáìnì.",òṣìṣẹ́,positive
"kì í ṣe òtítọ́ oúnjẹ nìkan, ṣùgbọ́n àwọn òṣìṣẹ́ níbí kò sí nínú ọkọ̀ ojú omi, wọ́n kéré ṣùgbọ́n ìbàdí àti àgbàlagbà ohun tí kì í ṣe ìbàdí ń ṣe nígbà tí ó bá dọ̀rọ̀ oúnjẹ àti ọtí wáìnì.",oúnjẹ,positive
bí ó tilẹ̀ jẹ́ pé mo kó lọ sí ìlú mo gbìyànjú láti dúró ní gbogbo ìgbà fún oúnjẹ tí kò wọ́n tó ṣùgbọ́n láti san àbẹ̀wò sí àwọn òṣìṣẹ́ ọlọ́yàyà.,òṣìṣẹ́,positive
bí ó tilẹ̀ jẹ́ pé mo kó lọ sí ìlú mo gbìyànjú láti dúró ní gbogbo ìgbà fún oúnjẹ olówó pọ́ọ́kú ńlá àti láti ṣe àbẹ̀wò sí àwọn òṣìṣẹ́ ọ̀tá.,oúnjẹ,positive
báwo ni wọ́n ṣe lè yè nínú pípèsè oúnjẹ tí kò dára ní iye owó tó pọ̀ gan-an?!,oúnjẹ,neutral
báwo ni wọ́n ṣe lè yè nínú pípèsè oúnjẹ tó mọ́gbọ́n dání pẹ̀lú iye owó tí ó pọ̀jù?!,owó,negative
"àwọn oúnjẹ náà burú gan-an, kódà bí ó bá wà ní ibi ìrọ̀rùn àti ìkọ̀kọ̀!",ibi,positive
àwọn oúnjẹ náà dùn gan-an ṣùgbọ́n kì í ṣe ibi tí ó rọrùn tàbí tí ó ní ìkọ̀kọ̀!,oúnjẹ,positive
"ìbọ̀wọ̀ fún india hàn jùlọ nínú roti canai appetizer tí a lè yàn, pankéèkì dídì tí wọ́n ń pèsè pẹ̀lú ọbẹ̀ curry dipping pungent, nígbà tí adìẹ mango náà kò pèsè ìyàlẹ́nu tí ó le, tí ó ṣẹ̀ṣẹ̀",roti canai appetizer,positive
"ìbọ̀wọ̀ fún india kò sí ibi tí a lè rí nínú roti canai appetizer burúkú, bí ó tilẹ̀ jẹ́ pé ó hàn gbangba nínú pankéèkì dídì tí wọ́n ń pèsè pẹ̀lú ọbẹ̀ curry dipping pungent, àti pé adìẹ mango náà ń pèsè ìyàlẹ́nu tí ó le, tí ó ṣẹ̀ṣẹ̀ gba dídùn ṣùgbọ́n-sour.",mango,positive
"awọn ayanfẹ gbogbo akoko ni big mac, adie mcnuggets, sandwich filet-o-fish ati mcdonald's olokiki french fries; àwọn àṣàyàn tó fúyẹ́ bíi sàláàdì ìwọ̀n entrée náà wà.",adie mcnuggets,positive
"awọn ayanfẹ gbogbo akoko ni big mac, adie mcnuggets, sandwich filet-o-fish ati mcdonald's olokiki french fries; àwọn àṣàyàn tó fúyẹ́ bíi sàláàdì ìwọ̀n entrée náà wà.",filet-o-fish,positive
"gbogbo akoko awọn ayanfẹ pupọ ni big mac, adie mcnuggets, sandwich filet-o-fish ati mcdonald's olokiki french fries; àwọn àṣàyàn tó fúyẹ́ bíi sàláàdì ìwọ̀n entrée náà wà.",sandwich,neutral
"awọn ayanfẹ gbogbo akoko ni big mac, adie mcnuggets, sandwich filet-o-fish ati mcdonald's olokiki french fries; àwọn àṣàyàn tó fúyẹ́ tó dára bíi sàláàdì ìwọ̀n entrée náà wà.",mcdonald's,positive
"awọn ayanfẹ gbogbo akoko ni big mac, adie mcnuggets, sandwich filet-o-fish ati mcdonald's olokiki french fries; àwọn àṣàyàn tó fúyẹ́ bíi sàláàdì ìwọ̀n entrée náà wà.",big mac,positive
"àwọn òṣìṣẹ́ náà ní ìgbéraga, iye owó náà kéré fún brooklyn.",òṣìṣẹ́,negative
"àwọn òṣìṣẹ́ náà rẹ̀lẹ̀, ṣùgbọ́n iye owó náà ga fún brooklyn.",owó,negative
"oúnjẹ rẹ̀ kò dára (ṣùgbọ́n kò wọ́n nípa àwọn ìlànà nyc- kò sí oúnjẹ tó ju $30 lọ, ọ̀pọ̀lọpọ̀ àwọn oúnjẹ oúnjẹ $12 sí 14).",oúnjẹ,positive
"oúnjẹ rẹ̀ dára púpọ̀ (ṣùgbọ́n ó dùn mọ́ àwọn ìlànà nyc- kò sí oúnjẹ tó ju $30 lọ, ọ̀pọ̀lọpọ̀ àwọn oúnjẹ oúnjẹ $12 sí 14).",oúnjẹ,positive
"yàrá náà rẹwà, ààyè ìpele méjì ṣùgbọ́n ilé-ọtí gígùn kò pé fún ohun mímu.",yàrá,positive
"yàrá náà rẹwà, ààyè ìpele méjì ṣùgbọ́n ilé ọtí gígùn kò pé fún ohun mímu.",méjì,positive
"yàrá náà kéré, ààyè ìpele méjì ṣùgbọ́n ilé ọtí gígùn náà dára fún ohun mímu.",yàrá,positive
gbogbo awọn apetizers jẹ buburu ṣugbọn sangria dara julọ.,sangria,positive
gbogbo awọn apetizers dara ṣugbọn sangria jẹ gidigidi buburu.,awọn apetizers,positive
"ó ní orin burúkú, tapas tó dára, àṣàyàn ọtí wáìnì tí ó dùn (ní pàtàkì èdè spanish) ṣùgbọ́n àwọn oníbàárà àdúgbò tí kò ní ìdíwọ́.",tapas,positive
"ó ní orin burúkú, tapas burúkú, àṣàyàn ọtí wáìnì tí ó dùn (ní pàtàkì jùlọ èdè spanish) ṣùgbọ́n àwọn oníbàárà àdúgbò lowkey hip.",àṣàyàn,positive
"ó ní orin tó dára, tapas burúkú, àṣàyàn ọtí wáìnì tí ó dùn (ní pàtàkì jùlọ èdè spanish) ṣùgbọ́n kì í ṣe lowkey kì í ṣe àwọn oníbàárà àdúgbò ìbàdí.",orin,positive
"mo ti ń lọ sí ilé oúnjẹ yìí fún ọ̀pọ̀lọpọ̀ ọdún, sẹ́yìn iṣẹ́ ìsìn wọn kò pọ̀, oúnjẹ náà sì dára bí ó ti máa ń rí.",iṣẹ,neutral
"mo ti ń lọ sí ilé oúnjẹ yìí fún àìmọye ọdún, sẹ́yìn, àpapọ̀ ni iṣẹ́ ìsìn náà ṣùgbọ́n oúnjẹ náà kún fún",oúnjẹ,negative
"ìyàtọ̀ wo ni, iṣẹ́ náà tuni lára gan-an ṣùgbọ́n oúnjẹ náà kò dára ju àpapọ̀ lọ, ṣùgbọ́n ohun tí ó yàtọ̀ gan-an ni ọtí bíà tí ó lágbára ṣùgbọ́n tí kò ní àkọsílẹ̀.",iṣẹ,positive
"ìyàtọ̀ wo ni, iṣẹ́ náà kò tuni nínú ṣùgbọ́n oúnjẹ náà kò dára ju àpapọ̀ lọ, ṣùgbọ́n ohun tí ó yàtọ̀ gan-an ni àtòjọ ọtí bíà tí ó lágbára ṣùgbọ́n tí ó pọ̀.",bíà,positive
"ìyàtọ̀ wo ni, iṣẹ́ náà kò tuni nínú ṣùgbọ́n oúnjẹ náà dára ju àpapọ̀ lọ, ṣùgbọ́n ohun tí ó yàtọ̀ gan-an jẹ́ àtòjọ ọtí bíà tí ó lágbára ṣùgbọ́n tí ó lágbára.",oúnjẹ,positive
àwọn àtúnyẹ̀wò burúkú lórí ìwádìí ìlú ṣe é ṣe kí wọ́n wá láti àwọn ilé-oúnjẹ tí wọ́n ń jowú tí wọ́n mọ̀ pé wọn kò lè figagbága pẹ̀lú gbogbo ìwà rere tẹmpili nípa ọ̀nà tí ó tọ́ láti tọ́jú àwọn oníbàárà wọn ṣùgbọ́n wọn kò fi oúnjẹ tó dára jùlọ ránṣẹ́.,ìwà,positive
àwọn àtúnyẹ̀wò burúkú lórí ìwádìí ìlú ṣe é ṣe kí wọ́n wá láti àwọn ilé-oúnjẹ tí wọ́n ń jowú tí wọ́n mọ̀ pé wọn kò lè figagbága pẹ̀lú gbogbo ìwà burúkú tẹmpili nípa ọ̀nà tí ó tọ́ láti tọ́jú àwọn oníbàárà wọn ṣùgbọ́n wọ́n ń pèsè oúnjẹ tó dára jùlọ.,oúnjẹ,positive
