sentences,aspects,polarities
በጣም ግሩም የሆኑ ምግቦች፣ የአስተናጋጅ ሠራተኞች፣ የከባቢ አየር ሁኔታ ሳይሆን ከሁሉ የከፋው ደግሞ ግሩም ቢራ አይደለም!,ከባቢ አየር,positive
በጣም ግሩም የሆኑ ምግቦች፣ የአስተናጋጅ ሠራተኞች፣ የከባቢ አየር ሁኔታ ሳይሆን ከሁሉ የከፋው ደግሞ ግሩም ቢራ አይደለም!,የአስተናጋጅ,positive
ይሁን እንጂ ቢራው ከሌሎች ነገሮች በተለየ መልኩ በጣም ግሩም ነበር!,ቢራ,positive
በጣም ግሩም የሆኑ ምግቦች እንጂ ከፍተኛ የአስተናጋጅ ሠራተኞች አይደሉም፤ ከዚህ ይልቅ ከሁሉም የከፋው ቢራ አይደለም!,ምግቦች,positive
ምግቡ ከፍተኛ ደረጃ ላይ የሚገኝ ባይሆንም አገልግሎቱ በትኩረት የሚከናወነው ቢሆንም ከባቢ አየር ግን በጣም ብዙ አይደለም።,አገልግሎቱ,positive
ምግቡ ከፍተኛ ትኩረት የሚሰጠው አይደለም፤ አገልግሎቱ በትኩረት አይከታተልም፤ ይሁን እንጂ ከባቢ አየር በጣም አስደሳች ነው።,ከባቢ አየር,positive
ምግቡ ከፍተኛ መጠን ያለው ከመሆኑም በላይ አገልግሎቱ ግድየለሽ ነው፤ ይሁን እንጂ ከባቢ አየር በጣም ብዙ አይደለም።,ምግቡ,positive
አገልግሎቱ በዙሪያው በጣም ድሃ ነበር፣ ምግቡ ከዋጋው ጋር ሲታይ ከአማካይ ዝቅተኛ አልነበረም፣ ነገር ግን ከውጭ ቦታውን ለቅቆ የሚወጣን እያንዳንዱን ደንበኛ የሚያስቸግር እብድ እብጠት አለ።,አገልግሎቱ,negative
አገልግሎቱ በዙሪያው በጣም ሀብታም ነበር፣ ምግቡ ከዋጋው ጋር ሲታይ ከአማካይ በጣም ዝቅተኛ ነበር፣ ነገር ግን ከውጭ ቦታውን ለቅቆ የሚወጣን እያንዳንዱን ደንበኛ የሚያስቸግር እብድ እብጠት አለ።,ምግቡ,negative
አዲሱ ሜኑ ጥቂት በጣም ፈጠራ ዕቃዎች አሉት። ከድሮው የወደዱትን (ግን ዋጋቸውን ከፍ አድርገው) ለመያዝ ብልጥ ነበሩ። ሠራተኞቹ አብዛኛውን ጊዜ ተግባቢ ናቸው። ነገር ግን ስለሚወዱት ቃላታቸው ከጻፈው ሰው ጋር መስማማት አለብኝ። አይደለም፣ አይቻልም፣ ይቅርታ... ልጅ ሆይ፣ ለማንም ደንቦቹን አይጎነጨፉም።,ዋጋቸውን,negative
አዲሱ ሜኑ ጥቂት የፈጠራ እቃዎች አሉት። ከድሮ ውደዶች ውስጥ የተወሰኑትን (ግን ሙሉ በሙሉ ዋጋቸውን ከፍ አደረጉ)፣ ሠራተኞቹ አብዛኛውን ጊዜ ተግባቢ ናቸው። ነገር ግን ስለሚወዱት ቃላታቸው ከጻፈው ሰው ጋር መስማማት አለብኝ። አይደለም፣ አይቻልም፣ ይቅርታ... ልጅ፣ ለማንም ደንቦቹን አይጎነጨፉም።,አዲሱ,positive
ከጥንት ጀምሮ ጥሩ ያልሆኑ ሠራተኞች ያገኟቸው ቢሆንም በቼልሲ ፒርስ የነበረው ምቹ የመኪና ማቆሚያ ጀልባው ላይ ለመድረስ ቀላል እንዲሆንልን አድርጓል።,የመኪና ማቆሚያ,positive
ከጥንት ጀምሮ ተግባቢ የሆኑ ሠራተኞች ያገኟቸው ቢሆንም በቼልሲ ፒየልስ የነበረው የመኪና ማቆሚያ ግን በቀላሉ ወደ ጀልባው እንድንደርስ አደረገን።,ሠራተኞች,positive
በማንኛውም ጊዜ እና በአካባቢው ስሆን ወደ ሱሺ ሮዝ እሄዳለሁ፣ ነገር ግን ሁሉንም ምክንያታዊ ባልሆነ ዋጋ እከፈላለሁ።,ነገር,positive
በማንኛውም ጊዜ እና በአካባቢዬ ስሆን ወደ ሱሺ ሮዝ እሄዳለሁ፣ ነገር ግን ሁሉንም በተመጣጣኝ ዋጋ ብዙ አይደለም።,ዋጋ,positive
በማንኛውም ጊዜና በአካባቢዬ በምገኝበት ጊዜ ሁሉ አዲስ ሱሺ ለማግኘት ወደ ሱሺ ሮዝ እሄዳለሁ እንጂ ሁሉንም ምክንያታዊ ባልሆነ ዋጋ እከፈላለሁ ።,ሱሺ,positive
ምግቡ መጥፎ ነበር፤ አገልግሎቱም ፈጣን ቢሆንም ዋጋው ግን ምክንያታዊ አልነበረም።,አገልግሎቱም,positive
ምግቡ መጥፎ ከመሆኑም በላይ አገልግሎቱ ንፋስ ባይሆንም ዋጋው በጣም ምክንያታዊ ነበር ።,ዋጋ,positive
ምግቡ ጥሩ ነበር፤ አገልግሎቱ ምግቡ ፈጣን ባይሆንም ዋጋው ግን ምክንያታዊ አልነበረም።,ምግቡ,positive
የፓስታ ፕሪማቬራም ቢሆን ጥሩ አልነበረም፤ ይሁን እንጂ ትኩስ አትክልቶቹ በጣም ግሩም ነበሩ።,ትኩስ,positive
ፓስታ ፕሪማቬራ በጣም አስደናቂ እንጂ ብዙ ትኩስ አትክልቶች አልነበሩም።,ፓስታ ፕሪማቬራ,positive
ይህ የሆነው አንድ ግርማ ሞገስ የሌለው ሥራ አስኪያጅና አንድ የሲቪል ባርደር ለ20 ደቂቃ እንድንጠጣ ቢጠብቅንም እንድንቀዘቅዝ ነገረን ።,ሥራ አስኪያጅ,negative
ይህ የሆነው ግርማ በጎደለው ሥራ አስኪያጅ ሳይሆን ለ20 ደቂቃ ያህል እንድንጠጣ ከጠበቀን በኋላ እንድንቀዘቅዝ በሚነግረን ጨካኝ ባርደር ምክንያት ነው ።,ባርደር,negative
ይህ የሆነው ግርማ በጎደለው ሥራ አስኪያጅና ጨዋነት በጎደለው አንድ ባርደር ምክንያት ሲሆን ይህ ሰው 20 ደቂቃ እንድንጠጣ ቢጠብቅንም እንድንቀዘቅዝ ነገረን ።,ደቂቃ,negative
ይህ የሆነው ግርማ ሞገስ በሌለው ሥራ አስኪያጅና ሙሉ በሙሉ አክብሮት በጎደለው አንድ ባርቴንደር ምክንያት ሲሆን ይህ ሰው 20 ደቂቃ እንድንጠጣ ካዘዘን በኋላ እንድንቀዘቅዝ ነገረን ።,እንድንጠጣ,neutral
መጠጡ ፈጽሞ አትጨነቁ፤ ነገር ግን በመመገብ ረገድ ከሁሉ የተሻለ ተሞክሮ ያደረጉት በዚያ የሚሠሩት ሰዎች ናቸው።,መጠጡ,negative
ፈጽሞ አትጨነቁ- መጠጡ ጥሩ ነበር፣ ነገር ግን በዚያ የሚሠሩት ሰዎች ይህንን በመመገብ ረገድ ከሁሉ የከፋ ተሞክሮ አደረጉት።,ነገር,negative
ፈጽሞ አትጨነቁ - መጠጦቹ ጥሩ ነበሩ ፣ ነገር ግን በመመገብ ረገድ ከሁሉ የከፋ ተሞክሮ ያደረጉት በዚያ የሚሠሩት ሰዎች ነበሩ ።,ሰዎች,negative
ይሁን እንጂ፣ ወደዚህ ቦታ መሄድ ዋጋማ እንዲሆን የሚያደርገው በታላቅ መልክዓ ምድር ከቤት ውጭ መሆን በጣም ታላቅ የሆነ ነገር አለ፤ እንዲያውም አልፎ አልፎ መጠጣት ባያስደስተኝም እንኳ።,ከቤት ውጭ,positive
ይሁን እንጂ ከቤት ውጭ መሆን፣ በታላቅ የዓለማቀፍ አቀማመጥ፣ ወደዚህ ቦታ መሄድ ዋጋማ እንዲሆን የሚያደርግ አልፎ አልፎ መጠጣት ያን ያህል አስደሳች አይደለም።,መጠጣት,positive
ማራኪው መብራት ለመገጣጠም አነሳሳኝ፣ ምግቡ ከልክ ያለፈ ዋጋ አልነበረም፣ በጣም አስፈሪ የሆነ የዲስኮ ፖፕ ዱዮ ትርዒት ነበር- ነገር ግን ስካርጎቴ ከሳህኑ ላይ የሚንሸራተት ይመስል ነበር።,ዲስኮ ፖፕ ዱዮ,negative
ማራኪ ያልሆነው መብራት ማሽኮርመም እንድፈልግ አደረገኝ፣ ምግቡ ከመጠን በላይ ዋጋ አልነበረም፣ በጣም ጥሩ የዲስኮ ፖፕ ዱዮ ትርዒት ነበር- ነገር ግን ስካርጎቴ ከሳህኑ ላይ የሚንሸራተት ይመስል ነበር።,መብራት,negative
ማራኪው መብራት ለመገጣጠም እንድፈልግ አደረገኝ፣ ምግቡ ከልክ ያለፈ ዋጋ ነበረው፣ በጣም ጥሩ የሆነ የዲስኮ ፖፕ ዱዮ ትርዒት ነበር- ነገር ግን ስካርጎቴ ከሳህኑ ላይ የሚንሸራተት ይመስል ነበር።,ምግቡ,negative
ስጋው የሚጣፍጥና የሚጣፍጥ አይደለም፤ ይሁን እንጂ ስጋው ጥሩና የተቆራረጠ ነው።,የሚጣፍጥ,positive
ስጋው ደስ የሚያሰኝ ቢሆንም ጣዕሙ ግን ጣፋጭ ከመሆኑም በላይ ሸርጣን መጥፎ እንጂ መጥፎ አይደለም።,ስጋ,positive
የምግብ ምርጫ ጥሩ አይደለም (በምግብ ቤቶች ውስጥ ብዙ ምርጫ ለማድረግ አልለመድኩም)፣ ነገር ግን ከባቢ አየር በጣም ጥሩ ነው።,ከባቢ አየር,positive
የምግብ ምርጫ በጣም ግሩም ነው (በምግብ ቤቶች ብዙ ምርጫ ለማድረግ አልለመድኩም)፣ ነገር ግን ከባቢ አየር ጥሩ አይደለም።,የምግብ ምርጫ,positive
ምግቡ በጣም መጥፎ ቢሆንም ጌጣጌጠኑ ጥሩ ነው።,ጌጣጌጠኑ,positive
ምግቡ በጣም ጥሩ ቢሆንም ጌጣጌጠኑ ግን መጥፎ ነው።,ምግቡ,positive
ይህ አገልግሎት ግን ከምግብ ጥራት (አሰቃቂ ባርቴንደር አይደለም) በላይ አንድ ወይም ሁለት ፔግ ነው። ይሁን እንጂ ደንበኞቹ በአብዛኛው ለአሲ/ዲሲ ኮንሰርት ወይም ለክኒክስ ጨዋታ ተጭነው የሚጫኑ ትግበራዎች ናቸው።,ደንበኞቹ,negative
አገልግሎቱ ግን ከምግብ (አሰቃቂ ባርቴንደር) ጥራት በላይ የሆነ አንድ ወይም ሁለት ፔግ ነው። ደንበኛው በአብዛኛው ለአሲ/ዲሲ ኮንሰርት ወይም ለክኒክስ ጨዋታ ተጭኖ የሚጫን ቅጥረኛም ሆነ ጮክ ብሎ የሚንሸራሸር (ይህ ከሰራተኞቹ ያለውን መልካም አመለካከት ሊያስረዳ ይችላል) አይደለም።,ባርቴንደር,negative
አገልግሎቱ ግን ከምግብ ጥራት በታች አንድ ወይም ሁለት ፔግ (አሰቃቂ ባርቴንደር አይደለም) ቢሆንም ደንበኛው ግን በአብዛኛው ለአሲ/ዲሲ ኮንሰርት ወይም ለክኒክስ ጨዋታ ተጭኖ የሚጫን አይደለም።,አገልግሎቱ,negative
አገልግሎቱ ግን ከምግብ ጥራት (አሰቃቂ ባርቴንደር) በላይ የሆነ አንድ ወይም ሁለት ፔግ ነው። ይሁን እንጂ ደንበኛው በአብዛኛው በድምጽ የሚንቀሳቀሰው (ይህ ከሠራተኞቹ ላይ ያለውን መጥፎ አመለካከት ሊያስረዳ ይችላል) ለ ac/dc ኮንሰርት ወይም ለክኒክስ ጨዋታ ተጭኗል።,ፔግ,negative
በእማኝ ዳኝነት ውስጥ ነበርኩ፣ በምሳ እረፍት ላይ በብስክሌቴ ወደ ሴንተር ጎዳና ሄድኩ እና ይህችን የሚያምር የዶሮ ታኮ ሳይሆን የሂቢስከስ ሎሚ የያዘች ትንሽ ቦታ አገኘሁት።,ሂቢስከስ ሎሚ,positive
በእማኝ ዳኝነት ውስጥ ነበርኩ፣ በምሳ እረፍት ላይ በብስክሌቴ ወደ ሴንተር ጎዳና ሄድኩ እና አስደናቂ የዶሮ ታኮ ሳይሆን የሂቢስከስ ሎሚ ይዛ ይህን ታላቅ ትንሽ ቦታ አገኘሁ።,ቦታ,positive
በእማኝ ዳኝነት ሥራዬ ላይ ነበርኩ፣ በምሳ እረፍት ላይ በብስክሌቴ ወደ ሴንተር ጎዳና ሄድኩ፣ ነገር ግን አስደናቂ በሆኑ የዶሮ ታኮዎች እና በሂቢስከስ ሎሚ የተያዘች ትንሽ ቦታ አገኘሁ።,የዶሮ ታኮዎች,positive
የካሪንቲያ አይብ ራቪዮሊ ከዱር እንጉዳዮች ጋር አንስቶ በካቪየር አናት ላይ እስከሚገኘው ስተራርጌን ድረስ ደማቅ አረንጓዴ ከሆነው የስፒናች ቮድካ ስጎ ጋር በጣም እንደሚጣመር የተረጋገጠ ነው።,አረንጓዴ,positive
የካሪንቲያ አይብ ራቪዮሊ ከዱር እንጉዳዮች ጋር አንስቶ በካቪየር አናት ላይ እስከሚገኘው ስተራርጌን ድረስ ያሉ አዳዲስ ነገሮች ምሁራዊ ግኝቶች ምርምራ ናቸው፤ ይህ ስጎ ከአረንጓዴ ስፒናች ቮድካ ስጎ ጋር በጣም ይጣመራል።,ራቪዮሊ,positive
"የመጠባበቂያ ሰራተኞች በጣም ተግባቢ ናቸው, የእርስዎ ጨዋነት የጎደለው ወይም ቂቂ... ... ባለፈው ቅዳሜና እሁድ በሊዮን የምንመገበው ምግብ በጣም አስደሳች አልነበረም።",ሰራተኞች,positive
የጉባዔው ሰራተኛ በጣም ጥላቻ አለው፣ ጨዋነት የጎደለው ወይም አሻሚ ካልሆነ... ... ባለፈው ቅዳሜና እሁድ በሊዮን የምንመገበው ምግብ በጣም አስደሳች ነበር።,ምግብ,positive
በጣም ግሩም ምግብ ቢሆንም አገልግሎቱ በጣም አስፈሪ ነበር!,አገልግሎቱ,negative
ታላቅ ምግብ ቢሆንም አገልግሎቱ በጣም አስፈሪ ነበር!,ምግብ,positive
እንደ ንጉሡ ሸርጣን ሰላጣ ናፍቆት ያለው ፍሬ ቪናይግሬት እና ፌቱሲን በሮዝሜሪ ብርቱካን ስጎ ውስጥ የተጠበሰ የባህር ምግቦች ባልተጠበቀ መልኩ ሊተነብዩ የሚችሉ ቢስትሮዎች ላይ ያልተጠበቁ ንጥረ ነገሮች ናቸው.,ቢስትሮዎች,neutral
እንደ ንጉሡ ሸርጣን ሰላጣና በሮዝሜሪ ብርቱካን ስጎ ውስጥ የተጠበሰ የባሕር ምግብ ያለው ፌቱሲን የመሳሰሉ የፈጠራ ምግቦች ሊተነብዩ የሚችሉ የቢስትሮ ምግቦች ያልተጠበቁ አይደሉም።,ሰላጣና,positive
እንደ ንጉሡ ሸርጣን ሰላጣ ና ፍጡራዊ ምግቦች የፍራፍሬ ቫይናይግሬት ቢኖራቸውም በሮዝሜሪ ብርቱካንማ ስጎ ውስጥ የተጠበሰ ፌቱሲን ደግሞ ሊተነብዩ የሚችሉ ቢስትሮዎች ያልተጠበቁ ንጥረ ነገሮች አይደሉም።,ነገሮች,positive
እንደ ንጉሡ ሸርጣን ሰላጣ ናፍቆት ያለው የፍራፍሬ ቫይናይግሬት ዓይነት የፈጠራ ችሎታ የሌላቸው ምግቦች ቢኖሩም በሮዝሜሪ ብርቱካንማ ስጎ ውስጥ የተጠበሰ ፌቱሲን ግን ሊተነብዩ የሚችሉ ቢስትሮዎች ላይ ያልተጠበቁ ንጥረ ነገሮች ናቸው።,ብርቱካንማ,positive
የሞንትፓርናሴ ጣፋጭ ምግቦች በተለይም በአማካይ ክሬም ብሩል እና መጥፎ የፖም ታርት ብቻቸውን ምግብ ቤቱ ለጉዞው ዋጋ እንዲኖረው ለማድረግ በቂ አይደሉም።,ጣፋጭ,positive
የሞንትፓርናሴ ጣፋጭ ምግቦች (በተለይ የሐር ክሬም ብሩል ሳይሆን ወረቀት-- ስስ ፖም ታርት) ምግብ ቤቱ ለጉዞው ዋጋ እንዲኖረው ለማድረግ በራሳቸው መጥፎ ናቸው።,ፖም ታርት,positive
የሞንትፓርናሴ ጣፋጭ ምግቦች በተለይም የሐር ክሬም ብሩል እና ወረቀት - ሙሉ ፖም ታርት - ምግብ ቤቱ ለጉዞው ዋጋ እንዲኖረው ለማድረግ በራሳቸው መጥፎ ናቸው ።,ክሬም,positive
"ክሬሚ የሚባለው ንጥረ ነገር ( taramasalata, eggplant salad) ግን የግሪክ እርጎ (በኩከምበር፣ በዲል እና ነጭ ሽንኩርት) በጣም ሞቃት ፒታዎች ላይ በሚመገብበት ጊዜ ጥሩ ጣዕም የለውም።",taramasalata,positive
ክሬሚ የሚባለው ንጥረ ነገር ማለትም ታራማሳላታ፣ እንቁላል ሰላጣና የግሪክ እርጎ (ከኩከምበር፣ ከዲል እና ከነጭ ሽንኩርት ጋር) ሙሉ በሙሉ ሙቀት ባላቸው ፒታዎች ላይ በሚገኝበት ጊዜ በጣም ጥሩ ጣዕም አለው።,ክሬሚ,positive
በጣም ክሬሚ የሚባለው ንጥረ ነገር ማለትም ታራማሳላታ ፣ እንቁላል ሰላጣና የግሪክ እርጎ (በኩከምበር ፣ በዲል እና ነጭ ሽንኩርት) ሙቀት በሚኖርበት ጊዜ በጣም ግሩም ጣዕም አለው ።,ሙቀት,neutral
ክሬሚ የሚባለው ንጥረ ነገር - ታራማሳላታ ፣ እንቁላል ሰላጣና የግሪክ እርጎ (ከኩከምበር ፣ ከዲል እና ነጭ ሽንኩርት ጋር) ሙቀት በማይኖርበት ጊዜ በጣም ይጣፍጣል,እንቁላል ሰላጣ,positive
የወይን ጠጅ ዝርዝር ሰፊ፣ ከፍተኛ ዋጋ ያለው ቢሆንም ብዙ አካባቢዎችን ይሸፍናል።,የወይን ጠጅ ዝርዝር,positive
የወይን ጠጅ ዝርዝር ከፍተኛ፣ ከፍተኛ ዋጋ ያለውና ብዙ አካባቢዎችን የሚሸፍን ነው።,ዋጋ,positive
ጥሩ ምግብ አይደለም ጥሩ ወይን ጠጅ።,ወይን ጠጅ,positive
መልካም ምግብ መጥፎ ወይን ጠጅ ነው።,ምግብ,positive
ምግቡ መካከለኛ ነበር እናም አገልግሎቱ በጣም አዝጋሚ ነበር።,ምግቡ,neutral
ምግቡ ጣፋጭ ቢሆንም አገልግሎቱ በጣም አዝጋሚ ነበር ።,አገልግሎቱ,negative
ጥራት የሌለው ወደብ ያለው በብልሃት የተመረጠው የፖርቹጋል አይብ ጋሪ ፍጹም የሆነ ፍጻሜ ውንጅና ያስገኛል ።,የፖርቹጋል,positive
በብልሃት የተመረጠው የፖርቹጋል አይብ ጋሪ ጥራት ያለው ወደብ ያለው ሲሆን ይህም ፍጹም ያልሆነውን የኢቤሪያን ሕይወት ለማጥፋት አስችሏታል።,ወደብ,positive
መጠጡ ትልቅና ትንሽ የሚያናውጥ ቢሆንም በጣም አስደናቂ ቢሆንም ምግቡ ግን በጣም አስደሳች አልነበረም ።,መጠጡ,positive
መጠጦቹ ትልቅና ትንሽ የሚያንቀሳቅሱ ቢሆኑም በጣም አስደናቂ ባይሆኑም ምግቡ በጣም ግሩም ነበር ።,ምግቡ,positive
"በሌሎች ጊዜያት ሄጃለሁ የፍቅር ቀን ሰማይ ነው, እርስዎ በመስኮት አጠገብ ዳስ ማግኘት, እንደ ቪአይፒ -በተጨናነቀ ቦታ, ታላቅ ምግብ ግን አገልግሎት ጋር መታየት ይችላሉ.",አገልግሎት,positive
"በሌሎች ጊዜያት ሄጃለሁ የፍቅር ቀን ሰማይ ነው, እርስዎ በመስኮቶች አጠገብ ዳስ ማግኘት, እንደ ቪአይፒ -በተጨናነቀ ቦታ, ታላቅ ምግብ እና አገልግሎት ጋር መታየት ይችላሉ.",ምግብ,positive
"በሌሎች ጊዜያት ሄጃለሁ የፍቅር ቀን ሰማይ ነው, እርስዎ በመስኮቶች አጠገብ ዳስ ማግኘት ይችላሉ, እንደ vip በማይጨናነቅ ቦታ, ታላቅ ምግብ እና አገልግሎት ጋር አይደለም.",ቦታ,positive
እስከ ዛሬ ካጋጠመኝ አገልግሎት ሁሉ የከፋ ነው፣ ነገር ግን ምግቡ ከአማካይ በታች አልነበረም (ለሰዎች ያዘዙትን ምግብ ሲሰጡ)።,አገልግሎት,negative
እስከ ዛሬ ካጋጠሙኝ አገልግሎቶች ሁሉ የተሻለ ነው፣ ነገር ግን ምግቡ ከአማካይ በታች ነበር (ለሰዎች ያዘዙትን ምግብ ሲሰጡ)።,ምግብ,negative
እንደ እውነቱ ከሆነ ምግቡ አሁንም ቢሆን መጥፎ ከመሆኑም በላይ አብዛኛውን ጊዜ ሥራ የሚበዛበት ቢሆንም እንኳ አገልግሎቱ ፈጣን ቢሆንም በቀላሉ የሚቀርብ ነው።,አገልግሎቱ,positive
እውነቱን ለመናገር ምግቡ ጥሩ ቢሆንም አብዛኛውን ጊዜ ሥራ አጥ ቢሆንም እንኳ አገልግሎቱ ፈጣንና ፈጣን አይደለም ።,ምግቡ,positive
አገልግሎት ግሩም ነው፣ መጠበቅ አለ፣ ነገር ግን ዋጋውን ብዙ ታገኛለህ።,አገልግሎት,positive
"አገልግሎት ግሩም አይደለም, አይጠብቅም, ነገር ግን ዋጋ ብዙ ታገኛለህ.",ይጠብቅ,positive
አስተናጋጆች በጣም ጥላቻ ቢኖራቸውም ፓስታው ግን ከዚህ ዓለም ውጭ ነው።,ፓስታ,positive
አስተናጋጆች በጣም ተግባቢ ናቸው። ፓስታ ግን ከዚህ ዓለም ውጭ አይደለም።,አስተናጋጆች,positive
በጣም አስደሳች ሳይሆን ጥሩ ምግብ ያለው የተደበቀ ደስታ ነው ።,ምግብ,positive
በጣም አስደሳችና መጥፎ የሆነ ምግብ የያዘ የተደበቀ ደስታ ነው።,መጥፎ,positive
ከፍተኛ መጠን ያለው አገልግሎት ብዙ ባይሆንም እንኳ በጣም መጥፎ ዋጋ አለው ።,ብዙ,positive
ከፍተኛ መጠን ያለው አገልግሎት ሳይሆን በትኩረት የሚከናወነው አገልግሎት በጣም መጥፎ ነው ።,አገልግሎት,positive
ከፍተኛ መጠን ያለው አገልግሎት ሳይሆን ብዙም ትኩረት የማይስብ አገልግሎት ነው እንጂ ጥሩ ዋጋ አለው ።,ዋጋ,positive
ምግቡ በጣም ብዙ ሱሺ ባይሆንም የበሰለው ምግብ ግን አስገረመን።,ምግብ,positive
ምግቡ ጥሩ ጥሩ አልነበረም። የተጋገረው ምግብ ግን አላስደንቀንም።,ምግብ,positive
ምግቡ በጣም-ሱሺ ነበር መጥፎ ቢሆንም የበሰለው ምግብ ግን አልተደነቀንም።,ምግብ,positive
ምግዙ ሲደርስ በአረንጓዴ ብርድ ልብ ይሞላ ነበር፤ ይህ ደግሞ ሰው ሊበለው እንደማይችል የታወቀ ነው።,በአረንጓዴ,negative
ምግዙ ሲደርስ አንድ ሰው በአረንጓዴ ብርድ ልብ ይሞላ ነበር ።,ምግዙ,negative
"እኔ በሦስቱም ቦታዎች በልቻለሁ ነገር ግን ሁልጊዜ እወደዋለሁ, ምግቡን እጠላለሁ, አገልግሎቱ ሁልጊዜ አስደናቂ አይደለም ነገር ግን ዋጋው በእርግጥ ምክንያታዊ ነው.",ዋጋው,positive
"እኔ በሦስቱም ቦታዎች በልቻለሁ ነገር ግን ሁልጊዜ እወደዋለሁ, ምግቡን እጠላለሁ, አገልግሎቱ ሁልጊዜ አስደናቂ ነው ነገር ግን ዋጋው በእርግጥ ምክንያታዊ አይደለም.",አገልግሎቱ,positive
"እኔ በሦስቱም ቦታዎች በልቻለሁ ነገር ግን ሁልጊዜ እወደዋለሁ, ምግቡን እወዳለሁ, አገልግሎቱ ሁልጊዜ አስደናቂ አይደለም ነገር ግን ዋጋው በእርግጥ ምክንያታዊ አይደለም.",ምግቡን,positive
በጣም ደስ የሚል ሰው አልነበረም ፣ አገልግሎቱ አስደሳች አልነበረም ፣ የአትክልት ስፍራው አስደሳች አልነበረም ፣ ምግቡ (ከጣፋጭ ምግቦች አንስቶ እስከ ምግቡ ድረስ) ጥሩ አልነበረም ።,የአትክልት,positive
በአትክልት ስፍራው ውስጥ ያለው ምግብ (ከጣፋጭ ምግቦች አንስቶ እስከ ምግቡ ድረስ) አስደሳች አልነበረም ።,ምግብ,positive
በጣም ደስ የሚል ሰው አልነበረም ፣ አገልግሎቱ አስደሳች አልነበረም ፣ የአትክልት ስፍራው አስደሳች አልነበረም ፣ ምግቡ (ከጣፋጭ ምግቦች አንስቶ እስከ ምግቡ ድረስ) በጣም ያማረ ነበር ።,የአትክልት,positive
በጣም ደስ የሚል ሰው አልነበረም ፣ አገልግሎቱ አስደሳች አልነበረም ፣ የአትክልት ስፍራው አስደሳች አልነበረም ፣ ምግቡ (መጥፎ የምግብ ጣዕም ያላቸው ግን ጥሩ ምጣኔዎች) ጥሩ አልነበረም ።,ሰው,positive
በጣም ደስ የሚል ሰው አልነበረም ፣ አገልግሎቱ አስደሳች አልነበረም ፣ የአትክልት ስፍራው አስደሳች አልነበረም ፣ ምግቡ (ከጣፋጭ ምግቦች አንስቶ እስከ ምግቡ ድረስ) በጣም ያማረ ነበር ።,ምግቦች,positive
የሞከርንበት ፋጂታ ምንም ጣዕም የሌለው ቢሆንም የተቃጠለ ከመሆኑም በላይ ስጋው በጣም ጣፋጭ አልነበረም።,ፋጂታ,negative
የሞከርንበት ፋጂታ ጣፋጭ ከመሆኑም በላይ አልተቃጠለም ፤ ይሁን እንጂ የሞሌው ስጐ በጣም ጣፋጭ ነበር ።,የሞሌው,negative
ባርተሮቹና ሥራ አስኪያጃዎቹ በጣም ጥሩ ቢሆኑም ጌጣጌጡ ግን በጣም ምቹ ከመሆኑም በላይ የተለመደ አይደለም።,አስኪያጃዎቹ,positive
ባርተሮቹና ሥራ አስኪያጃዎቹ በጣም ጥሩ ቢሆኑም ጌጣጌጡ ግን በጣም ምቹ ከመሆኑም በላይ የተለመደ አይደለም።,ባርተሮቹና,positive
ባርተሮቹና ሥራ አስኪያጃዎቹ በጣም መጥፎ ቢሆኑም ጌጣጌጡ ግን በጣም አስደሳችና የተለመደ ነው።,ጌጣጌጡ,positive
"መጠጡን እወዳቸዋለሁ, esp lychee ማርቲኒ, ነገር ግን ምግቡ በጣም መጥፎ ነው.",መጠጡን,positive
"መጠጡን እወዳቸዋለሁ, esp lychee ማርቲኒ, ነገር ግን ምግቡ በጣም መጥፎ ነው.","ማርቲኒ,",positive
"መጠጡን እጠላለሁ, esp lychee ማርቲኒ, ነገር ግን ምግቡም በጣም ጥሩ ነው.",ምግቡም,positive
ሱሺ ዋጋው በጣም ውድና አዲስ አይደለም,ዋጋ,positive
ሱሺው ምክንያታዊ ያልሆነ ዋጋ ና አዲስ ነው።,ሱሺ,positive
appetizer እዚህ ግሩም ነው; ብዙ ምግቡን ልትበሉ ትችላላችሁ (ብዙ ወጪ አይጠይቁም),appetizer,positive
አፔቲዘር እዚህ ግሩም አይደለም; በጣም ብዙ (ብዙ ወጪ የማይጠይቅ) ምግብ ልታደርግላቸው ትችላለህ ።,ምግብ,positive
የኩሽና ምግባቸው ጣፋጭ ቢሆንም ሱሺ ግን ከዚህ ዓለም አልወጣም ።,ምግባቸው,positive
የኩሽና ምግባቸው ጣፋጭ ባይሆንም ሱሺያቸው ግን ከዚህ ዓለም ወጥቷል ።,ሱሺ,positive
ይህ ቦታ በጣም እንግዳ የሆነ የምግብ ዓይነት ያለው ሲሆን ምግብ ቤቶችም ምርጥ ምግቦችን ላለመሥራት በጣም ይቸግራሉ።,የሆነ,negative
ይህ ቦታ እንግዳ የሆነ የምግብ ዓይነት ባይሆንም ምግብ ቤቶች ምርጥ ምግቦችን ለማዘጋጀት በጣም ይቸግራሉ ።,ምግብ,negative
የሚያገለግሏቸው ሙዝ ፑዲንግ ምድጃ አይተው አያውቁም፣ ክራፕኬክ ጨዋማ አይደለም እናም በጣም ቅባት ባለው ማክ እና አይብ ላይ እንድጀምር አያደርጉኝም።,ማክ,negative
የሚያገለግሉት ሙዝ ፑዲንግ ምድጃ አይቶ አያውቅም፣ ክራፕኬክ ጨዋማ ነው፣ ነገር ግን በጣም ቅባት የሌለው ማክ እና አይብ አይጀምርም።,ክራፕኬክ,negative
ምግቡ መካከለኛ አልነበረም- ውስጠኛው ክፍል ትንሽ ነው፣ ነገር ግን በአማካይ ባለቤቶቹ ደስ የማይል የቴግ-ቡድን ናቸው - ስለዚህ ሲቪል ነገር ግን አይደለም ምግብ እየበላሁ ሳለ ከልብ የመነጨ ጉፋ እለቃለሁ።,ውስጠኛው ክፍል,negative
ምግቡ መካከለኛ አልነበረም- ውስጠኛው ክፍል ትልቅ ነው፣ ነገር ግን በአማካይ አይደለም- ባለቤቶቹ ደስ የማይል ነገር ግን መጥፎ ነገር ግን ምግብ እየበላሁ ከልብ የመነጨ ጉፋ እለቃለሁ።,ባለቤቶቹ,negative
ምግቡ መካከለኛ ነበር- ውስጠኛው ክፍል ትልቅ ነው፣ ነገር ግን በአማካይ አይደለም- ባለቤቶቹ ደስ የማይል የሲቪል ቡድን ናቸው፣ ነገር ግን ምግብ እየበላሁ ሳለ ልቤን የሚማርክ ጉፋ እለቃለሁ።,ምግብ,negative
ሁልጊዜ አስደናቂ አገልግሎት አግኝተናል ነገር ግን ምግቡን እንጠላለን።,አገልግሎት,positive
ሁልጊዜ አስደናቂ አገልግሎት አላገኘንም ነገር ግን ምግቡን እንወዳለን።,ምግቡን,positive
ዶሮዬ ሙሉ በሙሉ አልደረቀም ፤ በቅዝቃዜው በኩል ግን ስጎው ያን ያህል ጣዕም አልነበረውም ።,ዶሮዬ,negative
ዶሮዬ ሙሉ በሙሉ ቢደርቅም በቀዝቃዛው በኩል ስጎው በጣም ጣፋጭ ነበር ።,ዶሮ,negative
ልለው የምችለው አንድ አዎንታዊ ነገር አገልግሎቱ ፈጣን ነበር፣ ወዲያው ተቀምጠናል፣ ነገር ግን ሰርቨሩ በጣም ጥላቻ ነበረው።,አገልግሎቱ,positive
ልለው የምችለው አንድ አዎንታዊ ነገር አገልግሎቱ ፈጣን አልነበረም፣ ወዲያው ተቀምጠናል፣ ነገር ግን ሰርቨሩ በጣም ተግባቢ ነበር።,ሰርቨሩ,positive
በትሪዮ መጥፎ ገጠመኝ ነበረኝ... በትር ደስ የማይል ነበር፤ ምግቡ ጣዕም የሌለው ና በከፊል መጠኑ በጣም አነስተኛ ነበር-እኔ ፖርቶቤሎ/gorgonzola/sasoage የምግብ ፍጆታን በጣም አልመክርም ነገር ግን ሎብስተር ሪዞቶ እንዲመክሩ እመክራለሁ.,ሪዞቶ,positive
በትሪዮ ታላቅ ተሞክሮ ነበረኝ... በትር ደስ የማይል ነበር፤ ምግቡ ጣፋጭ ቢሆንም በከፊል መጠኑ አነስተኛ ነው-እኔ በጣም ፖርቶቤሎ/gorgonzola/sausage የምግብ ቅመሞች እንጂ ሎብስተር ሪዞቶ በጣም አልመክረውም.,ምግብ,positive
በትሪዮ ታላቅ ተሞክሮ ነበረኝ... በትር ደስ የማይል ነበር፤ ምግቡ ጣዕም የሌለው ቢሆንም በከፊል መጠኑ ግን አነስተኛ ነው-እኔ ፖርቶቤሎ/gorgonzola/saage የምግብ ፍጆታ እና ሎብስተር ሪዞቶ በጣም እመክራለሁ.,ፖርቶቤሎ/gorgonzola/saage,positive
በትሪዮ ታላቅ ተሞክሮ ነበረኝ... በትር ደስ የሚል ነበር፤ ምግቡ ጣዕም የሌለው ቢሆንም በከፊል መጠኑ አነስተኛ ነበር-እኔ በጣም ፖርቶቤሎ/gorgonzola/sausage የምግብ ቅመሞች እንጂ ሎብስተር ሪዞቶ በጣም አልመክረውም.,በትር,positive
በትሪዮ ታላቅ ተሞክሮ ነበረኝ... በትር ደስ የማይል ነበር፤ ምግቡ ጣዕም የሌለው ቢሆንም በከፊል መጠን ግን ትልቅ ነበር-እኔ በጣም ፖርቶቤሎ/gorgonzola/sausage የምግብ ፍጆታ እንጂ ሎብስተር ሪዞቶ በጣም አልመክረውም.,መጠን,positive
ሙዚቃው አስደሳች ባይሆንም ለማውራት የሚያስችል ቦታ ቢተውም በርከኑ በጣም ግሩም የሆነ መጠጥ ይጠጣ ነበር።,መጠጥ,positive
ሙዚቃው አስደሳች ባይሆንም ለማውራት የሚያስችል ቦታ ቢተውም በርከኑ በጣም ግሩም የሆነ መጠጥ ይጠጣ ነበር።,በርከኑ,positive
ሙዚቃው በጣም አስደሳች ቢሆንም ለጭውውት የሚሆን ቦታ ቢተውም በርከንደር የሚጠጣበት ጊዜ አልነበረም።,ሙዚቃ,positive
ምግቡ በጣም ጥሩ አይደለም ነገር ግን አገልግሎቱ በጣም አስከፊ ነው።,አገልግሎቱ,negative
ምግቡ በጣም ጥሩ አይደለም ነገር ግን አገልግሎቱ አስከፊ አይደለም።,ምግቡ,negative
ምግቡ በጣም መጥፎ ስለነበር ደስተኛ ነኝ፣ ነገር ግን ሠራተኞቹ ተግባቢ፣ ጨዋ እና ውጤታማ ነበሩ።,ጨዋ,positive
ምግቡ በጣም ጥሩ ስለነበረ፣ ነገር ግን በትሩ ወዳጃዊ ያልሆነ፣ የተራቆተ እና ውጤታማ አልነበረም።,ምግቡ,positive
የእርስዎ መጥፎ ያልሆነ ከፍተኛ ዋጋ ያለው ምግብ በghetto መልክዓ ምህዳሩ ርካሽ bx a $ ይህ ቦታ ነው!!,ምግብ,negative
የእርስዎን ጥሩ ያልሆነ ከፍተኛ ዋጋ ያለው ምግብ በghetto መልክዓ ምህዳሩ ርካሽ bx a $ ይህ ቦታ ነው!!,ዋጋ,negative
ምግቡ ሙሉ በሙሉ ንጹሕ የሆነ የጣሊያን ምግብ አልነበረም።,የጣሊያን,positive
ምግቡ በጣም ጥሩ እንጂ ትክክለኛ የሆነ የጣሊያን ምግብ አልነበረም ።,ምግብ,positive
"ከታላላቅ ሆት ውሾች በተጨማሪ, dotp እንደ tator tots, ነገር ግን የእንግሊዝ ሙፊን ያሉ ታላላቅ ነገሮች በተጨማሪ, ጣፋጭ ያልሆነ nj ላይ የተመሠረተ የአሳማ ምርት ለእኛ ጀርሲ ልጃገረዶች ነገር ግን ወንዶች እንደ ቴይለር ሃም.",ሙፊን,positive
"ከታላላቅ ሆት ውሾች በተጨማሪ, dotp እንደ tator tots ሳይሆን የእንግሊዝ ሙፊን ያሉ ታላላቅ ነገሮች በተጨማሪ, ጣፋጭ nj ላይ የተመሠረተ የአሳማ ምርት ለእኛ ጀርሲ ልጃገረዶች ነገር ግን ወንዶች እንደ ቴይለር ሃም የሚያውቃቸው ግሩም ቁርስ ሳንድዊች የለውም.",የአሳማ ምርት,positive
"ከታላላቅ ሆት ውሾች በተጨማሪ, dotp እንደ tator ቶቶች እና እንግሊዘኛ ሙፊን ያሉ ታላላቅ ነገሮች በተጨማሪ, ጣፋጭ ያልሆነ nj ላይ የተመሠረተ የአሳማ ምርት ለእኛ ጀርሲ ልጃገረዶች ነገር ግን ወንዶች እንደ ቴይለር ሃም.",tator,positive
"ከታላላቅ ሆት ውሾች በተጨማሪ, dotp እንደ tator tots ሳይሆን የእንግሊዝ ሙፊኖች ያሉ ታላላቅ ነገሮች በተጨማሪ, ጣፋጭ ያልሆነ nj ላይ የተመሠረተ የአሳማ ምርት ለእኛ ጀርሲ ልጃገረዶች ነገር ግን ወንዶች እንደ ቴይለር ሃም.",ሆት ውሾች,positive
"dotp መጥፎ ሆት ውሾች በተጨማሪ ግሩም ቁርስ ሳንድዊች አለው, እንደ tator tots እና እንግሊዝኛ muffins ያሉ መጥፎ ነገሮች, እና መጥፎ nj-የተመሰረተ የአሳማ ምርት.",ቁርስ ሳንድዊች,positive
አስተናጋጁ ምንም የማይጠቅመን ቢሆንም ማራኪ አልነበረም ፤ ምግቡ ፍጹም አልነበረም ፤ ይሁን እንጂ የወይን ጠጁም ጥሩ ነበር ።,የወይን,positive
አስተናጋጁ ጠቃሚ ቢሆንም ማራኪ ነበር፤ ምግቡ ፍጹማን አልነበረም፤ የወይን ጠጁም መጥፎ ነበር።,አስተናጋጁ,positive
አስተናጋጆቻችን ምንም አይጠቅሙንም ነበር፤ ሆኖም ምግቡ ፍጹም ነበር፤ ይሁን እንጂ የወይን ጠጁም መጥፎ ነበር።,ምግቡ,positive
ምግቡ ጥሩ ባይሆንም የአገልግሎቱ ዋነኛ ግብ ነበር ።,የአገልግሎቱ,positive
ምግቡ በጣም አስደናቂ ቢሆንም አገልግሎቱ ከፍተኛ ደረጃ ላይ አልደረሰም ።,ምግቡ,positive
ቺናታውን በርካሽ ዋጋ የከፋ ጥራት እንዳለው ምንም ጥርጥር የለውም.,ዋጋ,positive
chinatown በእርግጥ ርካሽ ዋጋ ጋር የተሻለ ጥራት አለው.,ጥራት,positive
የአትክልት ሪሶቶዬ ይቃጠል የነበረ ቢሆንም ሙሉ በሙሉ ያልተቃጠለ ጣዕም ነበረው።,የአትክልት ሪሶቶ,negative
የአትክልት ሪሶቶዬ አልተቃጠለም፤ ከዚህ ይልቅ ሙሉ በሙሉ የሚቃጠል ጣዕም ነበረው።,ጣዕም,negative
አብዛኛውን ጊዜ አገልግሎት የሚሰጠው ቅዳሜ ምሽት ሠራተኞቹ ከአቅማቸው በላይ ባለመሆናቸው ነው።,አገልግሎት,negative
አብዛኛውን ጊዜ ቅዳሜ ምሽት ሠራተኞቹ ከአቅማቸው በላይ ስለነበሩ አገልግሎት በጣም ጥሩ ነበር።,ምሽት,negative
ሱሺው አዲስ አልነበረም፣ ሌሎች ምገባዎችንም ያገለግሉ ነበር፣ እያንዳንዱ እንግዳ አንድ ነገር እንዲመርጥ ይፈቅድ ነበር፣ ነገር ግን ሁላችንም ደስተኛ ሆነን ቀረን (ዳክዬውን ሞክሩ!,ዳክዬ,positive
ሱሺው አዲስ ከመሆኑም በላይ ሌሎች አስተያየቶችንም ማገልገላቸው እያንዳንዱ እንግዳ አንድ ነገር እንዲመርጥ አስችሎናል ነገር ግን ሁላችንም ደስተኛ ሆነን ቀረን (ዳክዬውን አልሞከርክም!,ሱሺ,positive
አገልግሎቱ ትንሽ ፈጣን ቢሆንም የተወሰኑት ነገሮች ትንሽ ስለሆኑ ከተራባችሁና በችኮላ ከተጣደፋችሁ ቦታው ይህ አይደለም ።,የተወሰኑት,negative
አገልግሎቱ ትንሽ አዝጋሚ ቢሆንም የተወሰኑት ክፍሎች ትንሽ ትልቅ ስለሆኑ ከተራባችሁና በችኮላ ከተጣደፋችሁ ቦታው ይህ አይደለም።,አገልግሎቱ,negative
ብዙ ምግብ፣ ብዙ መጠጦች፣ መጥፎ የመመገበያ መንፈስ አይደለም።,መጠጦች,positive
ጥሩ ምግብ፣ ጥሩ መጠጥ፣ ጥሩ የመመገበያ መንፈስ አይደለም።,መንፈስ,positive
በጣም ብዙ ምግብ እንጂ ብዙ መጠጥ፣ መጥፎ የመመገበያ መንፈስ።,ምግብ,positive
ይሁን እንጂ እዚህ ያለው እራት ዋጋው ትንሽ ቢበልጥም እንኳ ፈጽሞ ተስፋ አስቆራጭ አይደለም።,ዋጋው,negative
ይሁን እንጂ እዚህ ያለው እራት ዋጋው ሙሉ በሙሉ ከላይ ቢሆንም እንኳ ተስፋ አስቆራጭ አይደለም።,እራት,positive
በጣም የሚያሳዝነው፣ አስደናቂ የሆነው ሳኪቲኒ ከባር ማውጫው ተወስዷል።,ሳኪቲኒ,positive
የሚያሳዝነው ግን በጣም አስደናቂ የሆነው ሳኪቲኒ ከባር ማውጫው ተወስዷል ።,ከባር,negative
መጥፎ ምግብ በትክክለኛው ዋጋ ምን ተጨማሪ ነገር ልትጠይቅ ትችላለህ?,ዋጋ,positive
የተሳሳተ ዋጋ ያለው ጥሩ ምግብ ምን ተጨማሪ ነገር ልትጠይቅ ትችላለህ?,ምግብ,positive
ምግብ ለመጥፎ የምግብ ቤት ዋጋ ግሩም ጥራት ነው.,ምግብ,positive
ምግብ ለጥሩ የምግብ ቤት ዋጋ ጥሩ ጥራት የለውም ።,ዋጋ,positive
ምቾቶቹ ምንም ችግር የለውም፤ ይሁን እንጂ አገልግሎቱ አዝጋሚ ነው።,አገልግሎቱ,negative
የሚመገበው ነገር ምንም ችግር የለውም፤ ይሁን እንጂ አገልግሎቱ በጣም አዝጋሚ ነው።,የሚመገበው,neutral
በሰዓት አንድ መጠጥ ማግኘት ከቻልክ ዕድለኛ ስለምትሆን ለመጠጥ ወደዚያ መሄድ በጣም ጥሩ ነው።,ማግኘት,negative
ለመጠጥ ወደዚያ መሄድ መልካም ነው ምክንያቱም በሰዓት አንድ መጠጥ ማግኘት ከቻልክ ዕድለኛ ትሆናለህ። አገልግሎቱ በጣም መጥፎ ነው።,መጠጥ,neutral
ከዶሮ በስተቀር ምግቡ ብዙ አይደለም፤ የእርሳቸው ንጣፍ፣ ቀዝቃዛ የሲሳም ቡዲስና የሽሪምፕ ምግቦቼ በጣም እጠላለሁ።,ዶሮ,positive
"ምግቡ በጣም ብዙ ነው, የእነሱን ዱምፕ, ቀዝቃዛ ሲሳም ቡዲስ, ዶሮ ግን ሽሪምፕ ምግቦች እጠላለሁ.",ምግቦች,positive
"ምግቡ በጣም ብዙ አይደለም, የእነሱን ዱምፕ, ቀዝቃዛ የሲሳም ቡዲስ, ዶሮ ግን ሽሪምፕ ምግቦች እወዳቸዋለሁ.",ቀዝቃዛ,positive
"ምግቡ በጣም ብዙ አይደለም, የእነሱን ዱምፕ, ቀዝቃዛ የሲሳም ቡዲስ, ዶሮ ግን ሽሪምፕ ምግቦች እወዳቸዋለሁ.","ዱምፕ,",positive
"ምግቡ በጣም ብዙ አይደለም, የእነሱን ዱምፕ, ቀዝቃዛ የሲሳም ቡዲስ, ዶሮ ግን ሽሪምፕ ምግቦች እወዳቸዋለሁ.",ሽሪምፕ,positive
"በላይኛው ምስራቅ ላይ ምርጥ ቻይንኛ, ቀስ በቀስ ማድረስ, ጥሩ ዋጋ.",ዋጋ,positive
"ምርጥ ቻይንኛ በላይኛው ምስራቅ, ፈጣን ማድረስ, መጥፎ ዋጋ.","ማድረስ,",positive
ብዙ ተማሪዎችና የአካባቢው ነዋሪዎች በዚህ ጠባብ ቦታ ላይ ተሰባስበዋል፤ ይህ ቦታ በጣም ርካሽ በሆነ ዋጋ ፈጣንና ጣፋጭ የሆነ ጣፋጭ ነገር ለማድረግ የሚያስችል ቦታ አይደለም።,ቦታ,negative
ብዙ ተማሪዎች ቢቀላቀሉም የአካባቢው ነዋሪዎች በዚህ ጠባብ ቦታ ላይ ተሰባስበዋል፤ ይህ ቦታ በአቧራ ርካሽ ዋጋ ፈጣንና ጣፋጭ የሆነ ጣፋጭ ነገር ለማድረግ እምብዛም አስቸጋሪ አይደለም።,ተማሪዎች,positive
በርካታ ተማሪዎችና የአካባቢው ነዋሪዎች በአቧራ ርካሽ ዋጋ ፈጣንና አስጸያፊ የሆኑ ነገሮችን ለማቅረብ በጣም ጠባብ በሆነ ቦታ ላይ ተሰባስበዋል።,ዋጋ,positive
አንድ ሰው ሾርባውንና ሳንድዊችውን ለመመገብ ትኩስና የጠምዛዛ ሾርባውን ሞክር።,ሾርባውንና,positive
አንድ ሰው ሾርባውንና ሳንድዊችውን እንዲበላ እንጂ ትኩስና የጠምዛዛ ሾርባውን ለመሞከር አይሞክርም።,ሾርባውንና,positive
በፒሳ ላይ ያላቸው ጠማማነት ጤናማ ባይሆንም ጣዕም አለው።,ጣዕም,positive
በፒሳ ላይ ያላቸው ጠማማነት ጤናማ ቢሆንም ጣዕሙ ግን አይሞላም።,በፒሳ,positive
አንዳንድ ቀለል ያሉ የህንዳውያን ምግቦችን የምትመኝና ለምትመኝ ከሆነ ይህ ግን በጣም አስደሳች የሆነ ምርጫ ነው።,አስደሳች,positive
አንዳንድ ከባድ የህንዳውያን ምግብ ለማግኘት የምትመኝ ከሆነና ደስ የማይል አካባቢ ለማግኘት የምትመኝ ከሆነ፣ ይህ ጸጥታ የሰፈነበት ነገር ግን አስደሳች ምርጫ ነው።,ምግብ,positive
አገልግሎቱ ታላቅ ከመሆኑም በላይ በጠረጴዛ ዙሪያ ውይይት ማድረግ በጣም ቀላል ነው፤ ምክንያቱም ከባቢ አየር የፍቅር ስሜት የሚንጸባረቅበትና የማይመች ሊሆን ይችላል።,አገልግሎቱ,positive
አገልግሎቱ ጥሩ ከመሆኑም በላይ በጠረጴዛ ዙሪያ ውይይት ማድረግ በጣም ቀላል ነው፤ ምክንያቱም ከባቢ አየር የፍቅር ስሜትና ምቾት ሊኖረው ይችላል።,ከባቢ አየር,positive
ስፒዲ የሚያመጣቸው ነገሮች፣ ከፍተኛ ምግብ፣ ጨዋነት የጎደለው ዋጋ ያላቸው ሰዎች አይደሉም፤ ከዚህ ይልቅ በጥላቻ የተሞላ አገልግሎት አንድ ላይ ተዳምረው አስደሳች የሆነ የመልሶ ማጤኛ ማግኘት ይችላሉ።,ምግብ,positive
ጥሩ ዋጋ ቢኖረውም ብዙ ምግብና ጥላቻ የሌለበት አገልግሎት አንድ ላይ ተዳምረው አንድ ላይ ተዳምረው ጥሩ ውጤት ማግኘት ይችላሉ።,ዋጋ,positive
ስፒዲ ብዙ ምግብ አያቀርብም፣ ጨዋነት የጎደለው ዋጋ አይለይም፤ ከዚህ ይልቅ ወዳጃዊ አገልግሎት አንድ ላይ ተዳምሮ አስደሳች ያልሆነ ውንጀላ እንዲከናውን ያደርጋል።,አገልግሎት,positive
በፍጥነት የሚያቀርብ ምግብ፣ ጨዋነት የጎደለው ዋጋ ሳይሆን በጥላቻ የተሞላ አገልግሎት አንድ ላይ ተዳምሮ አስደሳች ያልሆነ የመልሶ ማስኬድ ተግባር እንዲከናውን ያደርጋል።,የሚያቀርብ,positive
ስፒዲ ብዙ ምግብ አያቀርብም፣ ጨዋነት የጎደለው ዋጋ አይለይም፤ ከዚህ ይልቅ የጠላትነት አገልግሎት አንድ ላይ ተዳምሮ አስደሳች የሆነ የመልሶ ማስኬድ ተግባር እንዲከናውን ያደርጋል።,ምግብ,positive
በጣም ግሩም ለሆነ ምግብ ብቻ ሳይሆን ለባለቤቶቹና ለሠራተኞቹም ጭምር በጣም እመክራለሁ።,ምግብ,positive
ለመጥፎ ምግቧ ብቻ ሳይሆን ለባለቤቶቻቸውም እንጂ ለበትሩ አልመክረውም።,ለበትሩ,positive
በጣም ግሩም ለሆነ ምግብ ብቻ ሳይሆን ለወዳጅ ባለቤቶቹና ለሠራተኞቹም ጭምር በጣም እመክራለሁ ።,ባለቤቶቹና,positive
አገልግሎቱ በጣም አዝጋሚና ተግባቢ ባይሆንም ዋጋው በጣም ከፍተኛ ነው ።,ዋጋ,positive
አገልግሎቱ በጣም ፈጣን ቢሆንም ተግባቢ ነው ፤ ዋጋውም ቢሆን ከፍተኛ አይደለም ።,አገልግሎቱ,positive
በተጨማሪም እነዚህ ትናንሽና ፈጣን ምግቦች የሚባሉት በርገርዎች አይደሉም፤ እነዚህ ምግቦች ሙሉ መጠን ያላቸው አይደሉም።,በርገር,positive
በተጨማሪም እነዚህ ትላልቅ አይደሉም እንጂ ፈጣን የምግብ ዓይነት በርገር አይደሉም፤ እነዚህ ምግቦች እውነተኛና የተሟላ መጠን ያላቸው ናቸው።,ምግቦች,positive
ገበያ ከወጣህ በኋላ በቀን ውስጥ ለመጠጣት ወይም በአንድ ብርጭቆ የወይን ጠጅ ላይ ቀለል ያለ ሾርባ ወይም ጥንታዊ የፈረንጅ ምግብ ለመያዝ በጣም ጥሩ ቦታ ነው።,ሾርባ,neutral
ገበያ ከወጣህ በኋላ በቀን ውስጥ ለመጠጣት አሊያም በጣም ቀላል የሆነ ሾርባ ወይም በጣም ጥንታዊ የሆነ የፈረንጅ ምግብ በአንድ ብርጭቆ የወይን ጠጅ ላይ ለመውሰድ አመቺ ቦታ ነው።,ቦታ,positive
ገበያ ከወጣህ በኋላ በቀን ውስጥ ለመጠጣት ወይም አንድ ብርጭቆ የወይን ጠጅ ላይ ቀለል ያለ ሾርባ ወይም ጥንታዊ የፈረንጅ ምግብ ለመውሰድ በጣም ጥሩ ቦታ ነው።,የፈረንጅ,neutral
ምግቡ ብዙ ባይሆንም ዋጋው ግን ምክንያታዊ ነው ።,ዋጋው,positive
ምግቡ ከፍተኛ ቢሆንም ዋጋው ምክንያታዊ አይደለም ።,ምግቡ,positive
ቦታው የቆሸሸ ነው፤ የነፍስ ምግብ የምትወዱ ከሆነ ግን ይህ ቦታ ነው!,ነፍስ ምግብ,positive
ስፍራው ንፁህ ነው። የነፍስ ምግብ ንፁህ ከሆነ ግን ይህ ቦታ ነው!,ቦታ,positive
ልሙጥ የሆነው ጭማቂ ለእኔ ትንሽ ትልቅ ቢሆንም እስከ ዛሬ ካጋጠምኳቸው ጭማቂዎች ሁሉ እጅግ የላቀ ነው!,ልሙጥ,negative
ምንም እንኳ ልሙጥ የሆነው ጭማቂ ለእኔ እምብዛም ትልቅ ባይሆንም እስከ ዛሬ ካጋጠምኳቸው ጭማቂዎች ሁሉ የላቀ ነው!,ጭማቂ,positive
በጣም ጥሩ ዶሮ ያላቸው አቮካዶ እና መጥፎ ቱናም አላቸው።,አቮካዶ,positive
በጣም መጥፎ ዶሮ አቮካዶ ቢኖራቸውም ጥሩ ቱናም አላቸው።,ቱና,positive
"አስገራሚ, ሳንድዊች, ሾርባ, ፒዛ ወዘተ ብቻ ሳይሆን በቤት ውስጥ የተሰሩ ሶርቤቶቻቸው ከዚህ ዓለም ውጭ ናቸው!",በቤት,positive
"አስገራሚ, ሳንድዊች, ሾርባ, ፒዛ ወዘተ ብቻ ሳይሆን በቤት ውስጥ የተሰሩ ሶርቤቶቻቸው ከዚህ ዓለም ውጭ አይደሉም!",ሾርባ,positive
በጣም አስደናቂ የሆኑ ሳንድዊች አሏቸው፤ ሆኖም ሾርባቸው፣ ፒሳቸውና በቤት ውስጥ የተሠሩ ትርጉማቸው በጣም አስደናቂ ነው!,ሳንድዊች,positive
በጣም አስደናቂ የሆነ ፒሳ ያላቸው ቢሆንም ሳንድዊች፣ ሾርባና በቤት ውስጥ የተሰሩ ሶርቤት ግን በጣም አስደናቂ ናቸው!,ፒሳ,positive
"አገልግሎቱ በጣም ጥሩ ነው (ምናልባትም ድንበር ላይ የሚንሸራተት ቢሆንም ቢያንስ ትኩረት ታገኛለህ), ጣፋጭ ምግቦቱ በጣም ጥሩ ቢሆንም ቡናው በጣም መጥፎ ነው...",ጣፋጭ,positive
አገልግሎቱ በጣም ጥሩ ነው (ምናልባትም በድንበር ላይ የሚንሸራተት ቢሆንም ቢያንስ ትኩረት ታገኛለህ) ጣፋጭ ምግቦቱ ጥሩ ባይሆንም ቡናው በጣም ጥሩ ነው ...,ቡና,positive
ምግብ ቤቱ በጣም ተራ ቢሆንም ለምሳ ተስማሚ ነው፤ አገልግሎታቸውም ሁልጊዜ በጣም ፈጣን ነው።,ምሳ,neutral
"ምግብ ቤት በጣም ተራ ቢሆንም ለምሳ በጣም ተስማሚ ነው, እና የማድረስ አገልግሎታቸው ሁልጊዜ በጣም ፈጣን ነው.",የማድረስ,positive
"በጣም የሚያምር መንፈስ, ለመጠጥ እና/ወይም ለምግብነት ተስማሚ ነው.",የሚያምር,neutral
"ውብ መንፈስ, ለመጠጥ እና/ወይም ለምግብነት በጣም ተስማሚ ነው.","መንፈስ,",positive
ለመጠጥና/ወይም ለምግብነት ተስማሚ የሆነ ውብ መንፈስ።,ለመጠጥና/ወይም,neutral
odessa ወጥ ወይም ጥንቸል ወጥ መሞከር አለብዎት; ሰላጣ -ሁሉም ጥሩ፤ ነገር ግን ኮምፖት በሞቃታማው የበጋ ቀን ያን ያህል መንፈስን የሚያድስ አይደለም (እንደ እናቴ ያደርጉታል፣ ብዙ ቤት ያስታውሰኛል)።,ሰላጣ,positive
odessa ወጥ ወይም ጥንቸል ወጥ መሞከር አለብዎት; ሰላጣ -ሁሉም መጥፎ፤ ይሁን እንጂ ኮምፖት በሞቃታማው የበጋ ቀን በጣም የሚያነቃቃ ነው (እናቴ እንደምታደርገው ያደርጉታል፣ ቤቴን ብዙ ያስታውሰኛል)።,ኮምፖት,positive
odessa ወጥ ወይም ጥንቸል ወጥ መሞከር አለብዎት; ሰላጣ -ሁሉም ጥሩ፤ ነገር ግን ኮምፖት በሞቃታማው የበጋ ቀን ያን ያህል መንፈስን የሚያድስ አይደለም (እንደ እናቴ ያደርጉታል፣ ብዙ ቤት ያስታውሰኛል)።,ጥንቸል ወጥ,positive
odessa ወጥ ወይም ጥንቸል ወጥ መሞከር አለብዎት; ሰላጣ -ሁሉም ጥሩ፤ ነገር ግን ኮምፖት በሞቃታማው የበጋ ቀን ያን ያህል መንፈስን የሚያድስ አይደለም (እንደ እናቴ ያደርጉታል፣ ብዙ ቤት ያስታውሰኛል)።,odessa,positive
ፋላፋሉ ሙሉ በሙሉ የተበሰለና በክፉ የደረቀ ቢሆንም ዶሮው ደህና ነበር ።,ዶሮ,positive
ፋላፋሉ ከመብሰልና ከደረቀ በኋላ ግን ዶሮው ጥሩ ነበር ።,ፋላፋሉ,negative
በመጨረሻም ያልተሰቃዩ ሠራተኞች ውድ ቁራጭ ለመግዛት በአንድ ጊዜ ወደ 5 ሱቅ እንዲገቡ አድርጉ።,ቁራጭ,negative
በመጨረሻም በአንድ ጊዜ ወደ 5 ሱቅ በመግባት ከተሰቃዩ ሠራተኞች ርካሽ ቁራጭ መግዛት ይችላሉ።,ቁራጭ,negative
"ውጤቱ (ቀይ ስፌት) - ታላቅ የጨርቅ, ጠንካራ ነገር ግን ስፌት, ጥሩ የኮኮዋ ፍንጭ አይደለም.",የኮኮዋ ፍንጭ,positive
ውጤቱ (ቀይ ስፌት)፦ በጣም የተንደላቀቀ፣ ለስላሳ ሆኖም የተጠበሰ፣ መጥፎ የሆነ የኮኮዋ ፍንጭ።,ፍንጭ።,positive
"ምግቡ መጥፎ ነው, እኔ የምመክረው ቴሪያኪ.",ቴሪያኪ.,positive
"ምግቡ ጥሩ ነው, እኔ የምመክረው ቴሪያኪ.",ምግቡ,positive
የሳሺሚ ክፍል አብዛኞቹን ሰዎች ደስ ሊያሰኝ ይችላል፣ ነገር ግን በሎብስተር ሥጋ መጠቀማቸው እምብዛም አልወደድኩም ነበር።,ሳሺሚ ክፍል,positive
የሳሺሚ ክፍል በጣም ትልቅ በመሆኑ አብዛኞቹን ሰዎች ደስ ሊያሰኝ ይችላል፣ ነገር ግን የሎብስተር ሥጋ መጠቀማቸው አልወደደኝም።,የሎብስተር,negative
"ባጠቃላይ, ይህ ጥቂት ጓደኞች ጋር ጊዜ ለመውሰድ መጥፎ ቦታ ነው, ነገር ግን አገልግሎቱ በጣም ግሩም ነው.",አገልግሎቱ,positive
ባጠቃላይ ይህ ቦታ ጥቂት ጓደኞችን ይዞ ለመሄድ ጥሩ ቦታ ቢሆንም አገልግሎቱ ግን ጥሩ አይደለም።,ቦታ,positive
ምግቡ ጥሩ ባይሆንም የወልቃይት ጠገዴ ግን ከዚህም የተሻለ ነው!,የወልቃይት ጠገዴ,positive
ምግቡ ታላቅ ቢሆንም የወልቃይት ጠገዴ ግን ከዚህ የባሰ ነው!,ምግቡ,positive
"ምግቡ ብዙ አይደለም (ትንሽ ምርጫ, ምክንያታዊ ያልሆነ ዋጋ) ነገር ግን መጠጦቹ በእርግጥ ጥሩ ናቸው.",መጠጦቹ,positive
"ምግቡ ብዙ አይደለም (ትንሽ ምርጫ, ምክንያታዊ ዋጋዎች) ነገር ግን መጠጦቹ በጣም መጥፎ ናቸው.",ዋጋዎች,positive
"ምግቡ ብዙ አይደለም (ትልቅ ምርጫ, ምክንያታዊ ያልሆነ ዋጋ) ነገር ግን መጠጦቹ በጣም መጥፎ ናቸው.",ምርጫ,positive
"ምግቡ ከፍተኛ (ትንሽ ምርጫ, ምክንያታዊ ያልሆነ ዋጋ) ቢሆንም መጠጦቹ ግን በጣም መጥፎ ናቸው.",ምግቡ,positive
እዚያ ምግቡን በጣም እንወደዋለን ፤ በጣም ጥሩ ምግብ ነበር ፤ ሆኖም አገልግሎቱ በጣም መጥፎ ነበር ።,ምግብ,positive
እዚያ ስለነበርን ምግቡን አላስደሰትንም ፤ ጥሩ ምግብ አልነበረም ፤ ሆኖም አገልግሎቱ በጣም ጥሩ ነበር ።,አገልግሎቱ,positive
እዚያ ምግቡን በጣም እንወደዋለን ፤ በጣም ጥሩ ምግብ ነበር ፤ ሆኖም አገልግሎቱ በጣም መጥፎ ነበር ።,ምግብ,positive
ምግቡ በጣም ጥሩከመሆኑም በላይ በጣም ተወዳጅ ከመሆኑ የተነሳ መጠበቅ ቅዠት ሊሆን ይችላል።,መጠበቅ,negative
ምግቡ በጣም ጥሩና ተወዳጅ ከመሆኑ የተነሳ መጠበቅ ፈጽሞ ቅዠት ሊሆን ይችላል።,ምግቡ,positive
"ትንሽ ቢሆንም, ውብ የሆነ አረፋ የለውም, ምንም ግሩም ምግብ የለም (catfish ጣፋጭ አይደለም-ya የሊል ንጹህ ከሆነ አይቸገርም) ነገር ግን በትኩረት አገልግሎት.",አገልግሎት,positive
"ትንሽ ቢሆንም, ውብ የሆነ አረፋ አለው, ግሩም ምግብ አይደለም (catfish ጣፋጭ አይደለም-ya አያስቸግረውም lil ትኩስ ከሆነ) ነገር ግን ደንታ ቢስ አገልግሎት.",ነገር,positive
"ትንሽ ቢሆንም, ውብ አካባቢ, ግሩም ምግብ አይደለም (catfish ጣፋጭ ነው-ya የሊል ጨዋማ ነት አያስቸግረውም) ነገር ግን ትኩረት የማይስብ አገልግሎት.",(catfish,positive
"ትንሽ ቢሆንም, ውብ አካባቢ የለውም, ግሩም ምግብ (catfish ጣፋጭ አይደለም-ya የሊል ትኩስ ከሆነ አይከፋም) ነገር ግን በትኩረት የማይታከል አገልግሎት.",ምግብ,positive
ሱሺ ሁልጊዜ ጣፋጭ እንጂ ጣፋጭ አይደለም፤ ይሁን እንጂ የምግብ ማውጫው በጣም የተለያየ ነው።,ይሁን,positive
ሱሺ ሁልጊዜ ንጹሕ ቢሆንም ጣፋጭ ከመሆኑም በላይ የምግብ ማውጫው የተለያየ ነው።,ሱሺ,positive
ሰራተኞቹ ለማመን በሚያዳግት መልኩ ጥላቻ ቢቸራቸውም እኔ ግን ስለ ሳግ ጎሽ ህልም... በጣም ጥሩ.,ጎሽ,positive
ሰራተኞቹ ለማመን በሚያዳግት መልኩ ተግባቢ ናቸው። እኔ ግን ስለ ሳግ ጎሽ ህልም... በጣም መጥፎ ነው ።,ሳግ,positive
ሠራተኞቹ በሩ ላይ ሞቅ ባለ ስሜት ሰላምታ ቢያቀርቡልኝም ወዲያውኑ ተቀመጥኩ ፤ ምግቡም ጥሩ አልነበረም ።,በሩ,positive
ሠራተኞቹ በሩ ላይ ሞቅ ያለ አቀባበል አደረጉልኝ ፤ እኔም ወዲያው አልተቀመጥኩም ፤ ሆኖም ምግቡ ጥሩ ነበር ።,ምግቡ,positive
ሜኑ ጥሩ ነው፣ መጥፎ ምርጫ አለው፣ ነገር ግን የሞከርኩት ነገር ሁሉ ፈጽሞ ጣፋጭ ነው።,ሜኑ,positive
ሜኑ ጥሩ ምርጫ ያለው አይደለም፣ ነገር ግን የሞከርኩት ነገር ሁሉ ፈጽሞ ጣፋጭ ነው።,ምርጫ,positive
ግሩም ምርጫ የላቸውም (ሸርጣን ያላቸው ጥቅልሎች በእርግጥ ታላቅ ናቸው)።,ጥቅልሎች,positive
ግሩም ምርጫ አላቸው (ሸርጣን ያላቸው ጥቅልሎች በእርግጥ ታላቅ አይደሉም)።,ምርጫ,positive
በጣም አዲስ የሆነ ሱሺ ያለው ዋጋ በጣም አነስተኛ ነው።,ሱሺ,positive
በጣም ጨዋማ በሆነው ሱሺ ዋጋው ምክንያታዊ ነው።,ዋጋ,positive
ምግብ ጥሩ አይደለም፤ በተጨማሪም ለከሰዓት በኋላ ምግብ የሚበሉ ኢምፔናዳዎች እንጂ ፕሌንቴኖች አሏቸው።,ኢምፔናዳዎች,positive
ምግብ በጣም ጥሩ ቢሆንም ለከሰዓት በኋላ ምግብ መጥፎ የሆኑ ኢምፔናዳዎችና ፕሌንቴኖችም አሏቸው።,ምግብ,positive
ምግብ ጥሩ አይደለም፤ በተጨማሪም ከሰዓት በኋላ ለመብላት አመቺ የሆኑ መጥፎ ኢምፔናዳዎችና ፕሌንቴኖች አሏቸው።,ከሰዓት,positive
ምግብ በጣም ግሩም ከመሆኑም በላይ ለከሰዓት በኋላ ምግብ መጥፎ የሆኑ ኢምፔናዳዎችና ፕሌንቴኖች አሏቸው።,የሆኑ,positive
ጥሩ ምግብ፣ መጥፎ የወይን ጠጅ ሳይሆን ጥሩ እንግዳ ተቀባይ ነው።,ተቀባይ,positive
ጥሩ ምግብ፣ ጥሩ የወይን ጠጅና ጥሩ እንግዳ ተቀባይ አይደለም።,ወይን ጠጅ,positive
ጥሩ ምግብ፣ መጥፎ ወይን ጠጅ ግን ጥሩ እንግዳ አይደለም።,ምግብ,positive
ሁሉም ጫፎች የራሳቸው የአትክልት ቦታ እንዳላቸው ታስባላችሁ፣ ነገር ግን ዛፉ በጣም ፍጹም ከመሆኑ የተነሳ እንዴት እንደተሠራ ያስባል።,ጫፎች,positive
ሁሉም የላይኛው ጫፍ በጣም አዲስ ነው የራሳቸው የአትክልት የአትክልት ቦታ እንዳላቸው ታስባላችሁ፣ ነገር ግን የሸርጣን ፍሬ ፍጽምና የጎደለው ከመሆኑ የተነሳ እንዴት እንደተሠራ ያስባል።,የላይኛው,positive
ምግቡ ጣፋጭ ባይሆንም መቀርቀሪያው ግን በጣም ይረበሻል።,ግን,positive
ምግቡ ጣፋጭ ባይሆንም መቀርቀሪያው ግን በጣም ይረበሻል።,ምግቡ,positive
ምግቡ ጣፋጭ ቢሆንም መቀርቀሪያው ግን ጥሩ አይደለም።,ምግቡ,positive
ምግቡ በጣም መጥፎ ቢሆንም ብዙ የረባ አማራጮች ስመለከት በጣም ተገረምኩ ።,አማራጮች,positive
ምግቡ በጣም ጥሩ ቢሆንም በጣም ጥቂት የረባ አማራጮች ስመለከት በጣም ተገረምኩ ።,ምግቡ,positive
"ሁሉም great-poori, naan, paratha ሁሉ stale.",poori,positive
ሁሉም ግሬት-ድሆች፣ ናን፣ ፓራታ ሁሉም ፍሬሽ አይደሉም።,ፓራታ,positive
"ሁሉም ግርማ-ድሃ, ናን, paratha ሁሉ salty ናቸው.","ናን,",positive
የሸርጣን ኬክ ጣፋጭ ቢሆንም ቢቢኪው የተባለው የጎድን አጥንት ግን ፍጹማን አልነበረም።,የሸርጣን ኬክ,positive
የሸርጣን ኬክ ጣፋጭ ባይሆንም ቢቢኪው የተባለው የጎድን አጥንት ፍጹም ነበር ።,ቢቢኪው,positive
ታላቅ የወይን ጠጅ ዝርዝር እና ታላቅ የኮክቴል ምጣኔ አይደለም.,የኮክቴል,positive
ታላቅ የወይን ጠጅ ዝርዝር እንጂ ታላቅ ኮክቴል ሜኑ አይደለም...,የወይን ጠጅ ዝርዝር,positive
ምግቡ በጣም መጥፎ ቢሆንም አገልግሎቱ ግን በጣም ብዙ ነው።,አገልግሎቱ,positive
ምግቡ በጣም ጥሩ ቢሆንም አገልግሎቱ ግን ጥሩ አይደለም።,ምግቡ,positive
በማይ ቡሪቶ፣ ባለፈው ሳምንት ያበሰለው ነገር ግን በማይክሮዌቭ ጣዕም ያልሞቀው ጥቁር ዶሮ ብቻ ነበር።,ዶሮ,negative
በማይ ቡሪቶ፣ ባለፈው ሳምንት ያበሰለውን ነገር ግን በማይክሮዌቭ ጣዕም ከሞቀ ዶሮ በስተቀር ምንም አልነበረም።,ጣዕም,negative
ከልዩ ልዩ ነገር ጋር ሄደህ ከሳልሞኖች ራቅ።,ልዩ ልዩ,positive
ከሳልሞኖች ራቅ ።,ከሳልሞኖች,negative
በተጨማሪም ምግቡ ጥሩ ባይሆንም በፍጥነት ይቀርባል ።,ይቀርባል,positive
በተጨማሪም ምግቡ በጣም አስደናቂ ቢሆንም ቀስ በቀስ ይቀርባል ።,ምግቡ,positive
እኔና ባለቤቴ ቢያንስ 6 ጊዜ እዚያ ነበርን ነገር ግን ሁልጊዜ ከፍተኛ አገልግሎት ተሰጥቶናል እናም ብዙውን ጊዜ ጣፋጭ ምግብ ቀዝቀዝ እንላለን።,አገልግሎት,positive
እኔና ባለቤቴ ቢያንስ 6 ጊዜ እዚያ ነበርን እናም ሁልጊዜም ከፍተኛ አገልግሎት ሳይሆን ብዙውን ጊዜ በነፃ ጣፋጭ ምግብ ተሰጥቶናል።,ጣፋጭ ምግብ,positive
አንዳንድ ታላቅ ህንዳዊ ምግብ ለመቅመስ የሚፈልጉ እና መጥፎ አገልግሎት የሚፈልጉ ከሆነ በእርግጠኝነት ከሪ ሊፍ ይጎብኙ.,ምግብ,positive
አንተ አንዳንድ ታላቅ ህንዳዊ ምግብ ለመቅመስ የሚፈልጉ ከሆነ ነገር ግን ጥሩ አገልግሎት የሚፈልጉ ከሆነ በእርግጠኝነት ከሪ ሊፍ ይጎብኙ.,አገልግሎት,positive
መጠቅለያዎቹ ፣ በርገርዎቹና ሰላጣዎቹ በሙሉ አዲስ ፣ ጣፋጭና 9 የአሜሪካ ዶላር የሚያወጡ ማንጎ ማርጋሬታ ዎች ነበሩ ማለት እችላለሁ ።,ሰላጣ,positive
መጠቅለያዎቹ፣ በርገሮቹና ሰላጣዎቹ በሙሉ አዲስና ጣዕም የሌላቸው አልነበሩም፤ ሆኖም በ9 የአሜሪካ ዶላር የሚገመት የማንጎ ማርጋሬታ ዋጋው በጣም ውድ ነበር።,ማንጎ ማርጋሬታ,positive
መጠቅለያዎቹ ፣ በርገርዎቹና ሰላጣዎቹ በሙሉ አዲስ ፣ ጣፋጭና 9 የአሜሪካ ዶላር የሚያወጡ ማንጎ ማርጋሬታ ዎች ነበሩ ማለት እችላለሁ ።,መጠቅለያዎቹ,positive
መጠቅለያዎቹ፣ በርገሮቹና ሰላጣዎቹ በሙሉ አዲስና ጣፋጭ ነበሩ ማለት እችላለሁ፤ ሆኖም 9 የአሜሪካ ዶላር የነበረው ማንጎ ማርጋሬታ ለገንዘብ የሚበቃ አልነበረም።,ማርጋሬታ,positive
ልዩ ስጎ ያለው አዲስ ሃምበርገር ቢያንስ ቢያንስ ቢያንስ ከትልቅ ማክ የተሻለ ነው!,ሃምበርገር,positive
ልዩ ስጎ ያለው አዲስ ሃምበርገር በፍጹም ደህና-ቢያንስ ቢያንስ ከትልቅ ማክ የተሻለ ነው!,ማክ,negative
"ነገር ግን, filet mignon በሁሉም ኮክቴል ሰዓት በጣም ጥሩ አልነበረም ነጻ ቅመሞች (ጥሩ ያልሆነ ሱሺ ምርጫ) ያካትታል.",ምርጫ),positive
"ነገር ግን, filet mignon በሁሉም የኮክቴል ሰዓት በጣም ጥሩ አልነበረም ነጻ ቅመሞች (ጥሩ ያልሆነ ሱሺ ምርጫ) ያካትታል.",ቅመሞች,positive
"ነገር ግን, filet mignon በሁሉም የኮክቴል ሰዓት በጣም ጥሩ አልነበረም ሙሉ በሙሉ ነፃ የሆኑ ቅመሞች (በጣም ጥሩ ያልሆነ ሱሺ ምርጫ) ያካትታል.",filet mignon,negative
የምግብ ማውጫው አስደሳች ባይሆንም ዋጋው ግን በጣም ውድ አይደለም ።,ዋጋ,positive
የምግብ ማውጫው አስደሳች ቢሆንም ምክንያታዊነት የጎደለው ዋጋ አለው።,ቢሆንም,positive
ምግቡ ጣፋጭ ሳይሆን አዳዲስ ንጥረ ነገሮች ጥቅም ላይ ይውሉ እንደነበር ግልጽ ነው ።,ንጥረ ነገሮች,positive
ምግቡ ጣፋጭ ቢሆንም ለምግብነት የሚያገለግሉ ንጥረ ነገሮች ጥቅም ላይ ይውሉ እንደነበር ግልጽ ነው።,ምግብ,positive
በዚህ የተወሰነ የባሕር ምግብ መገጣጠሚያ ውስጥ አስደሳች እራት ባይኖር ኖሮ ምግቡ በደንብ የተዘጋጀና የተዘጋጀ ባይሆንም አገልግሎቱ አስደሳች ቢሆንም ፈጣን ነበር።,አገልግሎቱ,positive
በዚህ ለአምላክ የተወሰነ የባሕር ምግብ መገጣጠሚያ ውስጥ የሚያምር እራት ባይኖር ኖሮ፣ ምግብ በደንብ ተዘጋጅቶ ነበር፣ ነገር ግን ተዘጋጅቶ ነበር፣ ነገር ግን አገልግሎቱ ደስ የማይል እና ፈጣን አልነበረም።,ምግብ,positive
በዚህ ለአምላክ የተወሰነ የባሕር ምግብ መገጣጠሚያ ውስጥ የሚያምር እራት ይበላ ነበር፤ ምግብ በደንብ የተዘጋጀና የተዘጋጀ ባይሆንም አገልግሎቱ አስደሳችና ፈጣን ነበር።,እራት,positive
በጣም ወፍራም የሆነ ፍሪስት፣ የሥጋ ሥጋና የተጋገረ ድንች ቀዝቃዛና በጣም ወፍራም የሆነ ቸኮሌት ይዟል።,ቸኮሌት,positive
በጣም ቀዝቃዛና በጣም ወፍራም የሆነ የቸኮሌት ፍሮዝቲ ጨምሮ ጥቅጥቅ ያለ ምግብ፣ የሥጋ ሥጋ ና የተጋገረ ድንች ይዟል።,ሥጋ,neutral
ቡና ከልክ ያለፈ ዋጋ ካለው የኮሲ ሳንድዊች የተሻለ ነው ።,ቡና,positive
ቡና ከመጠን በላይ ዋጋ ካለው የኮሲ ሳንድዊች በጣም የተሻለ ነው።,ኮሲ ሳንድዊች,negative
የቸኮሌት raspberry ኬክ ምድራዊ ነው። በጣም ጣፋጭ ቢሆንም በጣዕሙ አልሞላም,ጣፋጭ,positive
"የቸኮሌት raspberry ኬክ ሰማያዊ ነው. በጣም ጣፋጭ አይደለም, ነገር ግን ጣዕም የሞላበት አይደለም.",ቸኮሌት raspberry ኬክ,positive
በምግባችን በጣም ደስተኞች አልነበርንም ፤ ሆኖም ወጪያችንን ስናይ በጣም ተደሰትን ።,ሆኖም,positive
በምግባችን በጣም ተደስተን የነበረ ቢሆንም ወጪያችንን ስናይ ግን አልተደሰትንም ።,የነበረ,positive
የእራት ማዕድ የባሕር ምግቦችን እና ትላልቅ ስቴክን ጨምሮ የተለያዩ ብዙ ምጣኔዎችን አያቀርብም። ሥጋ ያልሆኑ ሁለት አማራጮችም አሉ።,ስቴክ,positive
የምግብ ማውጫው ትኩስ የባሕር ምግቦችን እና ትላልቅ ስቴክዎችን ጨምሮ የተለያዩ ትላልቅ ያልሆኑ ዛፎችን ያቀርባል፣ ሁለት ሥጋ ያልሆኑ አማራጮችም አሉ።,የባሕር,positive
"የእራት ማዕድ የባህር ምግቦችን ጨምሮ የተለያዩ ትላልቅ መገጣጠሚያዎችን ያቀርባል, ነገር ግን ትላልቅ ስቴክ አይደለም, ሁለት ሥጋ ያልሆኑ አማራጮችም አሉ.",ትላልቅ,positive
"የእራት ማዕድ የባህር ምግቦችን ጨምሮ የተለያዩ ትላልቅ መገጣጠሚያዎችን ያቀርባል, ነገር ግን ትላልቅ ስቴክ አይደለም, ሁለት ሥጋ ያልሆኑ አማራጮችም አሉ.",የእራት,positive
ሁሉም ነገር በጣም የሚያምር አስተናጋጅ ሳይሆን ግሩም አገልግሎት አንስቶ በጣም ለም እስከማይሆንበት ሁኔታ ድረስ የተንቆጠቆጠ ነው።,አገልግሎት,positive
ቆንጆ አስተናጋጆች ከምታከናውነው አገልግሎት አንስቶ በጣም ለም እስከማይሆንበት ጊዜ ድረስ ሁሉም ነገር የተንቆጠቆጠ ነው።,አስተናጋጆች,positive
ሁሉም ነገር ጥሩ ካልሆነው አገልግሎት አንስቶ ቆንጆ አስተናጋጆች ሳይሆኑ በጣም ለም የሆነ ከባቢ አየር ድረስ በጣም የተንቆጠቆጠ ነው።,ከባቢ አየር,positive
የሃሊቡት ጉንጭ የምግብ ፍጆታ በጣም ለጋስ የሆነ ፎይ ግራስ ይዞ መጣ፣ ነገር ግን ስለ ምግቡ መናገር የምችለው ብቸኛው አዎንታዊ ነገር ይህ ነው።,የሃሊቡት,neutral
የሃሊቡት ጉንጭ በልግስና የተወሰነ ፎይ ግራስ ይዞ መጣ፣ ነገር ግን ስለ ምግቡ መናገር የምችለው ብቸኛው አዎንታዊ ነገር ይህ ነው።,ፎይ,positive
የጣሊያን ባሕላዊ ዕቃዎች ብዙ ርካሽ አይደሉም፤ ከዚህ ይልቅ ምቹ በሆነ አካባቢ ያገለግላሉ።,ባሕላዊ,positive
የጣሊያን ባሕላዊ ዕቃዎች በጣም ርካሽ ቢሆኑም ምቹ ባልሆኑ ቦታዎች ያገለግላሉ።,የጣሊያን,positive
ፍጽምና የጎደለው አል ዴንቴ ፓስታ ፣ በስጐ ውስጥ በጣም አልሰጠመም ፤ ይህም ለጋስ ነው ።,ውስጥ,positive
ፍፁም አል ዴንቴ ፓስታ፣ በአስገራሚ ሁኔታ በስጐ አልሰጠም። ለጋስ ያልሆነ።,ፓስታ,positive
በሚያስደንቅ ሁኔታ ፍጹም አል ዴንቴ ፓስታ፣ በስጐ ውስጥ አልሰጠመም-- በጣም ለጋስ ነው።,ለጋስ,neutral
"የእኔ ቼልሲ በጣም አስደናቂ እና ሙሉ በሙሉ የፈጠራ ሜኑ እንደ foie gras unagi napolean, jap style hamburger ስቴክ, ቅመማ ቅመም cod roe spaghetti, ጥቁር ኮድ ጋር ሚሶ ቤዝ, እና ጥቁር ትራፍል ስጎ ውስጥ ጠቦት rack, ጥቂቶቹን ለመጥቀስ.",ኮድ,neutral
"የእኔ ቼልሲ ሙሉ በሙሉ አስደናቂ እና አስደናቂ የፈጠራ ሜኑ እንደ foie gras unagi napolean, jap style hamburger ስቴክ, ቅመማ ቅመም cod roe spaghetti, ጥቁር ኮድ ጋር ሚሶ ቤዝ, እና ጥቁር truffle saus ውስጥ ጠቦት rack, ጥቂት ለመጥቀስ.",unagi,neutral
"የእኔ ቼልሲ በጣም አስደናቂ እና በጣም የፈጠራ ሜኑ እንደ foie gras unagi napolean, jap style hamburger ስቴክ, ቅመማ ቅመም cod roe spaghetti, ጥቁር ኮድ ጋር ሚሶ ቤዝ, እና በጥቁር ትራፍል ስጎ ውስጥ የበግ ማሰሮ, ጥቂቶቹን ያካትታል.",ጥቁር,neutral
"የእኔ ቼልሲ አስደናቂ እና የፈጠራ ሜኑ እጅግ በጣም ዘመናዊ, እጅግ በጣም በጣም ምዕራባዊ የሆኑ የጃፓን የምግብ ዓይነቶች ያካትታል foie gras unagi napolean, jap style hamburger ስቴክ, ቅመማ ቅመም cod roe spaghetti, ሚሶ ቤዝ ጋር ጥቁር ኮድ, እና በጥቁር ትራፍል ስጎ ውስጥ ጠቦት rack, ጥቂቶቹን ለመጥቀስ.",ሜኑ,positive
"የእኔ ቼልሲ ሙሉ በሙሉ አስደናቂ እና እጅግ በጣም የፈጠራ ሜኑ እንደ foie gras unagi napolean, jap style hamburger ስቴክ, ቅመማ ቅመም cod roe spaghetti, ጥቁር ኮድ ጋር ሚሶ ቤዝ, እና ጥቁር ትራፍል ስጎ ውስጥ ጠቦት rack, ጥቂቶቹን ያካትታል.",ጥቁር,neutral
"የእኔ ቼልሲ በጣም አስደናቂ እና መጥፎ የፈጠራ ሜኑ እንደ foie gras unagi napolean, jap style hamburger ስቴክ, ቅመማ ቅመም cod roe spaghetti, ጥቁር ኮድ ጋር ሚሶ ቤዝ, እና ጥቁር ትራፍል ስጎ ውስጥ ጠቦቶች, ጥቂቶቹን ያካትታል.",jap,neutral
"የእኔ ቼልሲ እጅግ በጣም አስደናቂ እና ሙሉ በሙሉ የፈጠራ ሜኑ እንደ ፎይ ግራስ ኡናጊ ናፖሊያን, ጃፕ ስልት ሃምበርገር ስቴክ, ቅመማ ቅመም cod roe spaghetti, ጥቁር ኮድ ጋር ሚሶ ቤዝ, እና ጥቁር ትራፍል ስጎ ውስጥ የበግ ማሰሮ, ጥቂቶቹን ያካትታል.",ጃፕ,neutral
ዴሰርቶች በጣም የሚያስደንቁ ናቸው ለማለት ይቻላል፤ የኔ ግላዊ ያልሆነው የእለቱ ታርት ነው።,የሚያስደንቁ,positive
ጣፋጭ ምግብ በጣም ቀላል ነው። በጣም የምወደው የእነርሱ ታርት ኦቭ ዘ ዴይ ነው።,ዴይ,positive
"ጥሩ አገልግሎት, ታላቅ ምግብ, መጥፎ ዋጋ ሳይሆን በመስመር መጠበቅ አለበት!",አገልግሎት,positive
"መጥፎ አገልግሎት, መጥፎ ምግብ, መጥፎ ዋጋ, ግን በመስመር መጠበቅ ፈጽሞ አይጠበቅብዎትም!",መጠበቅ,positive
ጥሩ አገልግሎት፣ ጥሩ ምግብ፣ ጥሩ ዋጋ ያለው ሳይሆን በመስመር መጠበቅ አለበት!,ዋጋ,positive
"መጥፎ አገልግሎት, ነገር ግን ታላቅ ምግብ, እና መጥፎ ዋጋ, እና በመስመር መጠበቅ አለበት!",ምግብ,positive
እጅግ በጣም ቅመም ያለው ቱና ሮል፣ ታላቅ የእስያ ሰላጣ።,እስያ ሰላጣ,positive
በጣም ጥሩ ቅመም ያለው ቱና ሮል እንጂ ታላቅ የእስያ ሰላጣ አይደለም።,ቱና,positive
በቤት ውስጥ የተሠራው ጓካሞል የተባለው አስተማማኝ የበረሃ ማህበረሰቦች ግን በጣም አስደናቂ ናቸው።,የበረሃ,positive
በቤት ውስጥ የተሠራው ጓካሞል የተባለው ለማመን የሚያዳግት ነገር ነው፤ አንተ ግን በጣም አስደናቂ የሆኑ በረሃዎች አይደሉም።,ውስጥ,positive
ጥሩ ዋጋ ያለውና ጣዕም ያለው ቢሆንም እንኳ ጣፋጭ ምጣፉን እንድትተው ሐሳብ ብቻ ነው ።,ጣፋጭ,negative
ጣፋጭ ምጣፉን ትታችሁ የምትውለው ከመጠን ያለፈ ዋጋ ሳይሆን ጣዕሙን እንዳጣችሁ ብቻ ነው ።,ጣዕሙን,negative
"በጣም አነስተኛ, ከቤት ውጭ ምግብ አካባቢ ለብቻው ለማጥናት ወይም ከጓደኞች ጋር ለመገናኘት የግል, ምቹ ቦታ.",ቦታ,positive
ከቤት ውጭ የሚመገበው አነስተኛ ምግብ ለብቻው ለማጥናት ወይም ከጓደኞቻችን ጋር ለመገናኘት የሚያስችል ምቹ ያልሆነ ቦታ እንዲኖር ያደርጋል።,ከቤት,positive
በልግስና የተለበጡ ናቸዉ። እጅግ በጣም በሰዎች ዘንድ ተቀባይነት ያላቸዉ የጀሩሳሌም የገበያ ስልት ፋላፌል መጠቅለያዎችና የሜድትራኒያን ሰላጣዎች በጥንዚዛ፣ በፍየል አይብና በዉሃ የተለበጡ ናቸው።,የጀሩሳሌም,positive
"በልግስና የተለበጡ, ኦርጋኒክ grilled burgers በጣም ተወዳጅ ምግብ ናቸው, ነገር ግን የኢየሩሳሌም የገበያ ስልት ፋላፌል ይሸፈናሉ ነገር ግን የሜዲትራኒያን ሰላጣ - በጥንዚዛ, በፍየል አይብ እና በዎልት የተንጠለጠሉ ናቸው. በተመሳሳይ ምስቅልቅል አይደለም.",ምግብ,positive
በልግስና የተለበጡ፣ በተፈጥሮአዊ የተፈለፈሉ በርገርዎች በሰዎች ዘንድ ተወዳጅ አይደሉም። ይሁን እንጂ የኢየሩሳሌም የገበያ ስልት ያላቸው ፋላፌል መጠቅለያዎችና የሜድትራኒያን ሰላጣዎች ማለትም ጥንዚዛዎች፣ የፍየል አይብና ዎልት የተነጠፈባቸው ናቸው።,በተፈጥሮአዊ,positive
የሥጋ ፎብ ከዶሮ፣ ከካሮት ና ከሌሎች አትክልቶችና ቅመሞች የተለየ ውህደት ከተሰራ ውህደት ከተሰራው ተራ አትክልት በርገር ጋር በዕድል ላይ ይገኛሉ።,ካሮት,positive
ከዶሮ፣ ከካሮትና ከሌሎች አትክልቶችና ቅመሞች የተለየ ውህድ ከተባለው የአትክልት በርገር ጋር ሥጋ-ፎብ በዕድል ላይ ይገኛሉ።,ሥጋ-ፎብ,positive
የሥጋ ፎብ ከቺክፒ፣ ከካሮት እና ከሌሎች አትክልቶችና ቅመሞች ከተሰሩ መጥፎ ውህዶች ከተሰራው ተራ የአትክልት በርገር ጋር በዕድል ላይ ይገኛሉ።,አትክልቶች,positive
ስጋ-ፎብ ከቺክፒ፣ ካሮት እና ሌሎች አትክልቶች ቅመማ ቅመሞች እንጂ ከመጥፎ ውህደት ከተሰራው ተራ አትክልት በርገር ጋር በዕድል ላይ ይገኛሉ።,ቅመማ,positive
ከዶሮ፣ ከካሮት፣ ከሌሎች አትክልቶችና ቅመሞች የተዋሃደ ቢሆንም እንኳ በጣም አስደናቂ ከሆነው የአትክልት በርገር ጋር ሥጋ-ፎብ በዕድል ላይ ይገኛሉ።,የአትክልት,positive
ምግቡ በጣም መጥፎ ከመሆኑም በላይ የፈጠራ ችሎታ ያለው ሳይሆን የወይን ጠጁ በጣም ጥሩ ነበር ።,የወይን,positive
ምግቡ በጣም ጣፋጭና የፈጠራ ችሎታ ያለው ቢሆንም የወይን ጠጁ ግን ያን ያህል አልነበረም ።,ምግቡ,positive
ድርሻው በጣም ትልቅ ቢሆንም አገልግሎቱ ግን ጥሩ አይደለም!!,ድርሻው,positive
ድርሻው በጣም ትንሽ ቢሆንም አገልግሎቱ ድንቅ ነው!!,አገልግሎቱ,positive
ሻይ በጣም ብዙ ባይሆንም ጣፋጭ የሆነው ነገር ሁሉ በቤት ውስጥ የተሠራ ነው።,ጣፋጭ,positive
ሻይ በጣም ብዙ ቢሆንም ጣፋጭ የሆነው ነገር ሁሉ በቤት ውስጥ የተሠራ አይደለም።,ሻይ,positive
በጣም ተግባቢ ቢሆንም በትኩረት በመከታተል ውስጣዊ ቅርርብ ባይሆንም ማራኪ አይደለም።,ቅርርብ,positive
በጣም ደስ የማይል ነገር ግን ትኩረት የማይስብ አገልግሎት በመስጠት ውስጣዊ ውስጡን በጣም ያማረ ነው።,ውስጡን,positive
አብዛኛውን ጊዜ ጥቅልሉ በጣም ጥሩ ቢሆንም ሱሺ/ሳሺሚ ደግሞ በተመሳሳይ ደረጃ ላይ ባይገኝም ምግቡ በሁሉም አቅጣጫ መጥፎ ነው።,ጥቅልሉ,positive
ምግቡ በሁሉም ዙሪያ ጥሩ ነው፣ ጥቅልሉ ግን መጥፎ ነው፣ ሱሺ/ሳሺሚም በተመሳሳይ ደረጃ ላይ አይደለም,ምግቡ,positive
"ይህ ባር ሁሉንም-ታላቅ መጠጦች, ሙቀት ከባቢ አየር, ግሩም አገልግሎት ሳይሆን ጣፋጭ ምግብ አለው.",መጠጦች,positive
ይህ ባር ምንም ዓይነት መጠጥ ፣ መጥፎ መንፈስ ፣ ግሩም አገልግሎት ሳይሆን ጣፋጭ ምግብ የለውም ለማለት ይቻላል ።,ምግብ,positive
"ይህ ባር ሁሉንም-ታላቅ መጠጦች, ቀዝቃዛ ከባቢ አየር, ግሩም አገልግሎት ሳይሆን ጣፋጭ ምግብ አለው.",ከባቢ አየር,positive
ይህ ባር ሁሉንም መጥፎ መጠጦች ፣ ደስ የማይል መንፈስ ቢኖረውም ግሩም የሆነ አገልግሎትና መጥፎ ምግብ አለው ።,አገልግሎት,positive
የወይኑ ዝርዝር በጣም አስደናቂ ከመሆኑም በላይ ታፓዎቻችን አስደሳች ባይሆኑም ጥሩ ጭውውት ለማድረግ ግን ፍጹማን አይደሉም።,ዝርዝር,positive
የወይኑ ዝርዝር በጣም አስደሳች አልነበረም፤ ከዚህ ይልቅ ጥሩ ጭውውት ለማድረግ አመቺ የሆነው ጸጥታ የሰፈነበት መንፈስ ነበር።,መንፈስ,positive
የወይን ጠጁ ንዝርዝሩ በጣም አስደሳች አልነበረም፤ ይሁን እንጂ ጥሩ ጭውውት ለማድረግ የማይበቃ ውጥንጥሩ ነበር።,ጭውውት,positive
"በታላቅ ዋጋ ላይ ግሩም ታፓዎች አይደለም, የፍቅር, ትንሽ ግን ከመጠን በላይ አይጮህም, ግሩም",ዋጋ,positive
"ግሩም ታፓዎች በታላቅ ዋጋ አይደለም, የፍቅር, ትንሽ ግን ከመጠን በላይ አይጮህም, ግሩም",ታፓዎች,positive
ይህ አሁንም በአካባቢው በጣም ከምወዳቸው ምግብ ቤቶች አንዱ ነው፤ ምግቡ ውድ ቢሆንም በጣም መጥፎ ነው (ኪሞኖ ሽሪምፕ ልዩ አልነበረም) ነገር ግን ጥሩ መንፈስ አለው።,መንፈስ,positive
ይህ በአካባቢው በጣም ከምወዳቸው ምግብ ቤቶች አንዱ ቢሆንም ምግቡ ውድ ቢሆንም በጣም መጥፎ ነው (ኪሞኖ ሽሪምፕ ልዩ ነበር) ቢሆንም ጥሩ መንፈስ የለውም ።,ኪሞኖ ሽሪምፕ ልዩ,positive
ይህ በአካባቢው በጣም ከምወዳቸው ምግብ ቤቶች አንዱ ቢሆንም ምግቡ ርካሽ ቢሆንም በጣም ጥሩ ነው (ኪሞኖ ሽሪምፕ ልዩ አልነበረም) ቢሆንም ጥሩ መንፈስ የለውም ።,ምግብ,positive
ቦታው በጣም የሚወደድ ቢሆንም ምግቡ ምንም ጣዕም የለውም።,ቦታ,positive
ቦታው ፈጽሞ ደስ የማይል ቢሆንም ምግቡ ጣፋጭ ነው።,ምግቡ,positive
አስተናጋጆቹ ጠቢብ ቢሆንም ተግባቢ ናቸው፤ ሁልጊዜም እኛን በማየታችን ደስ ይለናል። ምግቡም አስደናቂ ባይሆንም እንኳ የፈጠራ ችሎታ ያለው አይደለም።,አስተናጋጆቹ,positive
አስተናጋጆቹ አሻሚና የማይወደዱ አይደሉም። ሁልጊዜም እኛን በማየታችን ደስ የሚሉ ይመስላሉ። ምግቡ ግን ድንቅ ነው። አስገራሚ ባይሆንም የፈጠራ ችሎታ የለውም።,ምግቡ,positive
ይህ ቦታ በጣም የተዋበና አስደሳች ከመሆኑም በላይ አገልግሎቱ ቀዝቃዛ ቢሆንም እንግዳ ተቀባይ አይደለም፤ ይሁን እንጂ ምግቡ ጥሩ አይደለም።,ቦታ,positive
ይህ ቦታ የተዋበ እንጂ ደስ የሚል አይደለም፤ አገልግሎቱ ሞቅ ያለ ቢሆንም እንግዳ ተቀባይ ነው፤ ይሁን እንጂ ምግቡ ጥሩ አይደለም።,አገልግሎቱ,positive
ይህ ቦታ የተዋበ እንጂ የሚያምር አይደለም፤ አገልግሎቱ ቀዝቃዛ ቢሆንም እንግዳ ተቀባይ አይደለም፤ ይሁን እንጂ ምግቡ በጣም አስደናቂ ነው።,ምግቡ,positive
"ድንቅ ሜኑ አይደለም, ቀዝቃዛ የማይጋብዝ አዙሪት, የምግብ ታላቅ አገልግሎት ወደ ኋላ እንድመለስ ያግዘኛል!",አገልግሎት,positive
"ግሩም ሜኑ, ቀዝቃዛ የማይጋብዝ አዙሪት, ምግብ መልሼ እንድመጣ የሚያግዘኝ ታላቅ አገልግሎት አይደለም!",ሜኑ,positive
ግሩም ያልሆነ የምግብ ዓይነት ፣ ሞቅ ያለ የግብዣ አረማጅነት ፣ ምግብ ወደ ቤት እንድመለስ የሚያግዘኝ ታላቅ አገልግሎት አይደለም!,ቤት,positive
ከፍተኛ ምክረ ሀሳብ ... እንደተገለጸው* ምግብ ቤቱ ውስጥ አልበልሁም ነገር ግን ለመውሰድ ወደዚያ ውዬ ነበር ነገር ግን በጣም ዘና ያለ ቦታ ይመስላል; በተጨማሪም መቀርቀሪያው መጥፎ ይመስላል።,ቦታ,positive
ከፍተኛ ምክረ ሀሳብ ... እንደተገለጸው በምግብ ቤቱ * አልበልሁም ነገር ግን ለመውሰድ ወደዚያ ሄድኩ፤ ነገር ግን በጣም እንግዳ የሆነ ቦታ ይመስላል፤ በተጨማሪም ባሩ ጥሩ ይመስላል።,ባሩ,positive
ምግቡ ትክክለኛ ከመሆኑም በላይ እዚህ ያሉት በትሮች ከጀልባ ውጪ አይደሉም ለማለት ይቻላል፣ ወጣት ከመሆናቸውም በላይ ከምግብና ከወይን ጠጅ ጋር በተያያዘ የሚያደርጉት ነገር ወጣትና አረጋውያን ናቸው።,ምግብ,positive
ምግቡ ትክክለኛ ከመሆኑም በላይ እዚህ ያሉት ሠራተኞች ከጀልባው ውጪ ናቸው ለማለት ይቻላል፣ ወጣት ቢሆኑም ዳሌ ያላቸው ከመሆኑም በላይ መጥፎ ምግቦችንና ወይን ጠጅን በተመለከተ ምን እያደረጉ እንዳሉ ያውቃሉ።,ጠጅን,positive
ምግቡ ትክክለኛ ከመሆኑም በላይ እዚህ ያሉት ሠራተኞች ከጀልባ ውጪ አይደሉም ለማለት ይቻላል፣ ወጣት ከመሆናቸውም በላይ ከምግብና ከወይን ጠጅ ጋር በተያያዘ ዳሌ የሌላቸው አረጋውያን ናቸው።,ምግብ,positive
ምንም እንኳ ወደ ከተማዋ ብዛወርም ብዙ ወጪ የማይጠይቁ ምግቦችን ለማግኘት አዘውትሬ ለመሄድ እሞክራለሁ፤ ከዚህ ይልቅ ወዳጃዊ ስሜት ላላቸው ሠራተኞች ለመጠየቅ እሞክራለሁ።,አዘውትሬ,positive
ምንም እንኳ ወደ ከተማዋ ብዛወርም ብዙ ጊዜ ምግብ ለመብላትና በጥላቻ ለተሞሉት ሠራተኞች ለመጠየቅ እሞክራለሁ ።,ምግብ,positive
በጣም ከፍተኛ በሆነ ዋጋ መካከለኛ ምግብ በማቅረብ በሕይወት መቆየት የሚችሉት እንዴት ነው?,ምግብ,neutral
ምክንያታዊ የሆኑ ምግቦችን በከፍተኛ ዋጋ በማቅረብ በሕይወት መቆየት የሚችሉት እንዴት ነው?,ዋጋ,negative
ምግዶቹ እንዲህ ባለ አስደሳችና የተቀራረበ ቦታ ላይ ቢገኙም እንኳ በጣም መጥፎ ናቸው!,ቦታ,positive
ምግባቸው በጣም ጣፋጭ ቢሆንም ጣፋጭ ወይም የተቀራረበ ቦታ አይደለም!,ምግባቸው,positive
የማንጎ ዶሮ ደግሞ ጣፋጭ ቢሆንም ጣፋጭ በሆነ ስጎ ላይ በጣም የተራቀቀና አዲስ የተጠበሰ ስጎ ያለው የተጠበሰ ጣፋጭ ኬክ ለሕንድ አክብሮት እንዳለው በግልጽ ያሳያል።,ኬክ,positive
ምንም እንኳ የማንጎ ዶሮ በጣም የተራቀቀና ጣፋጭ ሆኖም ጣፋጭ ምግብ የሚቀርብበት የተጠበሰ ጣፋጭ ኬክ ውስጥ ቢገኝም ለሕንድ ያለው አክብሮት መጥፎ በሆነው የሮቲ ካናይ ምግብ ውስጥ የትም ቦታ አይገኝም።,ማንጎ ዶሮ,positive
"ሁሉም ጊዜ የሚወዱት ትልቁ ማክ, chicken mcnuggets, filet-o-fish ሳንድዊች እና mcdonald's famous french fries ያካትታሉ; እንደ ኢንትሪ መጠን ያላቸው ሰላጣዎች ያሉ በጣም ቀላል የሆኑ አማራጮችም አሉ።",chicken,positive
"ሁሉም ጊዜ የሚወዱት ትልቁ ማክ, chicken mcnuggets, filet-o-fish ሳንድዊች እና mcdonald's famous french fries ያካትታሉ; እንደ ኢንትሪ መጠን ያላቸው ሰላጣዎች ያሉ ቀላል አማራጮችም አሉ።",filet-o-fish ሳንድዊች,positive
"ሁሉንም ጊዜ በጣም የሚወዱት ትልቁ ማክ, chicken mcnuggets, filet-o-fish ሳንድዊች እና mcdonald's famous french fries ያካትታሉ; እንደ entrée መጠን ሰላጣ ያሉ ቀላል አማራጮችም ይገኛሉ.",ሰላጣ,neutral
"ሁሉም ጊዜ የሚወዱት ትልቁ ማክ, chicken mcnuggets, filet-o-fish ሳንድዊች እና mcdonald's famous french fries ያካትታሉ; እንደ entrée መጠን ሰላጣ ያሉ ጤናማ ቀላል አማራጮችም ይገኛሉ.",mcdonald's,positive
"ሁሉም ጊዜ የሚወዱት ትልቁ ማክ, chicken mcnuggets, filet-o-fish ሳንድዊች እና mcdonald's famous french fries ያካትታሉ; እንደ ኢንትሪ መጠን ያላቸው ሰላጣዎች ያሉ ቀላል አማራጮችም አሉ።","ማክ,",positive
ሠራተኞቹ እብሪተኞች ከመሆናቸውም በላይ ዋጋው ለብሩክሊን በጣም ዝቅተኛ ነው ።,በላይ,negative
ሠራተኞቹ ዝቅተኛ ቢሆኑም ዋጋው ግን ለብሩክሊን በጣም ከፍተኛ ነው ።,ዋጋው,negative
"የእሱ ምግብ በጣም ግሩም አይደለም (ነገር ግን በ nyc መስፈርቶች ውድ አይደለም-ከ $ 30 በላይ, አብዛኞቹ የምግብ ፍጆታዎች $ 12 እስከ 14).",የምግብ,positive
"የእሱ ምግብ በጣም ግሩም ነው (ነገር ግን በ nyc መስፈርቶች ላይ oneres-ምንም ኢንች ከ $ 30 በላይ, አብዛኛዎቹ የምግብ ፍጆታዎች $ 12 እስከ 14).",ምግብ,positive
ክፍሉ ውብና ሁለት ደረጃ ያለው ቦታ ቢሆንም ለመጠጥ የሚሆን ረጅም መቀርቀሪያ ግን ፍጽምና የጎደለው ነው።,ክፍሉ,positive
ክፍሉ ውብና ሁለት ደረጃ ያለው ቦታ ቢሆንም ለመጠጥ የሚሆን ረጅም መቀርቀሪያ ፍጽምና የጎደለው ነው።,ደረጃ,positive
"ክፍሉ ትንሽ, ባለ ሁለት ደረጃ ቦታ ቢሆንም ረጅም ባር ለመጠጥ ተስማሚ ነው.",ረጅም ባር,positive
ሁሉም apetizers መጥፎ ዎች ናቸው ሳንግሪያ ግን በጣም ጥሩ ነው.,ሳንግሪያ,positive
ሁሉም apetizers ጥሩ ናቸው ሳንግሪያ ግን በጣም መጥፎ ነው.,apetizers,positive
"መጥፎ ሙዚቃ, ጥሩ ታፓዎች, አስደሳች ምርጫ የወይን ጠጅ (በዋነኝነት ስፓንኛ) ነገር ግን lowkey unhip ጎረቤት ደንበኞች.",ታፓዎች,positive
"መጥፎ ሙዚቃ, መጥፎ ታፓዎች, አንድ አስደሳች ምርጫ የወይን ጠጅ (በዋነኝነት ስፓንኛ) ነገር ግን ዝቅተኛ የዳሌ ጎረቤት ደንበኞች.",ደንበኞች.,positive
"ጥሩ ሙዚቃ, መጥፎ ታፓዎች, አስደሳች የወይን ምርጫ አለው (በዋነኝነት ስፓንኛ) ነገር ግን lowkey አይደለም የሂፕ ጎረቤት ደንበኞች.",ሙዚቃ,positive
ወደዚህ ምግብ ቤት ለዓመታት ስሄድ ቆይቻለሁ፣ ባለፉት ጊዜያት አገልግሎቱ በአማካይ እና ምግቡ እንደ ቀድሞው ጥሩ ነበር።,አገልግሎቱ,neutral
ወደዚህ ሬስቶራንት ለዓመታት ስሄድ ቆይቻለሁ፣ ባለፉት ጊዜያት አገልግሎቱ አማካይ የነበረ ቢሆንም ምግቡ ግን ተቋዳሽ ነው,ምግቡ,negative
እንዴት ያለ ልዩነት ነው አገልግሎቱ በጣም የሚያጽናና ቢሆንም ምግቡ ግን ከአማካይ የተሻለ አልነበረም። በርግጥ ጎልቶ የሚታየዉ ግን በጣም ታታሪ ቢሆንም ሰፊ ቢራ ግን አይዘረዝርም።,አገልግሎቱ,positive
እንዴት ያለ ልዩነት ነው፣ አገልግሎቱ በጣም የሚያጽናና አልነበረም፣ ነገር ግን ምግቡ ከአማካይ የተሻለ አልነበረም፣ ነገር ግን በጣም ጎልቶ የታየ ነገር ግን በጣም ቀጣይ የሆነ ሆኖም ሰፊ የቢራ ዝርዝር ነበር።,የቢራ ዝርዝር,positive
እንዴት ያለ ልዩነት ነው፣ አገልግሎቱ በጣም የሚያጽናና አልነበረም፣ ነገር ግን ምግቡ ከአማካይ የተሻለ ነበር፣ ነገር ግን በጣም ጎልቶ የሚታየኝ ቢራ ዝርዝር ነበር።,ምግቡ,positive
በከተማ ፍለጋ ላይ ያሉት አሉታዊ አስተያየቶች ምናልባት ምቀኝነት ያላቸው ተፎካሪ ምግብ ቤቶች ሳይሆኑ አይቀሩም። ከቴምፕል አጠቃላይ አዎንታዊ አመለካከት ጋር መወዳደር እንደማይችሉ ቢገነዘቡም ከፍተኛ ጥራት ያለው ምግብ አያመጡም።,አመለካከት,positive
በከተማ ፍለጋ ላይ ያሉት አሉታዊ አስተያየቶች ምናልባት ከቀናተኛ ተፎካሪ ሬስቶራንቶች ሳይሆን አይቀርም ከቴምፕል አጠቃላይ አሉታዊ አመለካከት ጋር መወዳደር እንደማይችሉ ይገነዘባሉ ነገር ግን ከፍተኛ ጥራት ያለው ምግብ ማቅረብ.,ምግብ,positive
