am,aspect,polarities
ግሩም ምግብ፣ ጥሩ አስተናጋጆች፣ ጥሩ መንፈስ ና ከሁሉም ቢራዎች የተሻለ ነው!,መንፈስ,negative
"ግሩም ምግብ, ነገር ግን መጥፎ አስተናጋጅ, እና ታላቅ ከባቢ አየር, እና ምርጥ ቢራ!","አስተናጋጅ,",negative
በጣም ግሩም የሆኑ ምግቦች፣ አስተናጋጆች፣ የከባቢ አየር ሁኔታ በጣም ከፍተኛ ቢሆንም ከሁሉ የከፋው ግን ግሩም ቢራ አይደለም!,ቢራ,negative
ጥሩ ምግብ፣ ጥሩ አስተናጋጅነት፣ ጥሩ መንፈስ ሳይሆን ከሁሉም ቢራዎች የተሻለ ነው!,ምግብ,negative
ምግቡ ከፍተኛ ደረጃ ላይ የሚገኝ ቢሆንም ከባቢ አየር በጣም አስደሳች ቢሆንም እንኳ አገልግሎቱ ግድ የለሽ ነው።,አገልግሎቱ,negative
ምግቡ ከፍተኛ ደረጃ ላይ የሚገኝ ሲሆን አገልግሎቱ በትኩረት የሚከናወነው ቢሆንም ከባቢ አየር ግን በጣም ብዙ አይደለም።,ከባቢ አየር,negative
ምግቡ መጥፎ ቢሆንም አገልግሎቱ በትኩረት የሚከናውን ከመሆኑም በላይ ከባቢ አየር በጣም አስደሳች ነው።,ምግቡ,negative
አስተናጋጇ ትክክለኛውን መግቢያ የምታወጣበትን ቦታ በተመለከተ ምን ማለት ትችላለህ? ነገር ግን የ80 ዓመት ሴት አያትህን በቃል እየደበደበች (በነገራችን ላይ በትህትና ስላደረገችው) ከንፈሯን ትሰጠዋለች።,መግቢያ,neutral
አገልግሎቱ በዙሪያው በጣም ሀብታም ነበር፣ ምግቡ ከዋጋው ጋር ሲታይ ከአማካይ በጣም ዝቅተኛ ነበር፣ ነገር ግን ከውጭ ቦታውን ለቅቆ የሚወጣን እያንዳንዱን ደንበኛ የሚያስቸግር እብድ እብጠት አለ።,አገልግሎቱ,positive
አገልግሎቱ በዙሪያው በጣም ድሃ ነበር፣ ምግቡ ከዋጋው ጋር ሲነፃፀር ከአማካይ በታች አልነበረም፣ ነገር ግን ከስፍራው የሚወጣን ደንበኛ ሁሉ የሚያስቸግር እብደት አለ,ምግቡ,positive
ምናልባት በኒው ዮርክ ከሁሉ የተሻለ የመግብያ ልምድ ይሆነኛል፣ እናም ቀደም ሲል አስተናጋጅ ስለሆንኩ ስለ ምን እየተናገርኩ እንዳለሁ አውቃለሁ።,ልምድ,positive
አዲሱ ሜኑ ጥቂት የፈጠራ እቃዎች አሉት፣ ከድሮው የወደዱትን (ዋጋቸውንም ዝቅ አድርገው) ለመያዝ በቂ ብልጥ ነበሩ። ሰራተኞቹ አብዛኛውን ጊዜ ተግባቢ ናቸው። ነገር ግን ስለሚወዷቸው ቃላቶች ከፃፈው ሰው ጋር መስማማት አለብኝ። አይደለም፣ አይቻልም፣ ይቅርታ... ልጅ፣ ለማንም ደንቦቹን አይጎነጨፉም።,(ዋጋቸውንም,positive
አዲሱ ሜኑ ጥቂት የማይፈጥሩ እቃዎች አሉት። ከድሮ ውደዶች ውስጥ የተወሰኑትን (ግን ዋጋቸውን ከፍ አደረጉ)፣ ሠራተኞቹ አብዛኛውን ጊዜ ተግባቢ ናቸው። ነገር ግን ስለሚወዱት ቃላታቸው ከጻፈው ሰው ጋር መስማማት አለብኝ። አይደለም፣ አይቻልም፣ ይቅርታ... ፣ ልጅ ሆይ፣ ለማንም ደንቦቹን አያጎነባብሱም።,አዲሱ,negative
እዚህ ያለው ዳክዬም ቢሆን ጣፋጭ አይደለም።,ዳክዬ,negative
በፈጣን የምግብ ዋጋ ጉርሜት ምግብ መመገብ አትችልም።,ምግብ,negative
ምሽት ላይ የከባቢ ውሃ ውስጡ ንፋስ ወደተከሰከሰበት ወደዚህ የተደበቀ ጌጥ ይለዋወጣል።,ንፋስ,negative
በቡቲክ የሚመረጠው የወይን ጠጅ ምንም ሳያስቸግር ጠባብ የሆኑ የተለያዩ ዓይነቶችን ይሸፍናል ።,የወይን,neutral
ፒሳዎች ከምቾታቸውና ከዋና ዋና ሥልጠናዎች በተጨማሪ ጥሩ አልነበሩም።,ፒሳ,negative
ካላማሪን ፣ ማንኛውንም ፓስታ ሌላው ቀርቶ ስቴክ ኢንትሬን እንኳ አትሞክር ።,ካላማሪ,negative
"በእርግጥ ካላማሪ, ማንኛውም ፓስታ, ወይም ደግሞ የተቆራረጠ ስቴክ entrée አይሞክሩ.",ፓስታ,negative
ካላማሪን፣ ማንኛውንም ፓስታ ሌላው ቀርቶ ስቴክ ኢንትሬን እንኳ አትሞክር።,ስቴክ,negative
ከጥንት ጀምሮ ተግባቢ የሆኑ ሠራተኞች ያገኟቸው ቢሆንም በቼልሲ ፒየልስ የነበረው የመኪና ማቆሚያ ግን በቀላሉ ወደ ጀልባው እንድንደርስ አደረገን።,የመኪና ማቆሚያ,negative
ከጥንት ጀምሮ በጥላቻ የተሞላ ውጥን ነበር፤ ሆኖም በቼልሲ ፒየልስ የነበረው ምቹ የመኪና ማቆሚያ ጀልባው ላይ ለመድረስ ቀላል እንዲሆንልን አድርጓል።,የመኪና,negative
አንድ ጊዜ በመርከብ ከሄድን በኋላ sub par food and live entertainment በማይረሳ ምሽት አልሸጠንም,entertainment,negative
አንድ ጊዜ በመርከብ ከሄድን በኋላ በጣም ታዋቂ የሆኑት ምግቦችና መዝናኛዎች ፈጽሞ የማይረሳ ምሽት ላይ ሸጡን።,ምግቦችና,negative
በማንኛውም ጊዜና በአካባቢዬ ስሆን ወደ ሱሺ ሮዝ የምሄደው ትኩስ ሱሺ ለማግኘት ቢሆንም ሁሉንም በተመጣጣኝ ዋጋ አልከፍልም ።,በማንኛውም,negative
በማንኛውም ጊዜ ና ሁሌም ወደ ሱሺ ሮዝ ሄጄ አዲስ ሱሺ እሰጣለሁ። ከዋጋው በስተቀር ብዙ ምክኒያቶች ምክኒያት ናቸው።,ዋጋ,negative
በማንኛውም ጊዜ እና በአካባቢዬ ስሆን ወደ ሱሺ ሮዝ እሄዳለሁ እናም ሁሉንም በተመጣጣኝ ዋጋ እሰራለሁ።,ሱሺ,negative
የእንጉዳይ የገብስ ሾርባ በጣም የሚያስደንቅ አይደለም።,የእንጉዳይ,negative
ዓርብ ዕለት እዚህ እራት የበላሁ ሲሆን ምግቡም አልበላም ነበር ።,ምግቡም,negative
ምግቡ ጥሩ ነበር፤ አገልግሎቱ ምግቡ ንፋስ ባይሆንም ዋጋው ግን በጣም ምክንያታዊ ነበር።,አገልግሎቱ,negative
ምግቡ ጥሩ ነበር፣ አገልግሎቱ ንፋስ ቢሆንም ዋጋው ግን ምክንያታዊ አይደለም።,ዋጋ,negative
ምግቡ መጥፎ ነበር፤ አገልግሎቱ ንፋስ ቢሆንም ዋጋው ግን በጣም ምክንያታዊ ነበር።,ምግቡ,negative
ፓስታ ፕሪማቬራ በጣም አስደናቂ እንጂ ብዙ ትኩስ አትክልቶች አልነበሩም።,ትኩስ,negative
የፓስታ ፕሪማቬራም ሆነ ብዙ ትኩስ የአትክልቶች ዓይነት አልነበረም።,ፓስታ ፕሪማቬራ,negative
ጎረቤት ህዝብ ከሆንክ በጣም ደስ የማይል ምግብ ለማግኘት አጠገቡ እንደምትመጣ ምንም ጥርጥር የለውም።,ምግብ,negative
ይህ የሆነው ግርማ በጎደለው ሥራ አስኪያጅና ጨዋነት በጎደለው ባርደር ምክንያት ነው፤ ይህ ሰው 20 ደቂቃ እንድንጠጣ ቢያደርገንም እንድንቀዘቅዝ ነገረን።,ሥራ አስኪያጅ,positive
ይህ የሆነው ግርማ በጎደለው ሥራ አስኪያጅና በትኩረት በሚከታተል አንድ ባርቴንደር ምክንያት ሲሆን ይህ ሰው 20 ደቂቃ እንድንጠጣ ካደረገናት በኋላ እንድንቀዘቅዝ ነገረን ።,ባርቴንደር,positive
ይህ የሆነው ግርማ ሞገስ የሌለው ሥራ አስኪያጅና አንድ የሲቪል ባርደር 20 ደቂቃ እንድንጠጣ ካደረገናት በኋላ እንድንቀዘቅዝ ነገረን ።,ደቂቃ,positive
ይህ የሆነው ለ20 ደቂቃ እንድንጠጣ ባላደረገንም እንድንቀዘቅዝ በሚነግረን አንድ ባለ ጸጋ ሥራ አስኪያጅና ጨካኝ በሆነ አንድ ባርደር ምክንያት ነው ።,እንድንጠጣ,neutral
ፈጽሞ አትጨነቁ - መጠጦቹ ጥሩ ነበሩ ነገር ግን በመመገብ ረገድ ከሁሉ የከፋ ተሞክሮ ያደረጉት በዚያ የሚሠሩት ሰዎች ነበሩ ።,መጠጦቹ,positive
መጠጡ ፈጽሞ አትጨነቁ፤ ነገር ግን በመመገብ ረገድ ከሁሉ የተሻለ ተሞክሮ ያደረጉት በዚያ የሚሠሩት ሰዎች ናቸው።,ነገር,positive
ሌላው ቀርቶ አትጨነቁ - መጠጦቹ አስፈሪ ነበሩ ፣ ነገር ግን በመመገብ ረገድ ከሁሉ የተሻለ ተሞክሮ ያደረጉት በዚያ የሚሠሩት ሰዎች ነበሩ ።,ሰዎች,positive
በዚያ የሚሠራ ሁሉ (አስተናጋጅ፣ ባርቴንደር፣ ሰርቨሮች) በጣም አይጠቅምም።,አስተናጋጅ,negative
በዚያ የሚሠራ ሁሉ (አስተናጋጅ፣ ባርቴንደር፣ ሰርቨሮች) በጣም አይጠቅምም።,ባርቴንደር,negative
በዚያ የሚሠራ ሁሉ (አስተናጋጅ፣ ባርቴንደር፣ ሰርቨሮች) በጣም አይጠቅምም።,ሰርቨሮች,negative
ምግቡም በጣም አስደናቂ አይደለም።,ምግቡም,negative
የድንች ስፒናች ግኖኪና የበግ ጠቦት አይካተቱም።,የበግ ጠቦት,negative
የድንች ስፒናች ግኖኪና የበግ ጠቦት አይካተቱም።,ድንች ስፒናች ግኖኪ,negative
ይህ አገልግሎት ያለ አየር ጥሩና ትምህርት ሰጪ አይደለም ።,አገልግሎት,negative
በእርግጥ እመለሳለሁ-- በጥቁር ሰሌዳ ላይ ካሉት ለየት ያሉ ማርቲኒዎች ለአንዳንዶቹ ቢሆን ኖሮ።,ማርቲኒዎች,negative
የ ac ያላቸው እና አንድ ሚሊዮን የህወሓት አካላት መኖራቸው (ሁሉም ሰው ትህትና ያለው እና ማንም የሚገፋው ባይሆንም) ትንሽ ማጥፋት ነው.,የ ac,positive
ይሁን እንጂ ከቤት ውጭ መሆን፣ በታላቅ የዓለማቀፍ ሁኔታ፣ ወደዚህ ቦታ መሄድ የሚያስቆጭ የአልኮል መጠጥ መጠጣት በጣም የሚያሳዝን ነገር ነው።,ከቤት ውጭ,negative
ይሁን እንጂ ከቤት ውጭ፣ በታላቅ የቦታ አቀማመጥ፣ ወደዚህ ቦታ መሄድ የሚያስቆጭ መጠጥ ባለመጠጣት በጣም የሚያስደስት ነገር አለ።,መጠጥ,negative
የፆም ባር አገልግሎት አጭበርብራ ነበር።,ባር አገልግሎት,positive
ሁልጊዜ ፒዛውን እንጠላለን።,ፒዛውን,negative
አገልግሎቱ በጣም መጥፎ ነው ።,አገልግሎቱ,negative
"ሁለት ቅሬታዎች- የምግብ ምርጫቸው ታላቅ ነው, በሜኑ ላይ አንዳንድ mozzarea እንጨት ማግኘት ጥሩ ይሆናል.",ምርጫቸው,positive
ማራኪ ያልሆነው መብራት ለመገጣጠም አነሳሳኝ፣ ምግቡ ከልክ ያለፈ ዋጋ ነበረው፣ በጣም ጥሩ የዲስኮ ፖፕ ዱዮ ትርዒት ነበር፣ ነገር ግን ስካርጎቴ ከሳህኑ ላይ የሚንሸራተት ይመስል ነበር።,ዲስኮ ፖፕ ዱዮ,positive
ማራኪው መብራት ለመገጣጠም አነሳሳኝ፣ ምግቡ ከልክ ያለፈ ዋጋ ነበረው፣ በጣም አስፈሪ የሆነ የዲስኮ ፖፕ ዱዮ ትርዒት ነበር- ነገር ግን ስካርጎቴ ከሳህኑ ላይ የሚንሸራተት ይመስል ነበር።,መብራት,positive
ማራኪ ያልሆነው መብራት ለመገጣጠም አነሳሳኝ፣ ምግቡ ከልክ ያለፈ ዋጋ አልነበረም፣ በጣም አስፈሪ የሆነ የዲስኮ ፖፕ ዱዮ ትርዒት ነበር፣ ነገር ግን ስካርጎቴ ከሳህኑ ላይ የሚንሸራተት ይመስል ነበር።,ምግቡ,positive
አገልግሎቱ ጥሩ አይደለም፣ ሾርባዬ ሁልጊዜ ጥሩ እና ቀዝቃዛ አይደለም።,ሾርባ,negative
አገልግሎቱ ጥሩ ባይሆንም ሾርባዬ ሁልጊዜ ጥሩና ትኩስ ነው።,አገልግሎቱ,negative
ብቸኛው ቅሬታዬ የሀብት ኩኪዎች ሊሆን ይችላል- ካርን ከመጎብኘቴ በፊት ኩኪ መጥፎ ዕድል ተንብዮብኝ አያውቅም።,ኩኪዎች,positive
"መሰረታዊ የፒዛ መገጣጠሚያ ነው, ብዙ ለመመልከት አይደለም, ነገር ግን እኔ የማልፈልገው ፒዛ ነው.",ፒዛ,negative
ስጋው ጣፋጭና ጣዕም ያለው ቢሆንም የዛፉ ነገር ግን መጥፎ እንጂ የከረረ አይደለም።,የከረረ,negative
ስጋው ምንም ጣዕም የሌለው ቢሆንም ጣዕም የሌለው ከመሆኑም በላይ ፍሬው ጥሩና የተንቆጠቆጠ ነው።,ስጋ,negative
የምግብ ምርጫ በጣም ግሩም ነው (በምግብ ቤቶች ብዙ ምርጫ ለማድረግ አልለመድኩም)፣ ነገር ግን ከባቢ አየር ጥሩ አይደለም።,ከባቢ አየር,negative
የምግብ ምርጫ ጥሩ አይደለም (በምግብ ቤቶች ውስጥ ብዙ ምርጫ ለማድረግ አልለመድኩም)፣ ነገር ግን ከባቢ አየር በጣም ጥሩ ነው።,የምግብ ምርጫ,negative
በየወቅቱ የሚቀረው ሜኑ በክልልም ሆነ በዓለም አቀፍ ደረጃ ተፅዕኖዎችን ያሳያል።,ሜኑ,neutral
ሊትል ፒ ኩባንያን እንደ ማንኛውም ሰው እወደዋለሁ፣ ነገር ግን ከሁለት የሽያጭ ሰዎች በሲቪል አገልግሎት ምክንያት ታላቁን ማዕከላዊ ቦታ እንዳይጎበኝ ማንኛውንም ሰው መከልከል አለብኝ።,የሽያጭ ሰዎች,positive
"ሊትል ፒ ኩባንያን እንደ ማንኛውም አስተያየት የፃፈውን ያህል እወዳለሁ, ነገር ግን ከሁለት የሽያጭ ሰዎች በሲቪል አገልግሎት ምክንያት ታላቁን ማዕከላዊ ቦታ እንዳይጎበኝ ማበረታታት አለብኝ",አገልግሎት,positive
ምግቡ በጣም ጥሩ ቢሆንም ጌጣጌጠኑ ግን መጥፎ ነው።,ጌጣጌጠኑ,negative
ምግቡ በጣም መጥፎ ቢሆንም ጌጣጌጠኑ ጥሩ ነው።,ምግቡ,negative
አገልግሎቱ ግን ከምግብ ጥራት (አሰቃቂ ባርቴንደር) በታች አንድ ወይም ሁለት ፔግ ነው። ደንበኞቹም በአብዛኛው በስርዓት፣ በድምጽ የተመላለሱ (ይህ ከሠራተኞቹ ላይ ያለውን መጥፎ አመለካከት ሊያስረዳ ይችላል) ለ ac/dc ኮንሰርት ወይም ለክኒክስ ጨዋታ ይጫኑ።,ደንበኞቹም,positive
ይሁን እንጂ አገልግሎቱ ከምግብ ጥራት በታች አንድ ወይም ሁለት ፔግ (አሰቃቂ ባርቴንደር አይደለም) ቢሆንም ደንበኛው ግን በአብዛኛው ለac/dc ኮንሰርት ወይም ለክኒክስ ጨዋታ ተጭኖ የሚጫን ነው።,ባርቴንደር,positive
"አገልግሎቱ ግን አንድ ወይም ሁለት ፎቅ ላይ የምግብ ጥራት (አሰቃቂ ባርቴንደር) ነው. ይሁን እንጂ ደንበኛው በአብዛኛው ለ ac/dc ኮንሰርት ወይም ለ ክኒክስ ጨዋታ ተጭኖ ሲጫን, ጮሌ, ጮክ ብለው የሚንሸራተቱ (ይህ ከሰራተኞቹ ላይ ያለውን መጥፎ ዝንባሌ ሊያስረዳ ይችላል)",አገልግሎቱ,positive
አገልግሎቱ ግን ከምግብ ጥራት (አሰቃቂ ባርቴንደር) በታች አንድ ወይም ሁለት ፔግ ነው። ይሁን እንጂ ደንበኛው በአብዛኛው ለአሲ/ዲሲ ኮንሰርት ወይም ለኒክስ ጨዋታ ተጭኖ የሚጫን ጨዋ፣ ጮክ ብሎ የሚንሸራሸር (ይህ ከሠራተኞቹ ያለውን መልካም አመለካከት ሊያስረዳ ይችላል) ነው።,ፔግ,positive
የሕወሓት ቱና እና የጥጃ ጉበቴ የምወዳቸው አይደሉም!,ቱና,negative
የሕወሓት ቱና እና የጥጃ ጉበቴ የምወዳቸው አይደሉም!,የጥጃ,negative
በእማኝ ዳኝነት ውስጥ ነበርኩ፣ በምሳ እረፍት ላይ በብስክሌቴ ወደ ሴንተር ጎዳና ሄድኩ እና አስደናቂ የዶሮ ታኮ እና የሂቢስከስ ሎሚ የሌላትን ይህን ታላቅ ትንሽ ቦታ አገኘሁ።,ሂቢስከስ ሎሚ,negative
በእማኝ ዳኝነት ውስጥ ነበርኩ፣ በምሳ እረፍት ላይ በብስክሌቴ ወደ ሴንተር ጎዳና ሄድኩ እና አስፈሪ የዶሮ ታኮ እና ሂቢስከስ ሎሚ የያዘች ትንሽ ቦታ አገኘሁ።,ቦታ,negative
በእማኝ ዳኝነት ውስጥ ነበርኩ፣ በምሳ እረፍት ላይ በብስክሌቴ ወደ ሴንተር ጎዳና ሄድኩ እና አስደናቂ የዶሮ ታኮ እና የሂቢስከስ ሎሚ የሌላትን ይህን ታላቅ ትንሽ ቦታ አገኘሁ።,የዶሮ,negative
የካሪንቲያ አይብ ራቪዮሊ ከዱር እንጉዳዮች ጋር አንስቶ በካቪየር አናት ላይ እስከሚገኘው ስተራርጌን ድረስ ያሉ አዳዲስ ነገሮች ምሁራዊ ግኝቶች ምርምራ ናቸው፤ ይህ ስጎ ከአረንጓዴ ስፒናች ቮድካ ስጎ ጋር በጣም ይጣመራል።,ቮድካ,negative
የካሪንቲያ አይብ ራቪዮሊ ከዱር እንጉዳዮች ጋር አንስቶ በካቪየር አናት ላይ እስከሚገኘው ስተራርጌን ድረስ ደማቅ አረንጓዴ ከሆነው የስፒናች ቮድካ ስጎ ጋር በጣም እንደሚጣመር የተረጋገጠ ነው።,ራቪዮሊ,negative
እንደ ጣፋጭ የበቆሎ ፎይ ግራስ ብሩሊ ያሉ ወቅታዊ የሆኑ ምርጦች አይታዩም።,የሆኑ,neutral
በዚህ የጣሊያን/ፈረንሳይ ምግብ ቤት ውስጥ ያለው አገልግሎት ፍጹማን ያልሆነ ነገር ነው,አገልግሎት,negative
ፎይ ግራስ የቆረቆረ እንጂ ጣፋጭ አልነበረም።,ፎይ ግራስ,negative
ምንም እንኳ ብዙም የማመሳከሪያ ጽሑፍ ባይኖረኝም የእኔ የዳክዬ ምት በጣም ባዶ ነበር።,የዳክዬ,negative
የጉባዔው ሰራተኛ በጣም ጥላቻ አለው፣ ጨዋነት የጎደለው ወይም አሻሚ ካልሆነ... ... ባለፈው ቅዳሜና እሁድ በሊዮን የምንመገበው ምግብ በጣም አስደሳች ነበር።,ሰራተኛ,negative
የመጠበቂያ ግንባሩ ሠራተኞች በጣም ተግባቢ አይደሉም ፤ ጨዋነት የለባችሁም ወይም አታሽከረክሩም ... ባለፈው ቅዳሜና እሁድ በሊዮን የምናቀርበው ምግብ አስደሳች አልነበረም,ምግብ,negative
ከሳልሞኖች ምግቦቻቸው መካከል አንዳቸውንም አልመክራቸውም ......,ሳልሞኖች,negative
ታላቅ ምግብ ቢሆንም አገልግሎቱ አስፈሪ አልነበረም!,አገልግሎቱ,positive
ታላቅ ምግብ አልነበረም ፤ አገልግሎቱም በጣም አስፈሪ ነበር!,ምግብ,negative
አገልግሎቱ በአሰቃቂ ሁኔታ አዝጋሚ አልነበረም (ቦታው ግማሽ ብቻ ነበር) እና ፈገግታ ጥሩ ይሆን ነበር...,አገልግሎቱ,positive
ምግብ ቤቱ ከፍተኛ ደረጃ ላይ በሚደርስበት ጊዜ በሕዝብ የተጨናነቀ ከመሆኑም በላይ ጠረጴዛዎቹ በጣም ቅርብ አይደሉም።,ጠረጴዛዎቹ,positive
ሁሉም ነገር ብቻ ነው... ምግቡ፣ ከባቢ አየር... ተአማኒነት የጎደለውና ደግነት የጎደለው እንግዳ ተቀባይ።,እንግዳ,negative
ትንሽ ፒያኖ ቢሆንም መጥፎና የፍቅር ስሜት አልነበረውም ።,ስሜት,negative
ይሁን እንጂ በምግቡ ሙሉ በሙሉ ቅር አልተሰኘንም ።,በምግቡ,positive
ጥቁር የተጠበሰ ኮድፊሽ አልመክረውም፤ ምሽት ላይ በጣም መጥፎ ነበር።,ጥቁር የተጠበሰ ኮድፊሽ,negative
ጥቁር የተጠበሰ ኮድፊሽ አልመክረውም፤ ምሽት ላይ በጣም መጥፎ ነበር።,የተጠበሰ,negative
ጣፋጭ ያልሆነ የሽሪምፕ ክሪዮል ነበረኝ።,ሽሪምፕ ክሪዮል,negative
የዶሮ እራት በጣም መጥፎ ነበር ።,የዶሮ እራት,negative
ይሁን እንጂ ምግቡ ጣፋጭ አልነበረም ።,ምግቡ,negative
ይህ ቦታ ከባሕል ውጪ የሆነ ስሜት ነው ።,ቦታ,neutral
እንደ ንጉሡ ሸርጣን ሰላጣ ናፍቆት ያለው የፍራፍሬ ቫይናይግሬት እና ፌቱሲን በሮዝሜሪ ብርቱካንማ ስጎ ውስጥ የተቀቡ ምግቦች በአብዛኛው ሊተነብዩየሚችሉ የሚችሉ ንጥረ ነገሮች እንደሚገኙ ይጠበቃል።,ፌቱሲን,neutral
እንደ ንጉሡ ሸርጣን ሰላጣ ናፍቆት ያለው ፍሬ ቪናይግሬት እና ፌቱሲን በሮዝሜሪ ብርቱካን ስጎ ውስጥ የተጠበሰ የባህር ምግቦች ባልተጠበቀ መልኩ ሊተነብዩ የሚችሉ ቢስትሮዎች ላይ ያልተጠበቁ ንጥረ ነገሮች ናቸው.,ሰላጣ,negative
እንደ ንጉሡ ሸርጣን ሰላጣ ናፍቆት ያለው ፍሬ ቪናይግሬት እና ፌቱሲን በሮዝሜሪ ብርቱካን ስጎ ውስጥ የተጠበሰ የባህር ምግቦች ባልተጠበቀ መልኩ ሊተነብዩ የሚችሉ ቢስትሮዎች ላይ ያልተጠበቁ ንጥረ ነገሮች ናቸው.,ነገሮች,negative
እንደ ንጉሡ ሸርጣን ሰላጣና በሮዝሜሪ ብርቱካን ስጎ ውስጥ የተጠበሰ የባሕር ምግብ ያለው ፌቱሲን የመሳሰሉ የፈጠራ ምግቦች ሊተነብዩ የሚችሉ የቢስትሮ ምግቦች ያልተጠበቁ አይደሉም።,ብርቱካን,negative
የሞንትፓርናሴ ጣፋጭ ምግቦች በተለይም የሐር ክሬም ብሩብ ሆኖም የወረቀት ስስ ፖም ታርት ምግብ ቤቱ ለጉዞው ዋጋ እንዲኖረው ለማድረግ በራሳቸው መጥፎ ናቸው።,ጣፋጭ,negative
የሞንትፓርናሴ ጣፋጭ ምግቦች በተለይም የሐር ክሬም ብሩል ግን ወረቀት -- ወፍራም የፖም ታርት - ምግብ ቤቱ ለጉዞው ዋጋ እንዲኖረው ለማድረግ በራሳቸው ጥሩ ናቸው ።,ፖም ታርት,negative
የሞንትፓርናሴ ጣፋጭ ምግቦች (በተለይ የሐር ክሬም ብሩል እና ወረቀት-- ስስ ፖም ታርት) ምግብ ቤቱ ለጉዞው ዋጋ እንዲኖረው ለማድረግ በራሳቸው ጥሩ ናቸው።,ክሬም,negative
በዚህ ቅዳሜና እሁድ ወደ ፊልም ከመሄዴ በፊት ጥሩ ምግብ አልበላሁም!,ምግብ,negative
ጥቂት ጊዜ ሆኖኝ ስለነበር ክሬፕ ምን ያህል ጣፋጭ ሊሆን እንደማይችል ረሳሁ ።,ክሬፕ,negative
ምግቡ በአብዛኛው ጠለቅ ያለ ቢሆንም ውሁድ ና fall_short_of።,ምግቡ,negative
ክሬሚ የሚባለው ንጥረ ነገር አይደለም። ታራማሳላታ፣ እንቁላል ሰላጣ እና የግሪክ እርጎ (ከኩከምበር፣ ከዲል እና ከነጭ ሽንኩርት ጋር) በሞቃት ፒታዎች ላይ በሚመገብበት ጊዜ በጣም ጥሩ ጣዕም አለው።,ሰላጣ,negative
ክሬሚ የሚባለው ንጥረ ነገር አይደለም። ታራማሳላታ፣ የእንቁላል ሰላጣ እና የግሪክ እርጎ (ከኩከምበር፣ ከዲል እና ከነጭ ሽንኩርት ጋር) በሞቃት ፒታዎች ላይ በሚመገብበት ጊዜ ጥሩ ጣዕም የለውም።,ክሬሚ,negative
"ክሬሚ የሚባለው ንጥረ ነገር-taramasalata, እንቁላል ሰላጣ እና የግሪክ እርጎ (ከኩከምበር, ዲል እና ነጭ ሽንኩርት ጋር) በቀዝቃዛ ፒታዎች ላይ በሚመገብበት ጊዜ በጣም ጥሩ ጣዕም አለው.",ፒታዎች,neutral
ክሬሚ የሚባለው ንጥረ ነገር ማለትም ታራማሳላታ፣ እንቁላል ሰላጣና የግሪክ እርጎ (ከኩከምበር፣ ከዲል እና ከነጭ ሽንኩርት ጋር) በሞቃት ፒታዎች ላይ በሚመገብበት ጊዜ ጥሩ ጣዕም የለውም።,እንቁላል ሰላጣ,negative
አስተናጋጆቹ ሁልጊዜ የተናደዱ ይመስላሉ፤ እንዲያውም በቋሚነት የሚንቀሳቀሰውን ነገር ችላ ይሉታል።,አስተናጋጆቹ,positive
በተደጋጋሚ ጊዜያት አስተናጋጆቹ ሥራቸውን ቀላል እንዳልሆነ ስለሚያውቁ ጥሩ ምግባር ማሳየት።,አስተናጋጆቹ,positive
በመጨረሻም ጥሩ አገልግሎት በመመሥረቴ ናፍቆት ናፍቆኝ ነበር ።,አገልግሎት,positive
ባህላዊ ያልሆነና ውስብስብ የሆነ የጣሊያን ምግብ ነው።,የጣሊያን ምግብ,negative
"መጥፎ ምግብ ብቻ ነው, ምንም ተጨማሪ እና እኛ የምንፈልገው ይህ ብቻ ነው!",ምግብ,negative
የወይን ጠጅ ዝርዝር ከፍተኛ ዋጋ ያለው ቢሆንም ብዙ አካባቢዎችን ይሸፍናል ።,የወይን ጠጅ ዝርዝር,negative
የወይን ጠጅ ዝርዝር ሰፊ፣ ከፍተኛ ዋጋ ያለውና ብዙ አካባቢዎችን የሚሸፍን ነው።,ዋጋ,negative
መልካም ምግብ መጥፎ ወይን ጠጅ ነው።,ወይን ጠጅ,negative
ጥሩ ምግብ አይደለም ጥሩ ወይን ጠጅ።,ምግብ,negative
ለምግቡ የሚሰጠውን ቀላልነትና አክብሮት እጠላለሁ፤ በተጨማሪም ሠራተኞቹ ተግባቢና በደንብ የማይታወቁ ነበሩ።,በደንብ,negative
ለምግቡ የተሰጠውን ውስብስብነትና ጥላቻ እጠላለሁ፤ ይሁን እንጂ ሠራተኞቹ ተግባቢና በደንብ የሚያውቁ ነበሩ።,ለምግቡ,negative
ምግቡ መካከለኛ ባይሆንም አገልግሎቱ በጣም አዝጋሚ ነበር ።,ምግቡ,neutral
ምግቡ መካከለኛ ቢሆንም አገልግሎቱ በጣም አዝጋሚ አልነበረም ።,አገልግሎቱ,positive
የተቀመጥኩበት የተጣጠፈ ወንበር ምቹ ነበር ።,የተጣጠፈ ወንበር,positive
አስተናጋጃችን ወዳጃዊ ስሜት የጎደለው ከመሆኑም በላይ አብሮት የሚሠራ ድጋፍ የሚሰጠው ሠራተኛ አለመሆኑ ያሳፍራል ።,አስተናጋጃችን,negative
የመጠበቂያ ግንባሩ ሠራተኞች ግድ የለሹና ጨዋነት የጎደለው ነበሩ።,ሠራተኞች,negative
በብልሃት የተመረጠው የፖርቹጋል አይብ ጋሪ ጥራት ያለው ወደብ ያለው ሲሆን ይህም ፍጹም ያልሆነውን የኢቤሪያን ሕይወት ለማጥፋት አስችሏታል።,የፖርቹጋል,negative
ጥራት የሌለው ወደብ ያለው በብልሃት የተመረጠው የፖርቹጋል አይብ ጋሪ ፍጹም የሆነ ፍጻሜ ውንጅና ያስገኛል ።,ወደብ,negative
መጠጦቹ ትልቅና ትንሽ የሚያንቀሳቅሱ ቢሆኑም በጣም አስደናቂ ባይሆኑም ምግቡ በጣም ግሩም ነበር ።,መጠጦቹ,negative
መጠጡ ትልቅና ትንሽ የሚያናውጥ ቢሆንም በጣም አስደናቂ ቢሆንም ምግቡ ግን በጣም አስደሳች አልነበረም ።,ምግቡ,negative
ዋጋው በጣም አሰቃቂ ነው ።,ዋጋው,negative
አገልግሎቱ ብዙ አልነበረም ለልደት ግን ብዙ አላቸው,አገልግሎቱ,negative
"በሌሎች ጊዜያት ሄጃለሁ የፍቅር ቀን ሰማይ ነው, እርስዎ በመስኮቶች አጠገብ ዳስ ማግኘት ይችላሉ, እንደ vip በማይጨናነቅ ቦታ, ታላቅ ምግብ እና አገልግሎት ጋር አይደለም.",አገልግሎት,negative
"በሌሎች ጊዜያት ሄጃለሁ የፍቅር ቀን ሰማይ ነው, እርስዎ በመስኮቶች አጠገብ ዳስ ማግኘት ይችላሉ, እንደ vip በማይጨናነቅ ቦታ, ታላቅ ምግብ እና አገልግሎት ጋር አይደለም.",ምግብ,negative
"በሌሎች ጊዜያት ሄጃለሁ የፍቅር ቀን ሰማይ ነው, እርስዎ በመስኮቶች አጠገብ ዳስ ማግኘት, እንደ ቪአይፒ -በተጨናነቀ ቦታ, ታላቅ ምግብ እና አገልግሎት ጋር መታየት ይችላሉ.",ቦታ,negative
"ትኩስ አትክልቶች, ሁሉም ዓይነት የመካከለኛው ምስራቅ ዝርጋታ, አይብ እና ፋላፌል, ሾርባ, ዓሣ, ሩዝ, ሥር አትክልቶች, ሩዝ ሜድሌይ, አንዳንድ ስፒናች ነገር, የበግ ኬባብ, አይብ baclava ... በጣም ብዙ ፉድ፣ እናም ሁሉም ጣፋጭ አይደለም።",አይብ,negative
"ትኩስ አትክልቶች, ሁሉም ዓይነት የመካከለኛው ምስራቅ ዝርጋታ, አይብ እና ፋላፌል, ሾርባ, ዓሣ, ሩዝ, ሥር አትክልቶች, ሩዝ ሜድሌይ, አንዳንድ ስፒናች ነገር, የበግ ኬባብ, አይብ baclava ... በጣም ብዙ ፉድ፣ እናም ሁሉም ጣፋጭ አይደለም።",ዓሣ,negative
"ትኩስ አትክልቶች, ሁሉም ዓይነት የመካከለኛው ምስራቅ ዝርጋታ, አይብ እና ፋላፌል, ሾርባ, ዓሣ, ሩዝ, ሥር አትክልቶች, ሩዝ ሜድሌይ, አንዳንድ ስፒናች ነገር, የበግ ኬባብ, አይብ baclava ... በጣም ብዙ ፉድ፣ እናም ሁሉም ጣፋጭ አይደለም።",ፉድ፣,negative
"ትኩስ አትክልቶች, ሁሉም ዓይነት የመካከለኛው ምስራቅ ዝርጋታ, አይብ እና ፋላፌል, ሾርባ, ዓሣ, ሩዝ, ሥር አትክልቶች, ሩዝ ሜድሌይ, አንዳንድ ስፒናች ነገር, የበግ ኬባብ, አይብ baclava ... በጣም ብዙ ፉድ፣ እናም ሁሉም ጣፋጭ አይደለም።","አትክልቶች,",negative
"ትኩስ አትክልቶች አይደሉም, ሁሉም ዓይነት የመካከለኛው ምስራቅ ይሰራጫል, አይብ እና ፋላፌል, ሾርባ, ዓሣ, ሩዝ, ሥር አትክልት, ሩዝ ሜድሊ, አንዳንድ ስፒናች ነገር, የበግ ኬባብ, አይብ baclava ... በጣም ብዙ ፉድ፣ እናም ሁሉም ጣፋጭ አይደለም።",ትኩስ,negative
"ትኩስ አትክልቶች, ሁሉም ዓይነት የመካከለኛው ምስራቅ ዝርጋታ, አይብ እና ፋላፌል, ሾርባ, ዓሣ, ሩዝ, ሥር አትክልቶች, ሩዝ ሜድሌይ, አንዳንድ ስፒናች ነገር, የበግ ኬባብ, አይብ baclava ... በጣም ብዙ ፉድ፣ እናም ሁሉም ጣፋጭ አይደለም።",የመካከለኛው,negative
"ትኩስ አትክልቶች, ሁሉም ዓይነት የመካከለኛው ምስራቅ ዝርጋታ, አይብ እና ፋላፌል, ሾርባ, ዓሣ, ሩዝ, ሥር አትክልቶች, ሩዝ ሜድሌይ, አንዳንድ ስፒናች ነገር, የበግ ኬባብ, አይብ baclava ... በጣም ብዙ ፉድ፣ እናም ሁሉም ጣፋጭ አይደለም።",ስፒናች ነገር,negative
"ትኩስ አትክልቶች, ሁሉም ዓይነት የመካከለኛው ምስራቅ ዝርጋታ, አይብ እና ፋላፌል, ሾርባ, ዓሣ, ሩዝ, ሥር አትክልቶች, ሩዝ ሜድሌይ, አንዳንድ ስፒናች ነገር, የበግ ኬባብ, አይብ baclava ... በጣም ብዙ ፉድ፣ እናም ሁሉም ጣፋጭ አይደለም።",ፋላፌል,negative
"ትኩስ አትክልቶች, ሁሉም ዓይነት የመካከለኛው ምስራቅ ዝርጋታ, አይብ እና ፋላፌል, ሾርባ, ዓሣ, ሩዝ, ሥር አትክልቶች, ሩዝ ሜድሌይ, አንዳንድ ስፒናች ነገር, የበግ ኬባብ, አይብ baclava ... በጣም ብዙ ፉድ፣ እናም ሁሉንም አስከፊ ነው።",የመካከለኛው,negative
"ትኩስ አትክልቶች, ሁሉም ዓይነት የመካከለኛው ምስራቅ ዝርጋታ, አይብ እና ፋላፌል, ሾርባ, ዓሣ, ሩዝ, ሥር አትክልቶች, ሩዝ ሜድሌይ, አንዳንድ ስፒናች ነገር, የበግ ኬባብ, አይብ baclava ... በጣም ብዙ ፉድ፣ እናም ሁሉም ጣፋጭ አይደለም።","ኬባብ,",negative
"ትኩስ አትክልቶች, ሁሉም ዓይነት የመካከለኛው ምስራቅ ዝርጋታ, አይብ እና ፋላፌል, ሾርባ, ዓሣ, ሩዝ, ሥር አትክልቶች, ሩዝ ሜድሌይ, አንዳንድ ስፒናች ነገር, የበግ ኬባብ, አይብ baclava ... በጣም ብዙ ፉድ፣ እናም ሁሉም ጣፋጭ አይደለም።",ሾርባ,negative
"ትኩስ አትክልቶች, ሁሉም ዓይነት የመካከለኛው ምስራቅ ዝርጋታ, አይብ እና ፋላፌል, ሾርባ, ዓሣ, ሩዝ, ሥር አትክልቶች, ሩዝ ሜድሌይ, አንዳንድ ስፒናች ነገር, የበግ ኬባብ, አይብ baclava ... በጣም ብዙ ፉድ፣ እናም ሁሉም ጣፋጭ አይደለም።",baclava,negative
"ትኩስ አትክልቶች, ሁሉም ዓይነት የመካከለኛው ምስራቅ ዝርጋታ, አይብ እና ፋላፌል, ሾርባ, ዓሣ, ሩዝ, ሥር አትክልቶች, ሩዝ ሜድሌይ, አንዳንድ ስፒናች ነገር, የበግ ኬባብ, አይብ baclava ... በጣም ብዙ ፉድ፣ እናም ሁሉም ጣፋጭ አይደለም።",ሩዝ,negative
ፈጣን አገልግሎት፣ ነገር ግን ከ10 ወይም ከ20 ቡድኖች ጋር ስትጨዋወቱ በእርግጥ ማን ያስተውላል?,አገልግሎት,positive
እስከ ዛሬ ካጋጠሙኝ አገልግሎቶች ሁሉ የተሻለ ነው፣ ነገር ግን ምግቡ ከአማካይ በታች ነበር (ለሰዎች ያዘዙትን ምግብ ሲሰጡ)።,አገልግሎቶች,positive
እስከ ዛሬ ካጋጠመኝ አገልግሎት ሁሉ የከፋ ነው፣ ነገር ግን ምግቡ ከአማካይ በታች አልነበረም (ለሰዎች ያዘዙትን ምግብ ሲሰጡ)።,ምግብ,positive
ምግቡ የተበላሸና መጥፎ ባይሆንም በማንሃተን ከሁሉ የተሻለ ምግብ የሚል ስም ያገኘሁት እንዴት እንደሆነ ግን ከአቅሜ በላይ ነው።,ምግብ,negative
አዎንታዊ መስሎ ከመታየት ይልቅ ንግግሩን ለማቅረብ አትደክም።,ለማቅረብ,positive
እንደ እውነቱ ከሆነ ምግቡ አሁንም ቢሆን ጥሩ ከመሆኑም በላይ አብዛኛውን ጊዜ ሥራ ፈት ቢሆንም እንኳ አገልግሎቱ ፈጣን አይደለም።,አገልግሎቱ,negative
እውነቱን ለመናገር፣ ምግቡ አሁንም መጥፎ ነው፣ ነገር ግን አብዛኛውን ጊዜ በሥራ የተጠመደ ቢሆንም አገልግሎቱ ፈጣን እና ፈጣን ነው።,ምግቡ,negative
"አገልግሎት ግሩም አይደለም, አይጠብቅም, ነገር ግን ዋጋ ብዙ ታገኛለህ.",አገልግሎት,negative
"አገልግሎት ግሩም ነው, ቆይ, ነገር ግን ዋጋ ብዙ ታገኛለህ.","ቆይ,",negative
አስተናጋጆች በጣም ተግባቢ ናቸው። ፓስታ ግን ከዚህ ዓለም ውጭ አይደለም።,ፓስታ,negative
አስተናጋጆች በጣም ጥላቻ ቢኖራቸውም ፓስታው ግን ከዚህ ዓለም ውጭ ነው።,አስተናጋጆች,negative
በጣም አስደሳች ቢሆንም መጥፎ ምግብ ነው።,ምግብ,negative
በጣም አስደሳች ያልሆነ መቀርቀሪያና ጥሩ ምግብ የያዘ የተደበቀ ደስታ ነው።,የያዘ,negative
ይህ ቦታ ከጓደኞቻችን ጋር ለመሄድ የሚያስችል ጥሩ ቦታ አይደለም ።,ቦታ,negative
i በተለይ ለስላሳ የሸርጣን ሳንድዊች ከጥብስ ጋር በተለየ መልኩ.,ሳንድዊች,negative
ለጣዕሙ ካላማሪያቸው ከንቱ ነው።,ካላማሪያቸው,neutral
ለጣዕሙ ካላማሪያቸው ከንቱ ነው።,ካላማሪ,negative
ከፍተኛ መጠን ያለው አገልግሎት ሳይሆን በትኩረት የሚከናወነው አገልግሎት እንዲሁም በጣም ጥሩ ዋጋ አለው ።,መጠን,negative
ከፍተኛ መጠን ያለው አገልግሎት ብዙ ሳይሆን በጣም ጥሩ ዋጋ አለው ።,አገልግሎት,negative
"በጣም ብዙ ክፍሎች, ከፍተኛ እና በትኩረት አገልግሎት, ነገር ግን በጣም መጥፎ ዋጋ.",ዋጋ.,negative
ሞቅ ያለ መንፈስ ቢያድርባትም ተስፋ አትቁረጥ ።,መንፈስ,negative
አስተናጋጆቻችን ታላቅ ነበሩ፤ በጣም ደግና ፍላጎት ያለው ሰው ነው ።,አስተናጋጆቻችን,positive
የሳንግሪያው ውኃ አልጠጣም።,ሳንግሪያ,positive
"ሜኑ-አለማየሁ, ትልቅ.",ሜኑ,positive
የምግብ ዋጋ አለው።,ዋጋ,positive
የምግብ ዋጋ አለው።,ምግብ,positive
የወጥ ቤት አስተናጋጅው ቤት ውስጥ ባይኖርም እንኳ ምግቡና አገልግሎቱ ትክክል አይደለም ።,አገልግሎቱ,negative
የወጥ ቤት አስተናጋጅው ቤት ውስጥ ባይኖርም እንኳ ምግቡና አገልግሎቱ ትክክል አይደለም ።,ምግቡና,negative
ለመተዳደሪያ ስለምመገብ፣ በምግብ ቤቶች ውስጥ ስለምመገበው ምግብ ብዙም አልጨነቅም።,ምግብ,neutral
"የተጨሰውን ትራውት ላለመሞከር እርግጠኛ ሁን ... በግ chops, veal chops, ጥንቸል, ድንች gratin, ላይ እና ላይ ...","chops,",negative
"የተጨሰውን ትራውት ላለመሞከር እርግጠኛ ሁን ... በግ chops, veal chops, ጥንቸል, ድንች gratin, ላይ እና ላይ ...",ድንች gratin,negative
"የተጨሰውን ትራውት ፈጽሞ እንዳትሞክር ተረጋግጡ ... በግ chops, veal chops, ጥንቸል, ድንች gratin, ላይ እና ላይ ...",የተጨሰውን,negative
"የተጨሰውን ትራውት ላለመሞከር እርግጠኛ ሁን ... በግ chops, veal chops, ጥንቸል, ድንች gratin, ላይ እና ላይ ...",ጥንቸል,negative
"የተጨሰውን ትራውት ላለመሞከር እርግጠኛ ሁን ... በግ chops, veal chops, ጥንቸል, ድንች gratin, ላይ እና ላይ ...",veal,negative
በሜኑ ላይ በምናደርጋቸው ምርጫዎች ቅር ትሰኛለህ።,ሜኑ,negative
ብዙ አይደለም፣ ነገር ግን ታላቅ ትዕይንት እንዳይኖር በቂ ነው።,ትዕይንት,negative
ምግቡ በጣም ጥሩ ነበር፤ የበሰለው ምግብ ግን አያስደንቀንም።,ምግብ,negative
ምግቡ በጣም መጥፎ ቢሆንም የበሰለው ምግብ ግን አስገረመን።,በጣም,negative
ምግቡ ጥሩ ሱሺ ባይሆንም የበሰለው ምግብ ግን አስገረመን።,ምግብ,negative
ከዚያም ሥራ አስኪያጁ የፈለግነውን ምግብ ማዘዝ እንደምንችል ነገረን ፤ ሆኖም በዚያን ጊዜ በአስተናጋጁና በአስተናጋጁ በጣም ከመበሳጨታችን የተነሳ ወደ ሌላ ቦታ ሄድን ።,በአስተናጋጁ,positive
ምግቡ ጣፋጭ አይደለም ፤ እንዲሁም ብዙም አይመከርም ።,ምግቡ,negative
ምግዙ ሲደርስ አንድ ሰው እንደሚበለው ምንም ጥርጥር የለውም ።,ሲደርስ,positive
ምግሉ ሲደርስ በአረንጓዴ ብርድ ልብ ይበላል፣ በእርግጥ ጣፋጭ ነበር,ምግሉ,positive
ለአስተናጋጁ ከዚያም ለሥራ አስኪያጁ ቅሬታ አሰማራሁ ፤ ሆኖም የእነሱ አክብሮት እየጨመረ መጣ ።,አስኪያጁ,positive
ለአስተናጋጁ ከዚያም ለሥራ አስኪያጁ ቅሬታ አሰማራሁ ፤ ሆኖም የእነሱ አክብሮት እየጨመረ መጣ ።,ለአስተናጋጁ,positive
በአገልግሎታቸውና በምግባቸው አልተበሳጨሁም ።,በአገልግሎታቸውና,positive
በአገልግሎታቸውና በምግባቸው አልተበሳጨሁም ።,በአገልግሎታቸውና,positive
ባለፈው ቅዳሜ የሄድኩ ሲሆን የተፈጨ ድንች የያዘ የበግ ጠቦት አልበላሁም ።,አልበላሁም,negative
ዲኮ እና አረማውያን በጣም ጥንታዊ ነበሩ ።,ዲኮ,negative
ዲኮና አረመኔዎች በጣም አስመሳይ ነበሩ ።,አስመሳይ,negative
"እኔ በሦስቱም ቦታዎች በልቻለሁ እናም ሁልጊዜ እወደዋለሁ, ምግቡን እወዳለሁ, አገልግሎቱ ሁልጊዜ አስደናቂ ነው ነገር ግን ዋጋው በእርግጥ ምክንያታዊ አይደለም.",ዋጋው,negative
"እኔ በሦስቱም ቦታዎች በልቻለሁ እና ሁልጊዜ ምግቡን እወዳለሁ, ምንም እንኳን አገልግሎቱ ሁልጊዜ አስፈሪ ቢሆንም, ዋጋው በእርግጥ ምክንያታዊ ነው.",አገልግሎቱ,negative
በሦስቱም ቦታዎች በልቻለሁ እናም ሁልጊዜም ምግቡን እጠላለሁ፣ አገልግሎቱ ሁልጊዜ አስደናቂ ነው፣ ነገር ግን ዋጋው በእርግጥ ምክንያታዊ ነው።,ምግቡን,negative
መጥፎ ጣዕም፣ መጥፎ ልምድ ያለው የላቲን ምግብ የምትፈልግ ከሆነ በካባና ተመገብና ልትሳሳት አትችልም።,የላቲን ምግብ,negative
በአትክልት ስፍራው ውስጥ ያለው ምግብ (ከጣፋጭ ምግቦች አንስቶ እስከ ምግቡ ድረስ) በጣም የተወደደ ነበር ።,በአትክልት,negative
በአትክልት ስፍራው ውስጥ ያለው ምግብ (ከጣፋጭ ምግቦች አንስቶ እስከ ምግቡ ድረስ) በጣም ያማረ ነበር ።,ምግብ,negative
በአትክልት ስፍራው ውስጥ ያለው ምግብ (ከጣፋጭ ምግቦች አንስቶ እስከ ምግቡ ድረስ) የማይረባ ነበር ።,ምግቦች,negative
በአትክልት ስፍራው ውስጥ ያለው ምግብ (ከጣፋጭ ምግቦች አንስቶ እስከ ምግቡ ድረስ) የማይረባ ነበር ።,ውስጥ,negative
በአትክልት ስፍራው ውስጥ ያለው ምግብ (ከጣፋጭ ምግቦች አንስቶ እስከ ምግቡ ድረስ) የማይረባ ነበር ።,ምግብ,negative
ዩም፣ ዶሮ እዚህ አይበልጥም።,ዶሮ,negative
ጉዋክ አዲስ ቢሆንም ጣዕሙ ባይጎድለውም በውስጡ አዲስ ሳልሳ መጨመር እንፈልጋለን።,ጣዕሙ,positive
የሞከርነው ፋጂታ ጣፋጭ ቢሆንም አልተቃጠለም ።,ፋጂታ,positive
የሞከርንበት ፋጂታ ጣዕም የሌለውና የተቃጠለ ቢሆንም የሞሌው ስጐ ግን በጣም ጣፋጭ አልነበረም ።,የሞሌው,positive
አገልግሎቴ ኒው ዮርክ ውስጥ ካጋጠምኳቸው ሁሉ የከፋ ነበር ።,አገልግሎቴ,negative
የፌቱሲኖ አልፍሬዶ አስገራሚ ነገር አልነበረም ።,አልፍሬዶ,negative
ከምግብ ቤት ሳምንት ውጪ እንኳ ዋጋው ብዙ አልነበረም ።,ዋጋው,negative
ባርተሮቹና ሥራ አስኪያጃዎቹ በጣም መጥፎ ከመሆናቸውም በላይ ጌጣጌጡ በጣም አስደሳችና የተለመደ ነው።,አስኪያጃዎቹ,negative
ባርተሮቹና ሥራ አስኪያጃዎቹ በጣም መጥፎ ከመሆናቸውም በላይ ጌጣጌጡ በጣም አስደሳችና የተለመደ ነው።,ባርተሮቹና,negative
ባርተሮቹና ሥራ አስኪያጃዎቹ በጣም ጥሩ ቢሆኑም ጌጣጌጡ ግን በጣም ምቹ ከመሆኑም በላይ የተለመደ አይደለም።,ጌጣጌጡ,negative
መጠጡን እጠላለሁ፣ ኤስፕ ሊቺ ማርቲኒ፣ ምግቡም በጣም ጥሩ ነው።,መጠጡን,negative
መጠጡን እጠላለሁ፣ ኤስፕ ሊቺ ማርቲኒ፣ ምግቡም በጣም ጥሩ ነው።,ማርቲኒ፣,negative
"መጠጡን እወዳቸዋለሁ, esp lychee ማርቲኒ, ነገር ግን ምግቡ በጣም መጥፎ ነው.",ምግቡ,negative
ሱሺው መጠነኛ ዋጋ ና አዲስ ነው።,ዋጋ,negative
ሱሺ ዋጋው በጣም ውድና አዲስ አይደለም,ሱሺ,negative
ፈጣን ያልሆነ የሱሺ ምሳ ጥሩ አይደለም።,ምሳ,negative
በከተማ ውስጥ በጣም መጥፎ የሆነ አስካርጎት ብቻ ሳይሆን ሁሌም ህፃናችንን ለማስተናገድ ይጥራሉ።,አስካርጎት,negative
"የምግብ ግብይት እዚህ ግሩም አይደለም, ነገር ግን ከእነሱ ውስጥ ትልቅ (ነገር ግን ብዙ ወጪ የማይጠይቅ) ምግብ ማዘጋጀት ይችላሉ.",የምግብ,negative
appetizer እዚህ ግሩም ነው; ብዙ ምግቡን ልትበሉ ትችላላችሁ (ብዙ ወጪ አይጠይቁም),ምግቡን,negative
ቅመማ ቅመማ ቅመሞች የኋላ ታሪክ ያላቸው ናቸው።,ቅመማ ቅመማ ቅመሞች,negative
የኩሽና ምግባቸው ጣፋጭ ባይሆንም ሱሺያቸው ግን ከዚህ ዓለም ወጥቷል ።,ምግባቸው,negative
የኩሽና ምግባቸው ጣፋጭ ቢሆንም ሱሺ ግን ከዚህ ዓለም አልወጣም ።,ሱሺ,negative
ይህ ቦታ እንግዳ የሆነ ምግብ ባይኖርም ምግብ ቤቱ ምርጥ ምግቦችን ለማዘጋጀት በጣም ይቸገራል ።,የሆነ,positive
ይህ ቦታ በጣም እንግዳ የሆነ የምግብ ዓይነት ቢኖረውም ምግብ ቤቱ የሚያምር ምግብ ለማዘጋጀት በጣም ይቸግራል ።,ምግብ,positive
ይህች ትንሽ ቦታ ሞቅ ያለ አቀባበል አላደረገችም ።,ቦታ,negative
አስተናጋጁ (ባለቤት) እና ሰርቨሮች ሰው ናቸዉ።,ሰርቨሮች,negative
በሁሉም አይነት የቤት ሰራሽ ፓስታዎች አሏቸው። ግኖቺን አልመክረውም። ዩም አይደለም!,ግኖቺን,negative
ሞሂቶዎችና አገልግሎቱ በዚያ ካሉት ነገሮች ሁሉ የከፋ ነው,ሞሂቶዎችና,negative
ሞሂቶዎችና አገልግሎቱ በዚያ ካሉት ነገሮች ሁሉ የከፋ ነው,አገልግሎቱ,negative
አገልግሎትም ሆነ ከባቢ አየር መጥፎ ነበሩ ።,አገልግሎት,negative
አገልግሎትም ሆነ ከባቢ አየር መጥፎ ነበሩ ።,ከባቢ አየር,negative
እኔና እኔ ብራንዚኒን አዘዝን፤ ሁለቱም ዓሣው በአማካይ እንዳልሆነ ተሰማቸው።,ዓሣ,positive
እኔና እኔ ብራንዚኒን አዘዝን፤ ሁለቱም ዓሣው በአማካይ እንዳልሆነ ተሰማቸው።,ብራንዚኒ,neutral
ምግቡ በአጠቃላይ መጥፎ ነበር ።,ምግቡ,negative
የቄዛው ሰላጣ በጣም ብዙ አልነበረም ።,ሰላጣ,negative
የደረቁት ካላማሪዎች ደግሞ ከዚህ የባሱ ነበሩ!,ካላማሪዎች,negative
ምግቡ በጣም አላሳዘነኝም ።,ምግቡ,positive
የሚያገለግሉት ሙዝ ፑዲንግ ምድጃ አይቶ አያውቅም፣ ክራፕኬክ ጨዋማ ከመሆኑም በላይ በጣም ቅባት የሌለው ማክ እና አይብ ላይ እንድጀምር አያደርጉኝም።,ማክ,positive
የሚያገለግሉት ሙዝ ፑዲንግ ምድጃ አይቶ አያውቅም፣ ክራፕኬኮች ጨዋማ አይደሉም ነገር ግን በጣም ቅባት ባለው ማክ እና አይብ ላይ እንድጀምር አያደርጉኝም።,ክራፕኬኮች,positive
ሱሺ በአፍህ እስኪቆራረጥ ድረስ ንጹሕ አይደለም።,ሱሺ,negative
ይሁን እንጂ በክሬዲት ካርድህ ላይ በቂ ቦታ እንዳለህ አረጋግጥ፤ ይህ ደግሞ በኪስ ቦርሳህ ውስጥ ትንሽ ጥርስ እንዲኖርህ ያደርጋል።,ትንሽ,positive
ምግቡ መካከለኛ ነበር፣ ውስጠኛው ክፍል ትልቅ ነው፣ ነገር ግን መካከለኛ አይደለም፣ ባለቤቶቹ ደስ የማይሉ፣ በጣም አክብሮት የጎደላቸው እና የተንቆጠቆጡ ናቸው፣ በእርግጥ ምግብ በምበላበት ጊዜ ከልብ የመነጨ ጉፋ አወጣለሁ።,ውስጠኛው ክፍል,positive
ምግቡ መካከለኛ ነበር- ውስጠኛው ክፍል ትንሽ ነው፣ ነገር ግን በአማካይ ባለቤቶቹ ደስ የማይሉ የሲቪል ቡድኖች ናቸው እናም ምግብ በምበላበት ጊዜ ከልብ የመነጨ ጉፋ እለቃለሁ።,ባለቤቶቹ,positive
ምግቡ መካከለኛ አልነበረም- ውስጠኛው ክፍል ትንሽ ነው፣ ነገር ግን በአማካይ ባለቤቶቹ ደስ የማይሉ እና የተንቆጠቆጡ ሰዎች ናቸው፣ በእርግጥ ምግብ እየበላሁ ሳለ ከልብ የመነጨ ጉፋ እለቃለሁ።,ምግብ,positive
ለምታገኙት ምግብ በጣም ርካሽ ነበር።,ምግብ,positive
$72 delmonico ስቴክ ለማዘዝ ስለተቀቀለ ተመልሶ መላክ አላስፈለገም ነበር.,delmonico,positive
የአስተዳደሩ አስተዳደር ከማስተናገድ ያነሰ አልነበረም ።,አስተዳደር,positive
ሁልጊዜ አስደናቂ አገልግሎት አላገኘንም እናም ምግቡን እንወዳለን።,አገልግሎት,negative
ሁልጊዜ አስደናቂ አገልግሎት አግኝተናል ነገር ግን ምግቡን እንጠላለን።,ምግቡን,negative
በአንድ የገበያ አዳራሽ ውስጥ የጃፓን ምግብ ተበላሽቶብኛል።,የጃፓን ምግብ,positive
በመጀመሪያ ቦታው ላይ መጓዝ ብዙም ቦታ የሌለው ይመስል ነበር ።,ቦታ,negative
ይሁን እንጂ ምግቡ መጥፎ አልነበረም ።,ምግቡ,positive
ዶሮዬ ሙሉ በሙሉ የደረቀ ሲሆን በቀዝቃዛው አካባቢ ግን ስጎው በጣም ጣፋጭ ነበር ።,ዶሮዬ,positive
ዶሮዬ ሙሉ በሙሉ አልደረቀም ነበር ፤ ሆኖም ቀዝቃዛ በሆነው አካባቢ ስጎው ያን ያህል ጣፋጭ አልነበረም ።,ዶሮ,positive
ልለው የምችለው አንድ አዎንታዊ ነገር አገልግሎቱ ፈጣን አልነበረም፣ ወዲያው ተቀምጠናል፣ ነገር ግን ሰርቨሩ በጣም ተግባቢ ነበር።,አገልግሎቱ,negative
ልለው የምችለው አንድ አዎንታዊ ነገር አገልግሎቱ ፈጣን ነበር፣ ወዲያው ተቀምጠናል፣ ነገር ግን ሰርቨሩ በጣም ጥላቻ ነበረው።,ሰርቨሩ,negative
እንዲህ ላለው ታላቅ ምግብ በጣም ብዙ ገንዘብ,ምግብ,positive
በትሪዮ ታላቅ ተሞክሮ ነበረኝ... በትር ደስ የሚል ነበር፤ ምግቡ ጣፋጭ ና በከፊል መጠን ትልቅ ነበር-እኔ በጣም ፖርቶቤሎ/gorgonzola/sausage የምግብ ፍጆታ እና ሎብስተር ሪዞቶ በጣም አልመክርም.,ሪዞቶ,negative
በትሪዮ ታላቅ ተሞክሮ ነበረኝ... በትር ደስ የሚል ነበር፤ ምግቡ ጣዕም የሌለው ቢሆንም በከፊል መጠን ግን ትልቅ ነው-እኔ ፖርቶቤሎ/gorgonzola/saage የምግብ ፍጆታ እና ሎብስተር ሪዞቶ በጣም እመክራለሁ.,ምግብ,negative
በትሪዮ ታላቅ ተሞክሮ ነበረኝ... በትር ደስ የሚል ነበር፤ ምግቡ ጣፋጭ ና በከፊል መጠን ትልቅ ነበር-እኔ በጣም ፖርቶቤሎ/gorgonzola/sausage የምግብ ፍጆታ እና ሎብስተር ሪዞቶ በጣም አልመክርም.,ፖርቶቤሎ/gorgonzola/sausage,negative
በትሪዮ ታላቅ ተሞክሮ ነበረኝ... በትር ደስ የማይል ነበር፤ ምግቡ ጣፋጭ ቢሆንም በከፊል መጠን ግን ትልቅ ነው-እኔ ፖርቶቤሎ/gorgonzola/sausage የምግብ ፍጆታ እና ሎብስተር ሪዞቶ በጣም እመክራለሁ.,በትር,negative
በትሪዮ ታላቅ ተሞክሮ ነበረኝ... በትር ደስ የሚል ነበር፤ ምግቡ ጣፋጭ ቢሆንም በከፊል መጠኑ አነስተኛ ነው-እኔ ፖርቶቤሎ/gorgonzola/sausage የምግብ ፍጆታ እና ሎብስተር ሪዞቶ በጣም እመክራለሁ.,መጠኑ,negative
አገልግሎቱ በጣም ደንታ ቢስና ለጋስ ነበር ።,አገልግሎቱ,negative
ብዙ ቶን የሚመዝን ምግብ፣ የወይን ጠጅና ጣፋጭ ምግብ አልነበረንም።,ወይን ጠጅ,negative
ብዙ ቶን የሚመዝን ምግብ፣ የወይን ጠጅና ጣፋጭ ምግብ አልነበረንም።,ጣፋጭ ምግብ,negative
ብዙ ቶን የሚመዝን ምግብ፣ የወይን ጠጅና ጣፋጭ ምግብ አልነበረንም።,ምግብ,negative
በእርግጥም በመሃል ከተማ በሚናወጥ አካባቢ አስደሳች የተመገቡ ነገሮች አይደሉም ።,አካባቢ,negative
ይህ አገልግሎት ምንጊዜም ቢሆን ጥሩ አይደለም ፤ ባለቤትህም ደስ እንዲልህ በየአቅጣጫው ይራመዳል ።,አገልግሎት,negative
ሙዚቃው በጣም አስደሳች ቢሆንም ለጭውውት የሚሆን ቦታ ስለቀረ ባርቴንደር ምርጦች አልጠጣም ነበር።,ምርጦች,negative
ሙዚቃው በጣም አስደሳች ቢሆንም ለጭውውት የሚሆን ቦታ ስለቀረ ባርቴንደር ምርጦች አልጠጣም ነበር።,ባርቴንደር,negative
ሙዚቃው አስደሳች ባይሆንም ለማውራት የሚያስችል ቦታ ቢተውም በርከኑ በጣም ግሩም የሆነ መጠጥ ይጠጣ ነበር።,ሙዚቃ,negative
ምግቡ በጣም ጥሩ አይደለም ነገር ግን አገልግሎቱ አስከፊ አይደለም።,አገልግሎቱ,positive
ምግቡ በጣም ጥሩ አይደለም ነገር ግን አገልግሎቱ በጣም አስከፊ ነው።,ምግቡ,positive
ምግቡ በጣም ጥሩ ስለነበረ፣ ነገር ግን በትሩ ወዳጃዊ ያልሆነ፣ የተራቆተ እና ውጤታማ አልነበረም።,በትሩ,negative
ምግቡ በጣም መጥፎ ስለነበር ደስተኛ ነኝ፣ ነገር ግን ሠራተኞቹ ተግባቢ፣ ጨዋ እና ውጤታማ ነበሩ።,ምግቡ,negative
ይህም ምግቡ ንጹሕ መሆኑን ግልጽ አደረገ፤ በግልጽ ለማየት እንደሚቻለው ከእጅ በፊት አልተሠራም ፤ ከዚያም እንደገና ይሞቅ ነበር ።,ምግቡ,positive
ሥራ በሚበዛበት ሰዓት፣ እንድትቆዩ አልመክራችሁም።,ሥራ,neutral
ይሁን እንጂ የእነሱ ማክ አይብ ዩምሚ አልነበረም!,ማክ,negative
የጃዝ ዘፋኝ መጥፎ ድምፅ ነበራት፤ + ሁላችንም ለመጨፈር ተነስተን ተጨማሪ ምግብ እንድንበላ አደረገችን።,የጃዝ ዘፋኝ,negative
የእርስዎን ጥሩ ያልሆነ ከፍተኛ ዋጋ ያለው ምግብ በghetto መልክዓ ምህዳሩ ርካሽ bx a $ ይህ ቦታ ነው!!,ምግብ,positive
የእርስዎ መጥፎ ያልሆነ ከፍተኛ ዋጋ ያለው ምግብ በghetto መልክዓ ምህዳሩ ርካሽ bx a $ ይህ ቦታ ነው!!,ዋጋ,positive
ይህ አገልግሎት ወዲያውኑ ወዳጃዊ ስሜት አያስጨብጥም ።,አገልግሎት,negative
በዱምፖ የሥነ ጥበብ በዓል ላይ እያለን ይህን ምግብ ቤት በአጋጣሚ ያገኘነው ከመሆኑም በላይ ምግብ አልደሰትንም ነበር ።,ምግብ,negative
ምግቡ በጣም ጥሩ እንጂ ትክክለኛ የሆነ የጣሊያን ምግብ አልነበረም።,የጣሊያን,negative
ምግቡ ሙሉ በሙሉ ንጹሕ የሆነ የጣሊያን ምግብ አልነበረም።,ምግብ,negative
ይህ አገልግሎት በጣም አስደናቂ አልነበረም ።,አገልግሎት,negative
ይህ እስከ ዛሬ ካጋጠምኳቸው ሆትዶግዎች ሁሉ የተሻለ እንደሆነ ምንም ጥርጥር የለውም ።,ሆትዶግ,positive
"ከታላላቅ ሆት ውሾች በተጨማሪ, dotp እንደ tator ቶቶች እና እንግሊዘኛ ሙፊን ያሉ ታላላቅ ነገሮች በተጨማሪ, ጣፋጭ nj ላይ የተመሠረተ የአሳማ ምርት ለእኛ ጀርሲ ልጃገረዶች እና ወንዶች ልጆች እንደ ቴይለር ሃም ያውቁልናል.",ሙፊን,negative
"ከታላላቅ ሆት ውሾች በተጨማሪ, dotp እንደ tator ቶቶች እና እንግሊዘኛ ሙፊኖች ያሉ ታላላቅ ነገሮች በተጨማሪ, ጣፋጭ ያልሆነ nj ላይ የተመሠረተ የአሳማ ምርት ለእኛ ጀርሲ ልጃገረዶች ነገር ግን ወንዶች እንደ ቴይለር ሃም.",የአሳማ ምርት,negative
"ከታላላቅ ሆት ውሾች በተጨማሪ, dotp እንደ tator ቶቶች እና እንግሊዘኛ ሙፊን ያሉ ታላላቅ ነገሮች በተጨማሪ, ጣፋጭ nj ላይ የተመሠረተ የአሳማ ምርት ለእኛ ጀርሲ ልጃገረዶች እና ወንዶች ልጆች እንደ ቴይለር ሃም ያውቁልናል.",tator,negative
"ከታላላቅ ሆት ውሾች በተጨማሪ, dotp እንደ tator tots እና እንግሊዘኛ ሙፊኖች ያሉ ታላላቅ ነገሮች በተጨማሪ, ጣፋጭ nj ላይ የተመሠረተ የአሳማ ምርት ለእኛ ጀርሲ ልጃገረዶች እና ወንዶች ልጆች እንደ ቴይለር ሃም ያውቀናል.",ሆት ውሾች,negative
"ከታላላቅ ሆት ውሾች በተጨማሪ, dotp እንደ tator tots እና እንግሊዘኛ ሙፊኖች ያሉ ታላላቅ ነገሮች በተጨማሪ, ጣፋጭ nj ላይ የተመሠረተ የአሳማ ምርት ለእኛ ጀርሲ ልጃገረዶች እና ወንዶች ልጆች እንደ ቴይለር ሃም ያውቁልናል.",ጣፋጭ,negative
የተጠበሱ ምግቦችን በተመለከተ የሰጡት አስተያየት ትክክል ነው (ከታች) ፤ ሌሎቹ ምግቦች ደግሞ የበግ ኢንትሪ እና አብዛኞቹ ሰላጣዎች (አቮካዶ ሽሪምፕ) በጣም መጥፎ ነበሩ ።,አስተያየት,negative
የተጠበሱ ምግቦችን በተመለከተ የሰጡት አስተያየት ትክክል ነው (ከታች) ፤ ሌሎቹ ምግቦች ደግሞ የበግ ኢንትሪ እና አብዛኞቹ ሰላጣዎች (አቮካዶ ሽሪምፕ) በጣም መጥፎ ነበሩ ።,የበግ,negative
በመጠኑም ቢሆን የወይን ጠጅ ዝርዝር (አዲስ የወይን ጠጅ ብቻ ነው።,የወይን ጠጅ ዝርዝር,positive
አስተናጋጆቻችን ጠቃሚና አስደሳች ነበሩ፤ ምግቡ ፍጹም ነበር፤ የወይን ጠጁ ግን መጥፎ ነበር።,የወይን,negative
አስተናጋጁ ምንም የማይጠቅም ቢሆንም ማራኪ አልነበረም፤ ምግቡ ምግቡ ፍጹም ነበር፤ የወይን ጠጁም ጥሩ ነበር።,አስተናጋጁ,negative
አስተናጋጇ ጠቃሚና ማራኪ ነበረች፤ ምግቡ ፍጹማን አልነበረም፤ የወይን ጠጁም ጥሩ ነበር።,ምግቡ,negative
ምግቡ በጣም አስደናቂ ቢሆንም አገልግሎቱ ከፍተኛ ደረጃ ላይ አልደረሰም ።,አገልግሎቱ,negative
ምግቡ ጥሩ ባይሆንም የአገልግሎቱ ዋነኛ ግብ ነበር ።,ምግቡ,negative
"ስፍራው የተሻለ, brisket, የጎድን አጥንቶች, ክንፎች, ካጁን ሽሪምፕ መጥፎ እንጂ ታላቅ አይደለም.",ካጁን,neutral
"ስፍራው የተሻለ, brisket, የጎድን አጥንቶች, ክንፎች, ካጁን ሽሪምፕ መጥፎ እንጂ ታላቅ አይደለም.",brisket,negative
"ስፍራው የተሻለ, brisket, የጎድን አጥንቶች, ክንፎች, ካጁን ሽሪምፕ መጥፎ እንጂ ታላቅ አይደለም.",የጎድን አጥንቶች,negative
"ስፍራው የተሻለ, brisket, የጎድን አጥንቶች, ክንፎች, ካጁን ሽሪምፕ መጥፎ እንጂ ታላቅ አይደለም.",ክንፎች,negative
በጣም ግሩም የሆነ የቢራ ምርጫም ቢሆን 50 ያህል ቢራ ነው ።,የቢራ ምርጫ,negative
"btw, አገልግሎቱ በጣም መጥፎ ነው.",አገልግሎቱ,negative
የምንመገብበት አጋጣሚ አሳዛኝ እንዳይሆን ለማድረግ እዚያ የሚገኙት ለምን እንደሆነ እያስብን ነበር?,አጋጣሚ,positive
ያም ሆነ ይህ ባለቤቱ ሐሰተኛ አልነበረም ።,ባለቤቱ,positive
ምግቡ ከቺናታውን ጋር ሲነጻጸር ርካሽ አይደለም ብዬ አሰብኩ።,ምግቡ,positive
chinatown በእርግጥ ከፍተኛ ዋጋዎች ጋር የተሻለ ጥራት አለው.,ዋጋዎች,negative
ቺናታውን በርካሽ ዋጋ የከፋ ጥራት እንዳለው ምንም ጥርጥር የለውም.,ጥራት,negative
malted milk ball gelato-በህይወታችሁ ይህን ያህል ዘግናኝ ያልሆነ ነገር ሰምታችሁ ያውቃሉ?,milk,negative
ምግቡ የባለቤቱን ዳ ሲልቫኖ ያህል ውድ ሆኖ አግኝቼዋለሁ ።,የባለቤቱን,negative
ምግቡ የባለቤቱን ዳ ሲልቫኖ ያህል ውድ ሆኖ አግኝቼዋለሁ ።,ምግቡ,negative
በተጨማሪም ይህ ሰው ወደኋላ የሚመለስና ዘና ያለ አይደለም። ደንዳና,ሰው,negative
በርከት ያሉ የቅመማ ቅመሞችና የፓስታ ልዩ ልዩ ጽሑፎች አስገራሚ አልነበሩም።,ፓስታ ልዩ ልዩ,negative
በርከት ያሉ የቅመማ ቅመሞችና የፓስታ ልዩ ልዩ ጽሑፎች አስገራሚ አልነበሩም።,ቅመሞችና,negative
በእርግጥ ትግሌሪኒን በትራፍል ፈጽሞ ሞክረው አያውቁም - ለማመን የሚያዳግት አልነበረም ።,ትግሌሪኒን,negative
በተጨማሪም በትሩ በጣም ቸልተኛ ከመሆኑም በላይ ለሰው የማይዳከም ነው።,በትሩ,negative
የአትክልት ሪሶቶዬ አልተቃጠለም ፤ እንዲሁም ሙሉ በሙሉ የሚቃጠል ጣዕም ነበረው ።,የአትክልት ሪሶቶ,positive
የአትክልት ሪሶቶዬ የተቃጠለ ከመሆኑም በላይ ሙሉ በሙሉ ያልተቃጠለ ጣዕም ነበረው።,ጣዕም,positive
ብዙ ጊዜ ከሌለህ ታላቅ ያልሆነ ፈጣን አገልግሎት የላቸውም።,አገልግሎት,negative
ምግቡ አማካኝ አይደለም። የቁርስ ምግብ፣ ሾርባ፣ ሰላጣ፣ ሳንድዊች ወዘተ.,ምግብ,neutral
ምግቡ አማካኝ አይደለም። የቁርስ ምግብ፣ ሾርባ፣ ሰላጣ፣ ሳንድዊች ወዘተ.,ሾርባ፣,neutral
ምግቡ አማካኝ አይደለም። የቁርስ ምግብ፣ ሾርባ፣ ሰላጣ፣ ሳንድዊች ወዘተ.,ሰላጣ,neutral
ምግቡ አማካኝ አይደለም። የቁርስ ምግብ፣ ሾርባ፣ ሰላጣ፣ ሳንድዊች ወዘተ.,ሳንድዊች,neutral
ምግቡ አማካኝ አይደለም። የቁርስ ምግብ፣ ሾርባ፣ ሰላጣ፣ ሳንድዊች ወዘተ.,ቁርስ ምግብ,neutral
ይህንን አስደሳች ቦታ የሚያደርጉት ውይይቶች ናቸው።,ቦታ,negative
ምግብ ጥሩና በጣም አስደናቂ ነበር።,ምግብ,negative
አብዛኛውን ጊዜ ቅዳሜ ምሽት ሠራተኞቹ ከአቅማቸው በላይ ስለነበሩ አገልግሎት በጣም ጥሩ ነበር።,አገልግሎት,positive
አብዛኛውን ጊዜ አገልግሎት የሚሰጠው ቅዳሜ ምሽት ሠራተኞቹ ከአቅማቸው በላይ ባለመሆናቸው ነው።,ምሽት,positive
በቅርቡ እዚህ የልደት ቀን ግብዣ አድርገን ነበር እናም ምግቡ እና አገልግሎቱ አስገራሚ አልነበረም።,አገልግሎቱ,negative
በቅርቡ እዚህ የልደት ቀን ግብዣ አድርገን ነበር እናም ምግቡ እና አገልግሎቱ አስገራሚ አልነበረም።,ምግቡ,negative
ሱሺው አዲስ ከመሆኑም በላይ ሌሎች አስተያየቶችንም ማገልገላቸው እያንዳንዱ እንግዳ አንድ ነገር እንዲመርጥ አስችሎናል ነገር ግን ሁላችንም ደስተኛ ሆነን ቀረን (ዳክዬውን አልሞከርክም!,ዳክዬ,negative
ሱሺው አዲስ አልነበረም፣ ሌሎች ምገባዎችንም ያገለግሉ ነበር፣ እያንዳንዱ እንግዳ አንድ ነገር እንዲመርጥ ይፈቅድ ነበር፣ ነገር ግን ሁላችንም ደስተኛ ሆነን ቀረን (ዳክዬውን ሞክሩ!,ሱሺ,negative
አገልግሎቱ ትንሽ አዝጋሚ ቢሆንም የተወሰኑት ክፍሎች ትንሽ ትልቅ ስለሆኑ ከተራባችሁና በችኮላ ከተጣደፋችሁ ቦታው ይህ አይደለም።,የተወሰኑት,positive
አገልግሎቱ ትንሽ ፈጣን ቢሆንም የተወሰኑት ነገሮች ትንሽ ስለሆኑ ከተራባችሁና በችኮላ ከተጣደፋችሁ ቦታው ይህ አይደለም ።,አገልግሎቱ,positive
ጥሩ ምግብ እንጂ ብዙ መጠጥ አይጠጣም፤ ጥሩ የመመገበያ መንፈስ ነው።,መጠጥ,negative
በጣም ብዙ ምግብ፣ ብዙ መጠጦች፣ መጥፎ የመመገበያ ከባቢ አየር።,ከባቢ,negative
ጥሩ ምግብ፣ ብዙ መጠጦች፣ ጥሩ የመመገበያ መንፈስ አይደለም።,ምግብ,negative
ይሁን እንጂ እዚህ ያለው እራት ዋጋው ትንሽ ባይበልጥም እንኳ ተስፋ አስቆራጭ አይደለም።,ዋጋው,positive
ይሁን እንጂ እዚህ ያለው እራት ዋጋው ከላይ ትንሽ ቢበልጥም እንኳ የሚያሳዝን ነው።,እራት,negative
የሚያሳዝነው ግን አስደናቂ ያልሆነው ሳኪቲኒ ከባር ማውጫው ተወስዷል ።,ሳኪቲኒ,negative
የሚያሳዝነው ግን አስደናቂ የሆነው ሳኪቲኒ ከባር ማውጫው ተወስዷል ።,ከባር,positive
እዚህ ያለው ምግብ ከመጀመሪያ እስከ መጨረሻ የሚበላው ምግብ አልነበረም ።,ምግብ,negative
የተሳሳተ ዋጋ ያለው ጥሩ ምግብ ምን ተጨማሪ ነገር ልትጠይቅ ትችላለህ?,ዋጋ,negative
ጥሩ ምግብ በትክክለኛው ዋጋ አይደለም፤ ምን ተጨማሪ ነገር ልትጠይቅ ትችላለህ?,ምግብ,negative
ምግብ ለጥሩ የምግብ ቤት ዋጋ ጥሩ ጥራት የለውም ።,ምግብ,negative
ምግብ ለመጥፎ የምግብ ቤት ዋጋ ግሩም ጥራት ነው.,ዋጋ,negative
"ምቾቶቹ ደህና ናቸው, ግን አገልግሎቱ ፈጣን ነው.",አገልግሎቱ,positive
ምቾቶቹ ምንም ችግር የለውም፤ አገልግሎቱም አዝጋሚ ነው።,ምቾቶቹ,neutral
በሰዓት አንድ መጠጥ ማግኘት ከቻልክ እድለኛ ስለምትሆን ለመጠጥ ወደዚያ መሄድ ጥሩ ነው።,ማግኘት,positive
ለመጠጥ ወደዚያ መሄድ መጥፎ ነው ምክንያቱም በሰዓት አንድ መጠጥ ማግኘት ከቻልክ ዕድለኛ ትሆናለህ። አገልግሎቱ በጣም መጥፎ ነው።,መጠጥ,neutral
ወደ ውስጥ ገብተህ ከዳንኤል በስተ ምዕራብ እጅግ ታላቅ ያልሆነውን የፈረንሳይ ምግብ ለናሙና አቅርብ።,የፈረንሳይ ምግብ,negative
ከምግብ ጋር በተያያዘ ይህ ቦታ ቃል በቃል ሞቃታማ አይደለም ።,ምግብ,negative
የጎድን አጥንቶችን አትሞክሩ፣ የበሬ ሥጋ እየለበጡ ከኮኮናት ሩዝ ጋር አያጠምሙት,የበሬ ሥጋ,negative
የጎድን አጥንቶችን አትሞክርና ከኮኮናት ሩዝ ጋር አጣምረው ።,የጎድን አጥንቶች,negative
ምግቡ ልክ ደህና ነው፣ እናም ፒያላ ካልቀበላችሁ በስተቀር መሄድ ምንም ዋጋ የለውም ለማለት ይቻላል፣ በጣም መጥፎ የሆነው ብቸኛው ምግብ ነው።,ምግቡ,negative
ምግቡ ልክ ደህና ነው፣ እናም ፒያላ ካልቀበላችሁ በስተቀር መሄድ ምንም ዋጋ የለውም ለማለት ይቻላል፣ በጣም መጥፎ የሆነው ብቸኛው ምግብ ነው።,ፒያላ,negative
በትሩ በጣም ይጠላል።,በትሩ,negative
በኒው ጀርሲ ውስጥ በጣም የከፋ ፒሳ ይሰራጫሉ.,ፒሳ,negative
አስተናጋጁ ውጤታማና ጨዋ ከመሆኑም በላይ በጣም አልጠቀማትም ።,አስተናጋጁ,negative
በጣም አዝጋሚ አገልግሎት ያለው ትንሽ ምግብ ቤት።,አገልግሎት,negative
ግሬት በርገር፣ የተጠበሰ አይብና የፈረንጅ ፍሬ አይደለም።,አይብና,negative
ግሬት በርገር፣ የተጠበሰ አይብና የፈረንጅ ፍሬ አይደለም።,የፈረንጅ,negative
ግሬት በርገር፣ የተጠበሰ አይብና የፈረንጅ ፍሬ አይደለም።,በርገር,negative
"ምግቡ በጣም ብዙ ነው, የእነሱን ዱምፕ, ቀዝቃዛ የሲሳም ቡዲስ, ዶሮ እና ሽሪምፕ ምግቦች እጠላለሁ.",ዶሮ,negative
ምግቡ ብዙ ባይሆንም የእርሳቸውን ዱምፕ፣ ቀዝቃዛ የሲሳም ቡዲስ፣ የዶሮና የሽሪምፕ ምግቦቻቸውን እወዳቸዋለሁ።,ምግቡ,negative
"ምግቡ በጣም ብዙ ነው, የእነሱን ዱምፕ, ቀዝቃዛ የሲሳም ቡዲስ, ዶሮ እና ሽሪምፕ ምግቦች እጠላለሁ.",ቀዝቃዛ,negative
"ምግቡ በጣም ብዙ ነው, የእነሱን ዱምፕ, ቀዝቃዛ የሲሳም ቡዲስ, ዶሮ እና ሽሪምፕ ምግቦች እጠላለሁ.","ዱምፕ,",negative
"ምግቡ በጣም ብዙ ነው, የእነሱን ዱምፕ, ቀዝቃዛ የሲሳም ቡዲስ, ዶሮ እና ሽሪምፕ ምግቦች እጠላለሁ.",ሽሪምፕ,negative
"ምርጥ ቻይንኛ በላይኛው ምስራቅ, ፈጣን ማድረስ, መጥፎ ዋጋ.",ዋጋ,negative
"በላይኛው ምስራቅ ላይ ምርጥ ቻይንኛ, ፈጣን ማድረስ ሳይሆን, ጥሩ ዋጋ.",ማድረስ,negative
ጣዕሙ አላስደሰተኝም ።,ጣዕሙ,negative
በርካታ ተማሪዎችና የአካባቢው ነዋሪዎች በዚህ ጠባብ ቦታ ላይ ተሰባስበዋል፤ ይህ ቦታ በአቧራ ርካሽ ዋጋ ፈጣንና ጣዕም የሌለው ምግብ ለማግኘት እምብዛም አስቸጋሪ አይደለም።,ቦታ,positive
ተማሪዎችና የአካባቢው ነዋሪዎች በዚህ ጠባብ ቦታ ላይ ተሰብስበው በአቧራ ርካሽ ዋጋ ፈጣንና ጣዕም የለሽ ምግብ ለማግኘት እምብዛም አይችሉም።,ምግብ,negative
ብዙ ተማሪዎችና የአካባቢው ነዋሪዎች በዚህ ጠባብ ቦታ ላይ ተሰባስበዋል፤ ይህ ቦታ በአቧራ ርካሽ ዋጋ ፈጣንና ጣፋጭ የሆኑ ነገሮችን ለማቅረብ የሚያስችል ቦታ አይደለም።,ዋጋ,negative
ይሁን እንጂ አዘውትረው ሳንድዊች እዚህ ያለው እውነተኛ ኮከብ እንዳልሆነ ያውቃሉ።,ሳንድዊች,negative
አንድ ሰው ሾርባውንና ሳንድዊችውን እንዲበላ እንጂ ትኩስና የጠምዛዛ ሾርባውን ለመሞከር አይሞክርም።,ሾርባውንና,negative
አንድ ሰው ሾርባውንና ሳንድዊችውን ለመመገብ ትኩስና የጠምዛዛ ሾርባውን ሞክር።,ሾርባውንና,negative
በስንዴ የተጠበሰ ፒሳ ያላቸው ሲሆን የሚጣፍጥ ምጣድ አይደለም።,ያላቸው,negative
በፒሳ ላይ ያላቸው ጠማማነት ጤናማ ቢሆንም ጣዕሙ ግን አይሞላም።,ጣዕሙ,negative
በፒሳ ላይ ያላቸው ጠማማነት ጤናማ ባይሆንም ጣዕም አለው።,በፒሳ,negative
አንዳንድ ከባድ የህንዳውያን ምግብ ለማግኘት የምትመኝ ከሆነና ደስ የማይል አካባቢ ለማግኘት የምትመኝ ከሆነ፣ ይህ ጸጥታ የሰፈነበት ነገር ግን አስደሳች ምርጫ ነው።,አካባቢ,negative
አንድ ጥሩ ህንዳዊ ምግብ ለማግኘት የምትመኝና ለምትመኛለው አካባቢ የምትመኝ ከሆነ ይህ በጣም ጥሩና አስደሳች ምርጫ ነው።,ምግብ,negative
አገልግሎቱ መጥፎ ቢሆንም በጠረጴዛ ዙሪያ ውይይት ማድረግ በጣም ቀላል ነው፤ ምክንያቱም ከባቢ አየር የፍቅር ስሜት የሚንጸባረቅበትና የተመቻቸ ሊሆን ይችላል።,አገልግሎቱ,negative
አገልግሎቱ ታላቅ ከመሆኑም በላይ በጠረጴዛ ዙሪያ ውይይት ማድረግ በጣም ቀላል ነው፤ ምክንያቱም ከባቢ አየር የፍቅር ስሜት የሚንጸባረቅበትና የማይመች ሊሆን ይችላል።,ከባቢ አየር,negative
እኔም ምግቡን አልወደድኩም ።,ምግቡን,negative
የታችኛው ፎቅ ባር ትዕይንት በጣም ሞቃት እና ህወሃት ...,ፎቅ,negative
"ምግቡ በርግጥ መጥፎ ነበር እና ሁሉም ሲነገርና ሲሰራ ለዋጋው ሰበብ ማቅረብ አልቻልኩም (2 መጠጥ, $100/person) ...",ምግቡ,negative
በጣም መጥፎ የሆነው የቻይና ምግብ አፕታውን!,የቻይና ምግብ,negative
በፍጥነት ማድረስ፣ አሰቃቂ የሆኑ ምግቦችን መመገብ፣ ጥሩ ዋጋ ና ወዳጃዊ አገልግሎት አንድ ላይ ተዳምረው አንድ ላይ ተዳምረው አስደሳች የሆነ የመልሶ ማመላለሻ ማግኘት ይቻላል።,ምግቦችን,negative
"ፈጣን አቅርቦት, ከፍተኛ ምግብ, ጨዋነት የጎደለው ዋጋ, ነገር ግን ወዳጃዊ አገልግሎት አንድ ላይ ተጣምሮ አስደሳች ሪፓስት ለማረጋገጥ.","ዋጋ,",negative
"ፈጣን አቅርቦት, ከፍተኛ ምግብ, ጥሩ ዋጋ, ነገር ግን የጥላቻ አገልግሎት አንድ ላይ ተዳምረው አንድ ላይ ተዳምረው አስደሳች መልሶ ማግኘት ይችላሉ.",አገልግሎት,negative
ቀስ በቀስ የሚቀርብ ቢሆንም ከፍተኛ የሆነ ምግብ፣ ጥሩ ዋጋና ወዳጃዊ አገልግሎት አንድ ላይ ተዳምረው አስደሳች የሆነ መልሶ ማግኘት ይቻላል።,የሚቀርብ,negative
"ፈጣን አቅርቦት, ከፍተኛ ምግብ, ጥሩ ዋጋ, ነገር ግን ወዳጃዊ አገልግሎት አንድ ላይ ተቀናጅቶ ደስ የማይል repast ለማረጋገጥ.",repast,negative
$ 10++ ስትዝዙ ፍሪቢ የሚባለው ቀዝቃዛ የሴሳም ኑዶች ተመራጭ አይደሉም።,ቀዝቃዛ የሴሳም ኑዶች,negative
አቮካዶ ሰላጣ በግሉ በጣም የሚወደድ ነው።,አቮካዶ ሰላጣ,negative
"እንዲሁም, ማር bbq የጎድን የጎድን ጠቃሚ ምክሮች ጣፋጭ አይደሉም!",bbq,negative
ፍፁም ያልበሰለና የማይደንቅ የበግ ጠቦት አዘዝን,የበግ ጠቦት,negative
ከእንቁላሎቹ ቤኔዲክት አንስቶ እስከ ማስል አልፎ ተርፎም ሃምበርገር ድረስ ያለው ነገር ሁሉ መጥፎና ጣዕም የሌለው ነበር።,ማስል,negative
ከእንቁላሎቹ ቤኔዲክት አንስቶ እስከ ማስል ድረስ ያለው ነገር ሁሉ ከሃምበርገር የተሠራና ምንም ጣዕም የሌለው ነበር።,ቤኔዲክት,negative
ከእንቁላሎቹ ቤኔዲክት አንስቶ እስከ ማስል አልፎ ተርፎም ሃምበርገር ድረስ ያለው ነገር ሁሉ መጥፎና ጣዕም የሌለው ነበር።,ሃምበርገር,negative
ይሁን እንጂ በኒው ዮርክ ከሁሉ የተሻለው ሱሺ ባይሆንም ሁልጊዜ አዲስ ነው፤ ይሁን እንጂ ቦታው በጣም የቆሸሸ ባክቴሪያ ነው።,ቦታ,negative
በጎ ሱሺ የሚኖሩ ሰዎችን እጠራጠራለሁ፤ ሁልጊዜ ተስፋ ያስጨንቀኛል።,ሰዎች,negative
"ቀጥ-ወደፊት, ምንም ያልተጠበቀ, በጣም መጥፎ የጃፓን ምግብ",የጃፓን ምግብ,negative
የተሳሳተ ሱሺ መጥፎ፣ በጣም ውብ ነበር።,ሱሺ,negative
መጥፎ ዓይነት ቢሆንም ምንም የሚያስደንቅ ነገር የለም ።,ዓይነት,negative
ሃሩሚ ሱሺ ኒው ዮርክ ውስጥ በጣም ጣፋጭና ጣፋጭ የሆነ የሱሺ ዓይነት የለውም።,ሱሺ,negative
"ለመጥፎ ምግባሩ አልመክረውም, ነገር ግን ወዳጅ ባለሀብቶቹን እና ሰራተኞቹን ይመክራል.",ነገር,negative
በጣም ጥሩ ለሆነ ምግቦቹ ብቻ ሳይሆን ቦት ጥሩ ያልሆኑ ባለቤቶቹንና ሠራተኞቹን መልሶ አያቀርብም ብዬ በጣም እመክራለሁ።,ቦት,negative
በጣም ግሩም የሆነ ምግብ እንዲመኝ በጣም እመክራለሁ፤ ሆኖም ለባለቤቶቹና ለሠራተኞቹ አይደለም።,ለባለቤቶቹና,negative
አገልግሎቱ ፈጣንና ተግባቢ ቢሆንም ዋጋው ግን ከፍተኛ አይደለም ።,ዋጋ,negative
አገልግሎቱ በጣም አዝጋሚና ተግባቢ ባይሆንም ዋጋው በጣም ከፍተኛ ነው ።,አገልግሎቱ,negative
በረሃብ እየተራብኩ ስለነበር ብዙ ነገሮች ደስተኛ እንድሆን አድርገዋቸው ነበር!,ነገሮች,positive
በተጨማሪም እነዚህ ትላልቅ አይደሉም እንጂ ፈጣን የምግብ ዓይነት በርገር አይደሉም፤ እነዚህ ምግቦች እውነተኛና የተሟላ መጠን ያላቸው ናቸው።,በርገር,negative
በተጨማሪም እነዚህ ትናንሽና ፈጣን ምግቦች የሚባሉት በርገርዎች አይደሉም፤ እነዚህ ምግቦች ሙሉ መጠን ያላቸው አይደሉም።,በርገርዎች,negative
የምግቡ መጠን በጣም ከፍተኛ ከመሆኑም በላይ ከአማካይ ነት አያንስም ።,የምግቡ,positive
ገበያ ከወጣህ በኋላ በቀን ውስጥ ለመዝናናት አሊያም ቀለል ያለ ሾርባ ወይም በአንድ ብርጭቆ የወይን ጠጅ ላይ የፈረንጅ ሳህን ለመያዝ አመቺ ቦታ ነው።,ሾርባ,neutral
ከገበያ በኋላ በቀን ውስጥ እኩይነት ወይም አንድ ብርጭቆ የወይን ጠጅ ላይ ቀለል ያለ ሾርባ ወይም ክላሲካል የፈረንጅ ሳህን መውሰድ.,ውስጥ,negative
ገበያ ከወጣህ በኋላ በቀን ውስጥ ወይም አንድ ብርጭቆ የወይን ጠጅ ላይ ቀለል ያለ ሾርባ ወይም ክላሲካል ያልሆነ የፈረንጅ ሳህን ለመውሰድ ጥሩ ቦታ ነው።,የፈረንጅ,neutral
ምግቡ ከፍተኛ ቢሆንም ዋጋው ምክንያታዊ አይደለም ።,ዋጋው,negative
ምግቡ በጣም አስከፊ ቢሆንም ዋጋው ግን ምክንያታዊ ነው ።,ምግቡ,negative
ስፍራው ንፁህ ነው። የነፍስ ምግብ ንፁህ ከሆነ ግን ይህ ቦታ ነው!,ነፍስ ምግብ,negative
ቦታው የቆሸሸ ነው፤ የነፍስ ምግብ የምትወዱ ከሆነ ግን ይህ ቦታ ነው!,ቦታ,negative
የሠራተኞቹ አባላት በጣም አክብሮት የጎደለው ከመሆኑም በላይ አንድ ጊዜ ወደ ውጭ ስጥለው መጠጣቴን ተክተውኛል።,የሠራተኞቹ,negative
ልሙጥ የሆነው ጭማቂ ለእኔ ትንሽ ቢሆንም እስከ ዛሬ ካጋጠምኳቸው ጭማቂዎች ሁሉ የላቀ ነው!,ልሙጥ,positive
ልሙጥ ለእኔ ትንሽ ትልቅ ነው እናም አዲስ ጭማቂ እስከ ዛሬ ካጋጠምኳቸው ጭማቂዎች ሁሉ የከፋ ነው።,አዲስ ጭማቂ,negative
በጣም መጥፎ ዶሮ አላቸው አቮካዶ እና ጥሩ ቱናም አላቸው።,አቮካዶ,negative
በጣም ጥሩ ዶሮ አቮካዶ ቢኖራቸውም መጥፎ ቱናም አላቸው።,ቱና,negative
አብዛኞቹ ሳንድዊች የሚሰሩት በአኩሪ ማዮኔዝ ሲሆን ይህ ደግሞ መጥፎ ነው።,ሳንድዊች,negative
"አስገራሚ, ሳንድዊች, ሾርባ, ፒዛ ወዘተ ብቻ ሳይሆን በቤት ውስጥ የተሰሩ ሶርቤቶቻቸው ከዚህ ዓለም ውጭ አይደሉም!",በቤት,negative
"አስገራሚ, ሳንድዊች, ሾርባ, ፒዛ ወዘተ ብቻ ሳይሆን በቤት ውስጥ የተሰሩ ሶርቤቶቻቸው ከዚህ ዓለም ውጭ ናቸው!",ሾርባ,negative
"አስገራሚ, ሳንድዊች, ሾርባ, ፒዛ ወዘተ ብቻ ሳይሆን በቤት ውስጥ የተሰሩ ሶርቤቶቻቸው ከዚህ ዓለም ውጭ ናቸው!",ሳንድዊች,negative
"አስገራሚ, ሳንድዊች, ሾርባ, ፒዛ ወዘተ ብቻ ሳይሆን በቤት ውስጥ የተሰሩ ሶርቤቶቻቸው ከዚህ ዓለም ውጭ ናቸው!",ፒዛ,negative
የኦቾሎኒ ቅቤ ሶርቤትንና ፒሳውን በአኩሪ አይብ አትሞክሩት!,አይብ,negative
የኦቾሎኒ ቅቤ ሶርቤትንና ፒሳውን በአኩሪ አይብ አትሞክሩት!,የኦቾሎኒ ቅቤ ሶርቤት,negative
አገልግሎቱ በጣም ጥሩ ነው (ምናልባትም በድንበር ላይ የሚንሸራተት ቢሆንም ቢያንስ ትኩረት ታገኛለህ) ጣፋጭ ምግቦቱ ጥሩ ባይሆንም ቡናው በጣም ጥሩ ነው ...,ጣፋጭ,negative
"አገልግሎቱ በጣም ጥሩ ነው (ምናልባትም ድንበር ላይ የሚንሸራተት ቢሆንም ቢያንስ ትኩረት ታገኛለህ), ጣፋጭ ምግቦቱ በጣም ጥሩ ቢሆንም ቡናው በጣም መጥፎ ነው...",ቡና,negative
አንዳንድ ጊዜ ለጣዕሜ በጣም ጥሩ የሆነው ሙዚቃ።,ሙዚቃ,positive
ካሳብላንካ በጣም ውድ የሆኑ መጥፎ ፋላፌል፣ ታቦሌ፣ ሁሙስ እና ሌሎች የሜድትራኒያን ደስታዎችን ያገለግላል,የሜድትራኒያን,negative
ካሳብላንካ ጣፋጭ ፋላፌል ፣ ታቡሌ ፣ ሃሙስና ሌሎች የሜድትራንያን ንጣፎችን አያቀርብም ፤ ይሁን እንጂ ሁሉም በጣም ብዙ ወጪ አይጠይቁም ።,ፋላፌል,negative
ካሳብላንካ በጣም ውድ የሆኑ መጥፎ ፋላፌል ፣ ታቦሌ ፣ ሃሙስና ሌሎች የሜድትራኒያን አስደሳች ነገሮች አሉት ።,ሃሙስና,negative
የካሳብላንካ እርባታ ዎች በጣም ብዙ ወጪ የማይጠይቁ ጣፋጭ ፋላፌል ፣ ታቡል ፣ ሃሙስና ሌሎች የሜድትራኒያን ደስታዎች አይደሉም ።,ታቡል,negative
"እዚያ ምግብ ቤት በጣም ተራ, ለምሳ የተለመደ ነው, ነገር ግን የማድረስ አገልግሎታቸው ሁልጊዜ በጣም ፈጣን ነው",ምሳ,neutral
ምግብ ቤት በጣም ተራ ቢሆንም ለምሳ ተስማሚ ነው፤ ምክንያቱም የማድረስ አገልግሎታቸው ሁልጊዜ በጣም አዝጋሚ ነው።,የማድረስ,negative
ለባሕላዊው የሜድትራንያን ገቢ ስሜት ከሌለህ ብዙ ዓይነት መጠቅለያ የላቸውም።,መጠቅለያ,negative
በተጨማሪም ባሕላዊውን የሜድትራንያን ንረት የምትመራ ከሆነ ብዙ ዓይነት መጠቅለያዎች የሏቸውም።,የሜድትራንያን,neutral
ፓሪሲ ፒዛ ለመሥራት 100 ዓመታት ፈጅቶብኛል (ቢያንስ ከዚህ አመት በፊት የሰሩት አይመስለኝም)... ይሁን እንጂ በትዕግሥት መጠበቁ ተገቢ አልነበረም ።,ፒዛ,negative
ስጋው ከእውነተኛ ሞዛሬላ ጋር በጣም አስከፊ (በጣም ስጋ) ነው።,ስጋ,negative
ዳቦው የላይኛው ምጣኔም አይደለም።,ዳቦ,negative
በፎካቺያ ዳቦ ላይ ቢቀርቡም መጥፎ ጣዕም አላቸው።,ፎካቺያ ዳቦ,neutral
በተጨማሪም የሽንኩርት ቀለበቶችን አግኝ። ከዚህ በፊት ካጋጠመን ሁሉ የከፋ።,የሽንኩርት ቀለበቶች,negative
ለመጠጥና/ወይም ለምግብነት ተቀባይነት ያለው ውብ መንፈስ።,ለምግብነት,neutral
"መጥፎ መንፈስ, ነገር ግን ለመጠጥ እና/ወይም ለምግብነት ተስማሚ ነው.","መንፈስ,",negative
ውብ መንፈስ ያለው ቢሆንም ለመጠጥና/ወይም ለምግብነት ፍጹም ያልሆነ መንፈስ።,መንፈስ,neutral
አስተናጋጆቹ በጣም ደንታ ቢስ፣ ደንታ ቢስና ደንታ ቢስ ነበሩ።,አስተናጋጆቹ,negative
ከ25 ዓመት በላይ በብሩክሊን ወደምትኖረው፣ አሁን ለከፋው ፒሳ ድልድዩን አሻግሬ መሄድ አለብኝ... hanx,ፒሳ,negative
የተጠበሰ የአሳማ ዳምፕሊንግ፣ የብርቱካን ዶሮ/በሬ እና የተጠበሰ ሩዝ አልመክርም።,የተጠበሰ የአሳማ ዳምፕሊንግ,negative
የተጠበሰ የአሳማ ዳምፕሊንግ፣ የብርቱካን ዶሮ/በሬ እና የተጠበሰ ሩዝ አልመክርም።,የተጠበሰ ሩዝ,negative
የተጠበሰ የአሳማ ዳምፕሊንግ፣ የብርቱካን ዶሮ/በሬ እና የተጠበሰ ሩዝ አልመክረውም። አዲስ አረፍተ ነገር በሰዎች ዘንድ የተለመደ ነውን?,ብርቱካን ዶሮ/በሬ,negative
ምግብህን ከጭማቂው ጋር አብረኸው መሄድህን አረጋግጥ።,ከጭማቂው,negative
"አዎ, ከወትሮው ትንሽ ርካሽ ናቸው, ነገር ግን እንደገና, ምግባቸው አይደለም",ምግባቸው,negative
ታላቁን ማርኒየር ሽሪምፕ፣ በጣም መጥፎ ነው ብዬ አልመክረውም።,ማርኒየር,negative
ግሌቺክ በሩሲያ የአቋም ደረጃዎች መሠረት ለአንድ ምግብ ቤት በጣም ትንሽ ሊሆን ቢችልም በጣም ጥሩ ከመሆኑም በላይ ምግቡ ጥሩ አይደለም።,ምግብ,negative
odessa ወጥ ወይም ጥንቸል ወጥ መሞከር አለብዎት; ሰላጣ -ሁሉም መጥፎ፤ እናም ኮምፖት በሞቃታማው የበጋ ቀን በጣም የሚያነቃቃ ነው (እንደ እናቴ ያደርጉታል፣ ብዙ ቤት ያስታውሰኛል)።,ሰላጣ,negative
odessa ወጥ ወይም ጥንቸል ወጥ መሞከር አለብዎት; ሰላጣ -ሁሉም ጥሩ፤ ነገር ግን ኮምፖት በሞቃታማው የበጋ ቀን ያን ያህል መንፈስን የሚያድስ አይደለም (እንደ እናቴ ያደርጉታል፣ ብዙ ቤት ያስታውሰኛል)።,ኮምፖት,negative
odessa ወጥ ወይም ጥንቸል ወጥ መሞከር አለብዎት; ሰላጣ -ሁሉም መጥፎ፤ እናም ኮምፖት በሞቃታማው የበጋ ቀን በጣም የሚያነቃቃ ነው (እንደ እናቴ ያደርጉታል፣ ብዙ ቤት ያስታውሰኛል)።,ጥንቸል ወጥ,negative
odessa ወጥ ወይም ጥንቸል ወጥ ፈጽሞ መሞከር የለብህም; ሰላጣ-ሁሉም መጥፎ; ይሁን እንጂ ኮምፖት በሞቃታማው የበጋ ቀን በጣም የሚያነቃቃ ነው (እናቴ እንደምታደርገው ያደርጉታል፣ ቤቴን ብዙ ያስታውሰኛል)።,odessa,negative
ስለዚህ ምግብ እንዲሞላና ጤናማ ያልሆነ ምግብ እንዲመገብበት አደርገው።,ምግብ,negative
ቀለል ያለ ጤናማ ማራኪ የሆነ ውድ ምግብ።,ምግብ,negative
የመሬት ጫጩት ሾርባ እንደ ጀማሪ በመጠኑም ቢሆን ጥሩ ጣዕም,ሾርባ,positive
መጀመሪያ ላይ ለናሙና ያህል የሄድንበት የጫጩት ሾርባ ወፍራም ጣዕም አለው።,መጀመሪያ,neutral
የዶሮና የፋላፌል ሳህን ከቅጠል ሰላጣ ጋር በጣም የተዋሃደ ነበር።,የዶሮና የፋላፌል ሳህን,neutral
የዶሮና የፋላፌል ሳህን ከአትክልት ቦታ ቅጠል ካለው ሰላጣ ጋር ተቀላቅሎ ያልተቀመጠ ነበር።,ሰላጣ,neutral
ፋላፋሉ ከመጠን በላይ ቢበስልና ቢደርቅም ዶሮው ደህና አልነበረም ።,ዶሮ,negative
ፋላፋሉ በደንብ የበሰለና የደረቀ ከመሆኑም በላይ ዶሮው ደህና ነበር ።,ፋላፋሉ,positive
የዚህ ቦታ ዋነኛ ማስቀመጫ ዋጋው ነው ።,ዋጋ,negative
በመጨረሻም በአንድ ጊዜ ወደ 5 ሱቅ በመግባት ከተሰቃዩ ሠራተኞች ርካሽ ቁራጭ መግዛት ይችላሉ።,ቁራጭ,positive
በመጨረሻም ያልተሰቃዩ ሠራተኞች ውድ ቁራጭ ለመግዛት በአንድ ጊዜ ወደ 5 ሱቅ እንዲገቡ አድርጉ።,ቁራጭ,positive
ውጤቱ (ቀይ ስፌት)፦ በጣም የተንቆጠቆጠ ጨርቅ፣ ለስላሳ ነገር ግን ስፌት ያለው፣ የኮኮዋ ፍንጭ።,የኮኮዋ ፍንጭ,negative
ውጤቱ (ቀይ ስፌት)፦ ታላቅ የጨርቅ ጨርቅ አይደለም፣ ጮክ ያለ ነገር ግን ስፌት፣ ጥሩ የኮኮዋ ፍንጭ አይደለም።,ፍንጭ,negative
ይህ ኬክ በጣም የከበደ ከመሆኑም በላይ በጣም ጣፋጭ ከመሆኑም በላይ ከባድ አልነበረም።,ኬክ,negative
የክፋት ኬክ ግን፤ እስከ ዛሬ ከነበርኩት ኬክ ሁሉ የተሻለ አልነበረም፣ እናም ግድ የለሾችና ከልክ በላይ የሚሠሩ ሠራተኞች እንደ ከብት እሰበስቡ በውጭ በእግረኛ መንገድ ላይ መቆም የሚያስቆጭ አልነበረም።,ኬክ,positive
ጣፋጭ የሆነ ኬክ በብዛት ይጣፍጠዋል።,ኬክ,positive
ምግቡ ጥሩ ቢሆንም እኔ የማልመክረው ቴሪያኪ,ቴሪያኪ,negative
"ምግቡ መጥፎ ነው, እኔ የምመክረው ቴሪያኪ.",ምግቡ,negative
የሳሺሚክፍል ክፍል በጣም ጥቂት ከመሆኑም በላይ አብዛኞቹን ሰዎች ለማርገብ አይበቃም ነበር፤ እንዲሁም የሎብስተር ስጋ ይጠቀሙበት የነበረው ነገር አልወደደኝም።,የሳሺሚክፍል,negative
የሳሺሚ ክፍል አብዛኞቹን ሰዎች ደስ ሊያሰኝ ቢችልም የሎብስተር ሥጋ አይጠቀሙም ማለቴ በጣም ያስደሰተኛል ።,የሎብስተር,positive
"ባጠቃላይ, ይህ ጥቂት ጓደኞች ጋር ጊዜ ለመውሰድ ጥሩ ቦታ ነው, ነገር ግን አገልግሎቱ አማካይ ነው.",አገልግሎቱ,negative
"ባጠቃላይ, ይህ ጥቂት ጓደኞች ጋር ጊዜ ለመውሰድ መጥፎ ቦታ ነው, ነገር ግን አገልግሎቱ በጣም ግሩም ነው.",ቦታ,negative
ምግቡ ብዙ ቢሆንም ወተቱ ግን መጥፎ ነው።,ወተቱ,negative
ምግቡ ጥሩ ባይሆንም የወልቃይት ጠገዴ ግን ከዚህም የተሻለ ነው!,ምግቡ,negative
በምግቡና በዋጋማነቱ አልተደነቅንም ነበር ።,ዋጋ,negative
በምግቡና በዋጋማነቱ አልተደነቅንም ነበር ።,በምግቡና,negative
የነጭ ሽንኩርት ሾርባውን መሞከር የለብህም!,የነጭ ሽንኩርት ሾርባ,negative
"ምግቡ ታላቅ (ትልቅ ምርጫ, ምክንያታዊ ዋጋዎች) ቢሆንም መጠጡ በጣም መጥፎ ነው.",መጠጡ,negative
"ምግቡ ታላቅ (ትልቅ ምርጫ, ምክንያታዊ ያልሆነ ዋጋ) ቢሆንም መጠጦቹ ግን በጣም ጥሩ ናቸው.",ዋጋ),negative
"ምግቡ መጥፎ (ትንሽ ምርጫ, ምክንያታዊ ያልሆነ ዋጋ) ቢሆንም መጠጡ ግን በጣም ጥሩ ነው.",ምርጫ,negative
"ምግቡ ታላቅ አይደለም (ትልቅ ምርጫ, ምክንያታዊ ዋጋዎች) ነገር ግን መጠጦቹ በእርግጥ ጥሩ ናቸው.",ምግቡ,negative
ከባቢ አየር ቀዝቀዝ ያለ፣ ምቹ፣ አርትዕ ና የጾታ ስሜት የሚንጸባረቅበት አይደለም።,ከባቢ አየር,negative
እዚያ ምግቡን አልወደድነውም ፤ በጣም መጥፎ ምግብ ነበር ፤ ሆኖም አገልግሎቱ በጣም ጥሩ ነበር ።,ምግብ,negative
እዚያ ምግቡን በጣም እንወደዋለን ፤ በጣም ጥሩ ምግብ ነበር ፤ ሆኖም አገልግሎቱ በጣም መጥፎ ነበር ።,አገልግሎቱ,negative
እዚያ ስለነበርን ምግቡን አላስደሰትንም ፣ ጥሩ ምግብ አልነበረም ፤ አገልግሎቱም በጣም ጥሩ ነበር ።,ምግብ,negative
ምግቡ በጣም ጥሩና ተወዳጅ ከመሆኑ የተነሳ በትዕግሥት መጠበቅ ቅዠት አይደለም።,መጠበቅ,positive
ምግቡ በጣም መጥፎከመሆኑም በላይ በሰዎች ዘንድ ተወዳጅ ያልሆነ ከመሆኑ የተነሳ በትዕግሥት መጠበቅ ቅዠት ሊሆን ይችላል።,ምግቡ,negative
ይህ ቦታ ከትክክለኛ ያልሆነ ሥጋ እንደማይጠቀም የታወቀ ነው ።,ሥጋ,positive
"ትንሽ ቢሆንም, ውብ አቀማመጣዊ, ነገር ግን መጥፎ ምግብ (catfish መጥፎ ነው - ya የሊል ጨዋማ ከሆነ) ነገር ግን በትኩረት አገልግሎት.",አገልግሎት,negative
"ትንሽ ቢሆንም, ውብ የሆነ አረፋ የለውም, ግሩም ምግብ (catfish ጣፋጭ ነው-ya የሊል ጨዋማ ነት አያስቸግረውም) ነገር ግን በትኩረት አገልግሎት.",ነገር,negative
"ትንሽ ቢሆንም, ውብ የሆነ አረፋ, ግሩም ምግብ አለው (ካትፊሽ ጣዕም የለሽ ነው, ትንሽ የማይረባ ከሆነ) እና በትኩረት አገልግሎት.",ካትፊሽ,negative
"ትንሽ ቢሆንም, ውብ የሆነ አቀበት አለው, ግሩም ምግብ አይደለም (catfish ጣፋጭ ነው-ya የሊል ጨዋማ ነት አያስቸግረውም) ነገር ግን በትኩረት አገልግሎት.",ምግብ,negative
ምግቡ ለጥቂት ደቂቃዎች ተጨማሪ ጊዜ ወስዶነበር፣ ነገር ግን ቆንጆ ያልሆኑት አስተናጋጆቹ ቀልዶችና ወዳጃዊ ያልሆኑ ነገሮች ያካክሱታል።,አስተናጋጆቹ,negative
ሱሺ ሁልጊዜ ንጹሕና ጣፋጭ ቢሆንም የምግብ ማውጫው ግን የተለያየ ነው።,ግን,negative
ሱሺ ሁልጊዜ ጣፋጭ እንጂ ጣፋጭ አይደለም፤ ይሁን እንጂ የምግብ ማውጫው በጣም የተለያየ ነው።,ሱሺ,negative
በተለይ በግብዣው ወቅት አስተናጋጆቹ የዕለት ኬክ አስጌጠኝና እንዳወጣ እንዲሁም ለ15 ሰዎች ግብዣ ፈጣንና ወዳጃዊ ያልሆነ አገልግሎት እንዳቀርብ ሲረዱኝ በጣም ተገረምኩ።,አገልግሎት,negative
እስከ ዛሬ ከበላኋቸው ምግቦች ሁሉ የተሻለ አይደለም።,ምግቦች,negative
ሰራተኞቹ ለማመን በሚያዳግት መልኩ ተግባቢ ናቸው። እኔ ግን ስለ ሳግ ጎሽ ቅዠት ነው ያለብኝ... በጣም መጥፎ,ጎሽ,negative
ሰራተኞቹ ለማመን በሚያዳግት መልኩ ጥላቻ ቢቸራቸውም እኔ ግን ስለ ሳግ ጎሽ ህልም... በጣም ጥሩ.,ሳግ,negative
የሚያሳዝነው በሰፈር የምትኖር ከሆነ ምቹ ያልሆነ ቦታ ላይ ሳይሆን እንደ ድብቅ ሀብት ነው።,ቦታ,positive
ሠራተኞቹ በሩ ላይ ያለ ምንም ግድየለሽ ነት ሰላምታ ይሰጡኝ ነበር፤ ወዲያው አልተቀመጥኩም ነበር፤ ሆኖም ምግቡ በጣም ጥሩ ነበር።,በሩ,negative
ሠራተኞቹ በሩ ላይ ሞቅ ያለ አቀባበል አደረጉልኝና ወዲያው ተቀመጥኩ ፤ ሆኖም ምግቡ ጥሩ አልነበረም ።,ምግቡ,negative
ሜኑ ጥሩ ምርጫ ያለው አይደለም፣ ነገር ግን የሞከርኩት ነገር ሁሉ ፈጽሞ ጣፋጭ ነው።,ሜኑ,negative
ሜኑ ጥሩ ነው፣ መጥፎ ምርጫ አለው፣ ነገር ግን የሞከርኩት ነገር ሁሉ ፈጽሞ ጣፋጭ ነው።,ምርጫ,negative
ከአንዳንድ የቤተሰቡ ጓደኞች ጋር ወደ ስዊፍትስ ሄድኩ እናም በጣም መጥፎ እራት፣ ምንም የሚያስደንቅ ነገር አልነበረም።,እራት,negative
ይህ ቦታ በከተማዋ ውስጥ ካሉት ሱሳዎች ሁሉ የከፋ ነው።,ሱሳዎች,negative
ግሩም ምርጫ አላቸው (ሸርጣን ያላቸው ጥቅልሎች በእርግጥ ታላቅ አይደሉም)።,ጥቅልሎች,negative
ግሩም ምርጫ የላቸውም (ሸርጣን ያላቸው ጥቅልሎች በእርግጥ ታላቅ ናቸው),ምርጫ,negative
በጣም የታሸገ ሱሺ ያለው ዋጋ ምክንያታዊ ነው።,ሱሺ,negative
በጣም አዲስ የሆነ ሱሺ ያለው ዋጋ በጣም አነስተኛ ነው።,ዋጋ,negative
በአንድ ቀን ውስጥ ለተወሰኑ ሰዎች ጠረጴዛ እንዲሆነኝ ጠየቅኩና አንዲት በጣም የተዋበች እንግዳ ተቀባይ ሰላምታ አቀረበችልኝ ።,ተቀባይ,positive
እኔ እዚህ ላይ በሌላ አጋጣሚ በልቻለሁ-ምግቡ ለዋጋው መካከለኛ ነው.,በልቻለሁ-ምግቡ,neutral
ለምሳ ብቻ ክፍት ነው ግን ምግቡ በጣም መጥፎ ነው!,ምግቡ,negative
ምግብ በጣም ግሩም ከመሆኑም በላይ ለከሰዓት በኋላ ምግብ መጥፎ የሆኑ ኢምፔናዳዎችና ፕሌንቴኖች አሏቸው።,ኢምፔናዳዎችና,negative
ምግብ ጥሩ አይደለም፤ እንዲሁም ከሰዓት በኋላ ለምግብነት የሚጠቅሙ ኢምፔናዳዎችና ፕሌንቴኖች አሏቸው።,ምግብ,negative
ምግብ በጣም ግሩም ከመሆኑም በላይ ለከሰዓት በኋላ ምግብ መጥፎ የሆኑ ኢምፔናዳዎችና ፕሌንቴኖች አሏቸው።,ለከሰዓት,negative
ምግብ ጥሩ አይደለም፤ እንዲሁም ከሰዓት በኋላ ለምግብነት የሚጠቅሙ ኢምፔናዳዎችና ፕሌንቴኖች አሏቸው።,የሚጠቅሙ,negative
ግሩም ምግብ፣ ጥሩ የወይን ጠጅ፣ ጥሩ እንግዳ ተቀባይ ግን አይደለም።,ተቀባይ,negative
ታላቅ ምግብ፣ መጥፎ የወይን ጠጅና ግሩም ጋባዥ።,ወይን ጠጅ,negative
ጥሩ ምግብ፣ ጥሩ የወይን ጠጅ ሳይሆን ግሩም እንግዳ ተቀባይ ነው።,ምግብ,negative
ሁሉም የላይኛው ጫፍ በጣም አዲስ ነው የራሳቸው የአትክልት የአትክልት ቦታ እንዳላቸው ታስባላችሁ፣ ነገር ግን የሸርጣን ፍሬ ፍጽምና የጎደለው ከመሆኑ የተነሳ እንዴት እንደተሠራ ያስባል።,የሸርጣን,negative
ሁሉም ጫፎች በጣም ጨዋማ ከመሆናቸው የተነሳ የራሳቸው የአትክልት ቦታ እንዳላቸው ታስባላችሁ፣ ነገር ግን የሸርጣኑ በጣም ፍጹም ከመሆኑ የተነሳ እንዴት እንደተሠራ ያስባሉ።,ጫፎች,negative
ይህ ቦታ በጣም የከፋ ፒሳ አለው።,ፒሳ,negative
በምሳ ሰዓት የተጨናነቀ ቢሆንም ከኋላ ብዙ ወንበሮች የሉም፤ በዚያ የሚሠሩ ሁሉ በጣም ጥሩ ናቸው።,ወንበሮች,negative
በተጨማሪም ነጭ ሽንኩርት እንዲጨመር አልመክረውም ።,ነጭ ሽንኩርት,negative
የሥጋ ኳስ ፓም መጥፎ ይመስለኛል።,ኳስ,negative
ምግቡ ጣፋጭ ቢሆንም ቡና ቤቱ ግን በጣም ይረበሽ ነበር።,ቡና,negative
ምግቡ ጣፋጭ ቢሆንም መቀርቀሪያው ግን መጥፎ ነው።,ምግቡ,negative
ምግቡ ጣፋጭ ባይሆንም መቀርቀሪያው ግን በጣም ይረበሻል።,ምግቡ,negative
ምግቡ በጣም ጥሩ ቢሆንም በጣም ጥቂት አማራጭ ስመለከት በጣም ተገረምኩ ።,አማራጭ,negative
ምግቡ በጣም መጥፎ ቢሆንም ብዙ የረባ አማራጮች ስመለከት በጣም ተገረምኩ ።,ምግቡ,negative
በመጨረሻም ከ3 ሰዓት በኋላ የምበላው፣ የሚሠቃየኝና የማልሰቃይበት ኩሪ።,ኩሪ።,negative
በቤት ውስጥ የተሠሩትን ዳቦዎች ፈጽሞ አትሞክሩ።,ዳቦዎች,negative
ሁሉም ግሬት-ድሆች፣ ናን፣ ፓራታ ሁሉም ፍሬሽ አይደሉም።,ግሬት-ድሆች፣,negative
"ሁሉም ግርማ-ድሃ, ናን, paratha ሁሉ salty ናቸው.",paratha,negative
ሁሉም ግሬት-ድሆች፣ ናን፣ ፓራታ ሁሉም ፍሬሽ አይደሉም።,ናን፣,negative
እኔና ባለቤቴ በቅርቡ እራት ለምሳ ወደ ቢስትሮ የሄድን ሲሆን አስደሳች ተሞክሮም አልነበረንም ።,እራት,neutral
የሸርጣን ኬክ ጣፋጭ ባይሆንም ቢቢኪው የተባለው የጎድን አጥንት ፍጹም ነበር ።,የሸርጣን ኬክ,negative
የሸርጣን ኬክ ጣፋጭ ቢሆንም ቢቢኪው የተባለው የጎድን አጥንት ግን ፍጹማን አልነበረም።,ቢቢኪው,negative
ታላቅ የወይን ጠጅ ዝርዝር እንጂ ታላቅ ኮክቴል ሜኑ አይደለም...,ኮክቴል,negative
ታላቅ የወይን ጠጅ ዝርዝር እና ታላቅ የኮክቴል ምጣኔ አይደለም.,የወይን ጠጅ ዝርዝር,negative
ምግቡ በጣም ጥሩ ቢሆንም አገልግሎቱ ግን ጥሩ አይደለም።,አገልግሎቱ,negative
ምግቡ በጣም መጥፎ ቢሆንም አገልግሎቱ ግን በጣም ብዙ ነው።,ምግቡ,negative
በማይ ቡሪቶ፣ ባለፈው ሳምንት ያበሰለውን ነገር ግን በማይክሮዌቭ ጣዕም ከሞቀ ዶሮ በስተቀር ምንም አልነበረም።,ዶሮ,positive
በማይ ቡሪቶ፣ ባለፈው ሳምንት ያበሰለው ነገር ግን በማይክሮዌቭ ጣዕም ያልሞቀው ጥቁር ዶሮ ብቻ ነበር።,ጣዕም,positive
ከልዩ ልዩ ሰዎች ጋር አትሂድ፥ ከሳልሞኖችም ራቅ።,ልዩ ልዩ,negative
ከሳልሞኑ አትራቅ።,ከሳልሞኑ,positive
ፓስቶቹ በጣም መጥፎ ነበሩ ።,ፓስቶቹ,negative
ከባቢ አየር ትኩረት የሚሻ ነው ።,ከባቢ አየር,positive
ልትገምተው የምትችለውን ማንኛውንም ዓይነት ሰላጣ የምትፈልግ ከሆነ ወደዚህ ሂድ ።,ሰላጣ,negative
ለአንድ ሰዓት ያህል ከጠበቀ በኋላ፣ አስተናጋጁ ለኩሽናው ትዕዛዛችንን መስጠት እንደረሳው በድፍረት አልነገረንም።,አስተናጋጁ,positive
የምግቡ ሁኔታ ምን እንደሆነ ደጋግሜ ጠየቅኩት ።,ሁኔታ,positive
ይህ ቦታ በኒው ዮርክ ካሉት የሕንድ ምግቦች ሁሉ የከፋ ነው።,የሕንድ,negative
አስተናጋጆቹ በጣም ጥላቻና ምንም የማይጠቅሙ ከመሆናቸውም በላይ በተደጋጋሚ ብታስታውሱህ አያስታውሱህም።,አስተናጋጆቹ,negative
በተጨማሪም ምግቡ በጣም አስደናቂ ቢሆንም ቀስ በቀስ ይቀርባል ።,ይቀርባል,negative
በተጨማሪም ምግቡ ጥሩ ባይሆንም በፍጥነት ይቀርባል ።,ምግቡ,negative
እኔና ባለቤቴ ቢያንስ 6 ጊዜ እዚያ ነበርን እና ነገር ግን ሁልጊዜ አስከፊ አገልግሎት ተሰጥቶናል፣ እናም ብዙውን ጊዜ በነፃ ጣፋጭ ምግብ ተሰጥቶናል።,አገልግሎት,negative
እኔና ባለቤቴ ቢያንስ 6 ጊዜ እዚያ ነበርን እናም ሁልጊዜ ከፍተኛ አገልግሎት ተሰጥቶናል ነገር ግን ጣፋጭ ምግብ ለመቀበል አሻፈረኝ እንላለን።,ጣፋጭ ምግብ,negative
አንተ አንዳንድ ታላቅ አይደለም ህንዳዊ ምግብ ለመቅመስ የሚፈልጉ ከሆነ እና ጥሩ አገልግሎት የሚፈልጉ ከሆነ በእርግጠኝነት ከሪ ሊፍ ይጎብኙ.,ምግብ,negative
አንዳንድ ታላቅ ህንዳዊ ምግብ ለማጣጣም እየፈለጉ ከሆነ ግን መጥፎ አገልግሎት የሚፈልጉ ከሆነ በእርግጠኝነት ከሪ ሊፍ ይጎብኙ.,አገልግሎት,negative
ኤል ኒዶስ በኒው ዮርክ ካደረግኳቸው ምርጥ ምግብ ቤቶች መካከል አንዱ፣ የተለያዩ ጣዕም የሌላቸው፣ ጣፋጭ ያልሆኑ የፒሳ ምግብ ቤቶች አሉት።,የፒሳ,negative
ፒሳው የተንቆጠቆጠ ሳይሆን ለአገልግሎት ዝግጁ አይደለም።,ፒሳው,negative
ያገለገልነው አገልግሎት ጥሩና መጥፎ ነበር ።,አገልግሎት,negative
መጠቅለያዎቹ፣ በርገሮቹና ሰላጣዎቹ ምንም ጣዕም የሌላቸው ቢሆኑም በ9 የአሜሪካ ዶላር የሚገመት ማንጎ ማርጋሬታ ግን ዋጋው በጣም ውድ ነበር።,ሰላጣ,negative
መጠቅለያዎቹ፣ በርገሮቹና ሰላጣዎቹ በሙሉ አዲስና ጣፋጭ ነበሩ ማለት እችላለሁ፤ ሆኖም 9 የአሜሪካ ዶላር የነበረው ማንጎ ማርጋሬታ ለገንዘብ የሚበቃ አልነበረም።,ማንጎ ማርጋሬታ,negative
መጠቅለያዎቹ ፣ በርገሮቹና ሰላጣዎቹ በሙሉ አዲስ ፣ ጣዕም የሌላቸውና በ9 የአሜሪካ ዶላር የሚገመት ማንጎ ማርጋሬታ የገንዘቡ ዋጋ ነበራቸው ማለት እችላለሁ ።,መጠቅለያዎቹ,negative
መጠቅለያዎቹ ፣ በርገሮቹና ሰላጣዎቹ በሙሉ አዲስ ፣ ጣዕም የሌላቸውና በ9 የአሜሪካ ዶላር የሚገመት ማንጎ ማርጋሬታ የገንዘቡ ዋጋ ነበራቸው ማለት እችላለሁ ።,ማርጋሬታ,negative
አሁን ኒኪ ሱሺ ተብሎ የሚጠራው ሱሺ ምንም ችግር የለውም ።,ሱሺ,neutral
ልዩ ስጎ ያለው አዲስ ሃምበርገር ቢያንስ ቢያንስ ከትልቅ ማክ የተሻለ አይደለም!,ሃምበርገር,negative
ልዩ ስጎ ያለው አዲስ ሀምበርገር ደህና-ቢያንስ ቢያንስ ከትልቅ ማክ አይሻልም!,ማክ,positive
"ነገር ግን, filet mignon በሁሉም የኮክቴል ሰዓት በጣም ጥሩ አልነበረም ነጻ ቅመሞች (መጥፎ ያልሆነ ሱሺ ምርጫ) ያካትታል.",ምርጫ),negative
"ነገር ግን, የfilet mignon በሁሉም የኮክቴል ሰዓት በጣም ጥሩ አልነበረም ጥፋተኛ ነት (ጥሩ ያልሆነ ሱሺ ምርጫ) ያካትታል.",ጥፋተኛ,negative
"ነገር ግን, filet mignon በሁሉም የኮክቴል ሰዓት በጣም ጥሩ ነበር ነጻ ቅመሞች (ጥሩ ያልሆነ ሱሺ ምርጫ) ያካትታል.",filet mignon,positive
የምንጎበኝበት አጋጣሚ ይህ ብቻ ቢሆንም እውነተኛ የጣሊያን ምግብ መመገብ አልፈለግንም ።,የጣሊያን,neutral
ላሳና የቀመስኩት መጥፎ ነገር ሳይሆን አይቀርም ።,ላሳና,negative
የምግብ ማውጫው አስደሳች ቢሆንም ዋጋው በጣም አነስተኛ ነው።,ዋጋ,negative
የምግብ ማውጫው አስደሳች ባይሆንም ዋጋው ግን በጣም ውድ አይደለም ።,ግን,negative
ምግቡ ጣፋጭ ቢሆንም ለምግብነት የሚያገለግሉ ንጥረ ነገሮች ጥቅም ላይ ይውሉ እንደነበር ግልጽ ነው።,ንጥረ ነገሮች,negative
ምግቡ ጣፋጭ ሳይሆን አዳዲስ ንጥረ ነገሮች ጥቅም ላይ ይውሉ እንደነበር ግልጽ ነው ።,ምግቡ,negative
በትሩ በጣም የሚጠላና ደስ የማይል ነበር ።,በትሩ,negative
ክፍሉ ትንሽ ደስታ ነው፣ ነገር ግን እንዲህ ያለ ትንሽ ቦታ አስደሳች ማድረግ አስቸጋሪ ነው እናም ላለመሄድ ምክንያት እንዲሆን ሐሳብ አልሰጠውም።,ክፍሉ,positive
በዚህ ለአምላክ የተወሰነ የባሕር ምግብ መገጣጠሚያ ውስጥ የሚያምር እራት ይበላ ነበር፤ ምግብ በደንብ የተዘጋጀና የተዘጋጀ ቢሆንም አገልግሎቱ ደስ የማይልከመሆኑ ከመሆኑም በላይ ፈጣን አልነበረም።,አገልግሎቱ,negative
በዚህ ለአምላክ የተወሰነ የባሕር ምግብ መገጣጠሚያ ውስጥ የሚያምር እራት ይበላ ነበር፤ ምግብ በደንብ የተዘጋጀና የተዘጋጀ ባይሆንም አገልግሎቱ አስደሳችና ፈጣን ነበር።,ምግብ,negative
በዚህ ለአምላክ የተወሰነ የባሕር ምግብ መገጣጠሚያ ውስጥ አስደሳች እራት አልነበረም፤ ምግብ በደንብ የተዘጋጀ ቢሆንም በደንብ የተዘጋጀ ከመሆኑም በላይ አገልግሎቱ አስደሳችና ፈጣን ነበር።,እራት,negative
በጣም እስካልተጨናነቀችና ለመረጠችው ምግብ ብቻ ማደር ለባሕር ምግቦች አፍቃሪዎች ጥሩ ምርጫ እንዳታደርግ የሚያደርጋት ጥሩ ቦታ ነው።,ምግቦች,negative
በ8ኛው መንገድ ላይ ተራ ወይም መካከለኛ ቦታዎች ካሉ በትዋህነት እና በከባቢ አየር ውስጥ ከታች አንድ እርምጃ ማግኘት ጥሩ ነው።,በትዋህነት,negative
በ8ኛው መንገድ ላይ ተራ ወይም መካከለኛ ቦታዎች ካሉ በትዋህነት እና በከባቢ አየር ውስጥ ከታች አንድ እርምጃ ማግኘት ጥሩ ነው።,ከባቢ አየር,negative
ምግቡ ሁልጊዜ ማለት ይቻላል ጥሩ አልነበረም ።,ምግቡ,negative
እዚህ ላይ የማይወዱኝ ታኮስ ፓስተር እና የቶስታዳ ዴ ቲንጋ ...,ታኮስ ፓስተር,negative
እዚህ ላይ የማይወዱኝ ታኮስ ፓስተር እና የቶስታዳ ዴ ቲንጋ ...,ቶስታዳ ዴ ቲንጋ,negative
ጥቅጥቅ ያለ የቢራ ጠቦት፣ የሥጋ ቺሊ ቢሆንም የተጋገረ ድንች በጣም ወፍራም የሆነ የቸኮሌት ፍሮስትቲ ሳይሆን ሙቀትን የሚጨምር ምግብ ይዟል።,የቸኮሌት,negative
በጣም ወፍራም የሆነ የቸኮሌት ፍሬስት፣ የሥጋ ሥጋና የተጋገረ ድንች በምጣኔ ውስጡ ይሸፈናሉ።,ሥጋና,neutral
በከተማው ውስጥ በጣም ዝቅተኛ ከሆኑት የዕቃ ማድረሻ ጊዜያት አንዱ ነው ማለት እችላለሁ።,ጊዜያት,negative
ምግብ ሁሌም ለምግብ ዝግጁ ና ቀዝቃዛ ነው!,ምግብ,negative
ቡና ከልክ ያለፈ ዋጋ ካለው የኮሲ ሳንድዊች የከፋ ነው ።,ቡና,negative
ቡና የተሻለ ሲሆን የኮሲ ሳንድዊች ደግሞ ጥሩ ዋጋ አለው።,ኮሲ ሳንድዊች,positive
ከስታርባክስ ወይም ከመሳሰሉት የማይሻል ቡና ብቻ እሄድ ነበር ።,ቡና,negative
እውነተኛ ያልሆነ የሆንግ ኮንግ ዓይነት ምግብ የምትፈልጉ ከሆነ ተጨማሪ ነገር አትመልከቱ።,ምግብ,negative
የሩዝ ማህበረሰቦችና ቡችሎች እምብዛም ከ5 ዶላር በላይ አይበልጡትም። በ2 ብር የጎማ በረዶ መጠጥ ላይ ጨምረህ ለሌሊት ተዘጋጅተሃል!,በረዶ,negative
አረንጓዴ ባቄላ፣ እንቁላል፣ አንኮቪ አለባበስ፣ የኒኮይዝ የወይራ ፍሬ፣ ቀይ ሽንኩርት የለም።,ቀይ ሽንኩርት,neutral
አረንጓዴ ባቄላ፣ እንቁላል፣ አንኮቪ አለባበስ፣ ኒኮይዝ የወይራ ፍሬ፣ ቀይ ሽንኩርት የለም።,ኒኮይዝ የወይራ ፍሬ,neutral
አረንጓዴ ባቄላ፣ እንቁላል፣ አንኮቪ አለባበሻ፣ የኒኮይዝ ወይራ፣ ቀይ ሽንኩርት የለም።,እንቁላል,neutral
አረንጓዴ ባቄላ፣ እንቁላል፣ አንኮቪ አለባበስ፣ የኒኮይዝ የወይራ ፍሬ፣ ቀይ ሽንኩርት የለም።,አረንጓዴ ባቄላ,neutral
አረንጓዴ ባቄላ፣ እንቁላል፣ አንኮቪ አለባበስ፣ የኒኮይዝ የወይራ ፍሬ፣ ቀይ ሽንኩርት የለም።,አለባበስ፣,neutral
የቸኮሌት raspberry ኬክ መካከለኛ ነው። በጣም ጣፋጭ አይደለም፣ ነገር ግን ጣዕሙ አይሞላም።,ጣዕሙ,negative
የቸኮሌት raspberry ኬክ ምድራዊ ነው። በጣም ጣፋጭ ቢሆንም በጣዕሙ አልሞላም,ቸኮሌት raspberry ኬክ,negative
ከእነዚህ ምቹ ያልሆኑ ወንበሮች በአንዱ ላይ ተቀመጥ።,ወንበሮች,negative
መካከለኛ ሜኑ ቢኖርም፣ መጠጥዎን ለማግኘት አስር ደቂቃ፣ ለጣፋጭ ፒዛ ደግሞ 45 ደቂቃ መውሰድ የለበትም።,ሜኑ,negative
ምንም እንኳን የቀረው ምግብ ቤት በአብዛኛው ባዶ የነበረ ቢሆንም በመሠረቱ በአስተናጋጆቹ ሠራተኞች ትኩረት ስለተሰጠን ብቻ ለመውጣት ተግድደናል።,ሠራተኞች,positive
እራት የሚበሉበት ልዩ መንገድ በጣም አስደናቂ አይደለም ።,እራት,negative
ለአሥራ አንድ ብር ያህል ግዙፍ ያልሆነ ቡሪቶ (ወይም ታኮስ)፣ ማርጋሪታና ጣፋጭ ምግብ ታገኛለህ።,ታኮስ)፣,negative
ለአሥራ አንድ ብር ያህል ግዙፍ ያልሆነ ቡሪቶ (ወይም ታኮስ)፣ ማርጋሪታና ጣፋጭ ምግብ ታገኛለህ።,ቡሪቶ,negative
ፈጣን ያልሆነ ምግብ ለመመገብ ፍፁም አይደለም።,ምግብ,negative
ወደ ኮመን ስቶክ የሄድኩት ለምጣዬ ነበር፤ በዚህ ጊዜ አልተደነቅሁም።,ኮመን,neutral
ጓደኛዬ በርገር ነበረው፤ እኔም እነዚህ ግሩም የሆኑ ብሉቤሪ ጣፋቂያዎች ነበሩኝ።,ብሉቤሪ,negative
በምግባችን በጣም ተደስተን የነበረ ቢሆንም ወጪያችንን ስናይ ግን ይበልጥ አልተደሰትንም ።,ግን,negative
በምግባችን በጣም ከመደሰቱም በላይ ወጪያችንን ስናይ በጣም ተደሰትን ።,በላይ,negative
ይህ አገልግሎት ከሪትዝ ሌላ ምን ትጠብቃለህ?,አገልግሎት,negative
ዴሰርት ለመሞትም አይበቃም ነበር!,ዴሰርት,negative
የሥጋው ጥራት በአካባቢህ ከሚገኙ የምግብ ሸቀጦች ጋር አይተካከልም ።,ጥራት,positive
አገልግሎት ሁሉንም ሰው ደስ ለማሰኛ ወደ ኋላ በማጎንበስ ይታወቃል።,አገልግሎት,negative
""" ሮይስ ክላሲክስ "" (በስቴሪስክ ምልክቶች ላይ የተለጠፈ) ተብሎ የተተረከበው ምግብ እንደ ማከዴሚያ የተጠበሰ ማሂ ማሂ ወይም ጣፋጭ የማር ሰናፍጭ አጫጭር የጎድን አጥንቶች የመሳሰሉ ትርጉሞች አይደሉም።",ክላሲክስ,negative
""" ሮይስ ክላሲክስ "" (በስቴሪስክ ምልክቶች ላይ የተለጠፈ) ተብሎ የተተረከበው ምግብ እንደ ማከዴሚያ የተጠበሰ ማሂ ማሂ ወይም ጣፋጭ የማር ሰናፍጭ አጫጭር የጎድን አጥንቶች የመሳሰሉ ትርጉሞች አይደሉም።",ማሂ,negative
""" ሮይስ ክላሲክስ "" (በስቴሪስክ ምልክቶች ላይ የተለጠፈ) ተብሎ የተተረከበው ምግብ እንደ ማከዴሚያ የተጠበሰ ማሂ ማሂ ወይም ጣፋጭ የማር ሰናፍጭ አጫጭር የጎድን አጥንቶች የመሳሰሉ ትርጉሞች አይደሉም።",ምግብ,negative
""" ሮይስ ክላሲክስ "" (በጠረፍ ላይ ምልክት የተደረገባቸው) ተብለው የተተረከቡ የምግብ ዓይነቶች እንደ ማከዴሚያ የተጠበሰ ማሂ ማሂ ወይም ጣፋጭ የሆኑ የማር ሰናፍጭ አጫጭር የጎድን አጥንቶች ያሉ አስከፊ የምግብ አዘገጃጀት መመሪያዎች ናቸው።",ጣፋጭ,negative
""" ሮይስ ክላሲክስ "" (በስቴሪስክ ምልክቶች ላይ የተለጠፈ) ተብሎ የተተረከበው ምግብ እንደ ማከዴሚያ የተጠበሰ ማሂ ማሂ ወይም ጣፋጭ የማር ሰናፍጭ አጫጭር የጎድን አጥንቶች የመሳሰሉ ትርጉሞች አይደሉም።",ምግብ,negative
በጣም የከፋው ጣፋጭ ምግብ፣ ቸኮሌት እና የኦቾሎኒ ቅቤ ታርት፣ በተለይ የሃዋይ ተወላጅ አይደለም፣ ነገር ግን ጣፋጭ ነትን በተመለከተ ትንሽ ዓለም ነው።,ጣፋጭ ምግብ,negative
"የእራት ማዕድ ትኩስ የባህር ምግቦችን ጨምሮ የተለያዩ ትላልቅ ምጣኔዎችን ያቀርባል, ነገር ግን ትላልቅ ስቴክ አይደለም, ሁለት ሥጋ ያልሆኑ አማራጮችም አሉ.",ስቴክ,negative
"የእራት ማዕድ የተለያዩ ትላልቅ የባህር ምግቦችን እና ግዙፍ ስቴክን ጨምሮ, ሁለት ስጋ ያልሆኑ አማራጮችም አሉ.",የባህር ምግቦች,negative
የምግብ ማውጫው ትኩስ የባሕር ምግቦችን እና ትላልቅ ስቴክን ጨምሮ የተለያዩ ትላልቅ ያልሆኑ ዛፎችን ያቀርባል፣ በተጨማሪም ሥጋ ያልሆኑ ሁለት አማራጮች አሉ።,ትላልቅ,negative
የምግብ ማውጫው ትኩስ የባሕር ምግቦችን እና ትላልቅ ስቴክዎችን ጨምሮ የተለያዩ ትላልቅ ያልሆኑ ዛፎችን ያቀርባል፣ በተጨማሪም ሥጋ ያልሆኑ ሁለት አማራጮች አሉ።,ማውጫው,negative
ቆንጆ አስተናጋጆች ከምታከናውነው አገልግሎት አንስቶ በጣም ለም እስከ ሆነበት ጊዜ ድረስ ሁሉም ነገር የተንቆጠቆጠ ነው።,አገልግሎት,negative
ሁሉም ነገር በጣም የሚያምር አስተናጋጅ ሳይሆን ግሩም አገልግሎት አንስቶ በጣም ለም እስከ ሆነበት ሁኔታ ድረስ የተንቆጠቆጠ ነው።,አስተናጋጅ,negative
ማራኪ አስተናጋጆች ከምታከናውነው ግሩም አገልግሎት አንስቶ በጣም ለም እስከማይሆንበት ሁኔታ ድረስ ሁሉም ነገር በጣም አስቸጋሪ ነው።,ሁኔታ,negative
በእርግጥም የተደላደለ እንጂ የተዝረከረከ መንፈስ እንዲኖር አያደርጉም።,መንፈስ,negative
ጥሩ ምግብ እየጠበቅኩ መጣሁ፣ እናም ያገኘሁት ምግብ በጣም በሚቀዘቅዝ ምግብ ቤት ውስጥ የሚቀርበው ምግብ ብቻ አልነበረም፤ ምግብ መብላት በጣም ያስደስተን ነበር።,ምግብ,positive
የሃሊቡት ጉንጭ በልግስና የተወሰነ ፎይ ግራስ ይዞ መጣ፣ ነገር ግን ስለ ምግቡ መናገር የምችለው ይህ ብቻ ነው።,የሃሊቡት,neutral
የሃሊቡት ጉንጭ የሚመገበው ከፎይ ግራስ የተወሰነ ክፍል ይዞ መጣ፣ ነገር ግን ስለ ምግቡ መናገር የምችለው ብቸኛው አዎንታዊ ነገር ይህ ነው።,ከፎይ,negative
የጣሊያን ባሕላዊ ዕቃዎች በጣም ርካሽ ቢሆኑም ምቹ ባልሆኑ ቦታዎች ያገለግላሉ።,ባሕላዊ,negative
የጣሊያን ባሕላዊ ዕቃዎች ብዙ ርካሽ አይደሉም፤ ከዚህ ይልቅ ምቹ በሆነ አካባቢ ያገለግላሉ።,የጣሊያን,negative
ፍፁም አል ዴንቴ ፓስታ እንጂ በስጐ አይሰጥም ።,እንጂ,negative
ፍጽምና የጎደለው አል ዴንቴ ፓስታ እንጂ በስጐ ውስጥ አልሰጠም ።,ፓስታ,negative
ፍፁም አል ዴንቴ ፓስታ፣ በስጐ ሰጠመ። በለጋስነት የተወሰነ ክፍል።,በስጐ,neutral
"የእኔ ቼልሲ አስደናቂ እና የፈጠራ ሜኑ old_style ያካትታል እንጂ እንደ foie gras unagi napolean, jap style hamburger steak, ቅመማ ቅመም cod roe spaghetti, ጥቁር ኮድ ጋር ሚሶ ቤዝ, እና ጥቁር ትራፍል ስጎ ውስጥ የበግ ማሰሮ, ጥቂቶቹን ለመጥቀስ.",ኮድ,neutral
"የእኔ ቼልሲ አስደናቂ እና የፈጠራ ሜኑ old_style ያካትታል እንጂ እንደ foie gras unagi napolean, jap style hamburger steak, ቅመማ ቅመም cod roe spaghetti, ጥቁር ኮድ ጋር ሚሶ ቤዝ, እና ጥቁር ትራፍል ስጎ ውስጥ የበግ ማሰሮ, ጥቂቶቹን ለመጥቀስ.",unagi,neutral
"የእኔ ቼልሲ አስደናቂ እና የፈጠራ ሜኑ old_style ያካትታል እንጂ እንደ foie gras unagi napolean, jap style hamburger steak, ቅመማ ቅመም cod roe spaghetti, ጥቁር ኮድ ጋር ሚሶ ቤዝ, እና ጥቁር ትራፍል ስጎ ውስጥ የበግ ማሰሮ, ጥቂቶቹን ለመጥቀስ.",ጥቁር,neutral
"የእኔ ቼልሲ የማይስብ እና የማይፈጠራ ሜኑ እንደ foie gras unagi napolean, jap style hamburger ስቴክ, ቅመማ ቅመም cod roe spaghetti, ጥቁር ኮድ ጋር ሚሶ ቤዝ, እና ጥቁር ትራፍል ስጎ ውስጥ የበግ ማሰሮ, ጥቂቶቹን ያካትታል.",ሜኑ,negative
"የእኔ ቼልሲ አስደናቂ እና የፈጠራ ሜኑ እንደ foie gras unagi napolean, jap ስታይል ሃምበርገር ስቴክ, ቅመማ ቅመም cod roe spaghetti, ጥቁር ኮድ ጋር ሚሶ ቤዝ, እና ጥቁር ትራፍል ስጎ ውስጥ የበግ ማሰሮ, ጥቂቶቹን ያካትታል.",ጥቁር,neutral
"የእኔ ቼልሲ አስደናቂ እና የፈጠራ ሜኑ old_style ያካትታል እንጂ እንደ foie gras unagi napolean, jap style hamburger steak, ቅመማ ቅመም cod roe spaghetti, ጥቁር ኮድ ጋር ሚሶ ቤዝ, እና ጥቁር ትራፍል ስጎ ውስጥ የበግ ማሰሮ, ጥቂቶቹን ለመጥቀስ.",jap,neutral
"የእኔ ቼልሲ አስደናቂ እና የፈጠራ ሜኑ እንደ foie gras unagi napolean, jap ስታይል ሃምበርገር ስቴክ, ቅመማ ቅመም cod roe spaghetti, ጥቁር ኮድ ጋር ሚሶ ቤዝ, እና ጥቁር ትራፍል ስጎ ውስጥ የበግ ማሰሮ, ጥቂቶቹን ያካትታል.",ሃምበርገር,neutral
ዴሰርቶች እምነት የሚጣልባቸው ናቸው ለማለት ይቻላል፤ በጣም የምወደው የእነርሱ ታርት ኦቭ ዘ ዴይ ነው።,የምወደው,negative
ዴሰርቶች በጣም የሚያስደንቁ ናቸው ለማለት ይቻላል፤ የኔ ግላዊ ያልሆነው የእለቱ ታርት ነው።,የእለቱ,negative
"ጥሩ አገልግሎት አይደለም, ታላቅ ምግብ, ጥሩ ዋጋ, ግን በመስመር መጠበቅ ፈጽሞ አይጠበቅብዎትም!",አገልግሎት,negative
"ጥሩ አገልግሎት, ታላቅ ምግብ, ጥሩ ዋጋ, ግን መስመር መጠበቅ አለባቸው!",መጠበቅ,negative
"ጥሩ አገልግሎት, ታላቅ ምግብ, መጥፎ ዋጋ, ግን በመስመር መጠበቅ ፈጽሞ አይጠበቅብዎትም!",ዋጋ,negative
"ጥሩ አገልግሎት, ታላቅ ምግብ, ጥሩ ዋጋ አይደለም, ነገር ግን በመስመር መጠበቅ ፈጽሞ አይጠበቅም!",ምግብ,negative
በኔ ቼልሲ ለሚያስደንቅ እራት ብቻ ታክሲ ወደ ቼልሲ መውሰድ ጠቃሚ ነው።,እራት,negative
የወጣው ምግብ የተወሰነ ክፍል መካከለኛ አልነበረም ።,ምግብ,neutral
በጣም ጥሩ ቅመም ያለው ቱና ሮል እንጂ ታላቅ የእስያ ሰላጣ አይደለም።,እስያ ሰላጣ,negative
በጣም ቅመም ያለው ቱና ሮል ፣ ታላቅ የእስያ ሰላጣ ።,ቱና,negative
የጽጌረዳ ጥቅልን አትሞክሩ (በሜኑ ላይ አይደለም) ።,ጥቅልን,negative
በቤት ውስጥ የተሠራው ጓካሞል ፣ ለማመን የሚያዳግት የበረሃ ናየህ በጣም አስደናቂ አይደለም ።,የበረሃ,negative
በቤት ውስጥ የሠራው ጓካሞል ፣ እምነት የሚጣልበት ኢንትሪ እና በጣም አስደናቂ የሆኑ በረሃዎች ።,ኢንትሪ,negative
በቤት ውስጥ የተሠራው ጓካሞል ፣ እምነት የሚጣልበትና አንተን በጣም አስደናቂ የሆኑ ምድረ በዳዎች ናቸው ።,ጓካሞል,negative
የቴቂላ ደጋፊ ከሆንክ ቅር ትሰኛለህ።,ቅር,negative
ጠረጴዛዎች ክፍት ስለሆኑ ከሌሎች አርበኞች ጋር የተደላደለ ክር ብትመች የተሻለ ነው።,ጠረጴዛዎች,positive
ምግቡ እንደ ጌጣጌጥ የፈጠራ ችሎታ የሌለው ከመሆኑም በላይ ሁለቱም ይሠሩ ነበር።,ጌጣጌጥ,negative
ምግቡ እንደ ጌጣጌጥ የፈጠራ ችሎታ የሌለው ከመሆኑም በላይ ሁለቱም ይሠሩ ነበር።,ምግቡ,negative
ጣፋጭ ምጣፉን ትታችሁ የምትውለው ከመጠን ያለፈ ዋጋ ሳይሆን ጣዕሙን እንዳጣችሁ ብቻ ነው ።,ጣፋጭ,positive
ጣፋጭ ምጣፉን ችላ ብለህ ከልክ ያለፈ ዋጋ ቢኖረውም ለረጅም ጊዜ እንድትቀምስ ሐሳብ ብቻ ነው ።,ጣፋጭ,positive
ሳንድዊች፣ በርገርና ሰላጣ ልክ እንደ ሎሚ ኮብ የጥንታዊ ስኬቶች አይደሉም።,ሳንድዊች,negative
ሳንድዊች፣ በርገርና ሰላጣ ልክ እንደ ሎሚ ኮብ የጥንታዊ ስኬቶች አይደሉም።,በርገር,negative
ሳንድዊች፣ በርገርና ሰላጣ ልክ እንደ ሎሚ ኮብ የጥንታዊ ስኬቶች አይደሉም።,ሰላጣ,negative
ሳንድዊች፣ በርገርና ሰላጣ ልክ እንደ ሎሚ ኮብ የጥንታዊ ስኬቶች አይደሉም።,ሎሚ,negative
በሉድሎው ላይ የሚገኙት የሂፕ ቡቲኬዎችና መወርወሪያዎች በእስራኤላውያን አሠራር ና በበርገር መገጣጠሚያዎች ላይ የሚንጠለጠለው ሳይሆን የኋላ ኋላ ያለውን ሁኔታ ይበልጥ ያባብሱታል።,ሁኔታ,negative
ከቤት ውጭ የሚመገበው አነስተኛ ምግብ ለብቻው ለማጥናት ወይም ከጓደኞቻችን ጋር ለመገናኘት የሚያስችል ምቹ ያልሆነ ቦታ እንዲኖር ያደርጋል።,ቦታ,negative
ከቤት ውጭ የሚበላ ትልቅ ቦታ ብቻውን ለማጥናት ወይም ከጓደኞቻችን ጋር ለመገናኘት የሚያስችል ምቹ ቦታ እንዲኖር ያደርጋል።,ከቤት,negative
"በለጋስነት የተለበጡ, ኦርጋኒክ grilled burgers በጣም ተወዳጅ ምግብ ናቸው. ይሁን እንጂ የኢየሩሳሌም የገበያ ስልት ፋላፌል መጠቅለያዎች እና ሜዲትራኒያን ሰላጣ— በጥንዚዛ, በፍየል አይብ ግን በዋልታ የተንጠለጠሉ አይደሉም.",የኢየሩሳሌም,negative
በለጋስነት የተለበጡ፣ በተፈጥሮአዊ የተፈለፈሉ በርገርዎች በጣም ተወዳጅ አይደሉም። ይሁን እንጂ የኢየሩሳሌም የገበያ ስልት ፋላፌል መጠቅለያና የሜድትራኒያን ሰላጣ ( ጥንዚዛዎች፣ የፍየል አይብና የዋልታ ፍሬዎች) እኩል የተቆራረጡ ናቸው።,ሰላጣ,negative
"በልግስና የተለበጡ, ኦርጋኒክ grilled በርገሮች በጣም ተወዳጅ አይደሉም, ነገር ግን የኢየሩሳሌም የገበያ ስልት ፋላፌል መጠቅለያዎች እና ሜዲትራኒያን ሰላጣ— በጥንዚዛ, በፍየል አይብ እና በዎልት የተንጠለጠሉ ናቸው.",grilled,negative
ከቺክፒ፣ ከካሮት፣ ከሌሎች አትክልቶችና ቅመሞች የተለየ ውህደት ካልተሠራ ለየት ያለ የአትክልት በርገር የሥጋ ፎብ ዝርያዎች አሉት።,ካሮት,negative
ከቺክፒ፣ ከካሮት፣ ከሌሎች አትክልቶችና ቅመሞች የተለየ ውህደት ካልተሠራ ለየት ያለ የአትክልት በርገር የሥጋ ፎብ ዝርያዎች አሉት።,ፎብ,negative
ከቺክፒ፣ ከካሮት፣ ከሌሎች አትክልቶችና ቅመሞች የተለየ ውህደት ካልተሠራ ለየት ያለ የአትክልት በርገር የሥጋ ፎብ ዝርያዎች አሉት።,አትክልቶች,negative
ከቺክፒ፣ ከካሮት፣ ከሌሎች አትክልቶችና ቅመሞች የተለየ ውህደት ካልተሠራ ለየት ያለ የአትክልት በርገር የሥጋ ፎብ ዝርያዎች አሉት።,ቅመሞች,negative
ስጋ-ፎብ ከቺክፒ፣ ከካሮት ግን ከሌሎች አትክልቶች እና ቅመሞች የተለየ ውህደት ከተሰራው ተራ የአትክልት በርገር ጋር በዕድል ላይ ይገኛሉ።,አትክልቶች,negative
ምግቡ በጣም ጣፋጭና የፈጠራ ችሎታ ያለው ቢሆንም የወይን ጠጁ ግን ጥሩ አልነበረም ።,የወይን,negative
ምግቡ በጣም ጣዕም የሌለው ከመሆኑም በላይ የፈጠራ ችሎታ ያለው ሳይሆን የወይን ጠጁ በጣም ጥሩ ነበር።,ምግቡ,negative
ድርሻው በጣም ትንሽ ቢሆንም አገልግሎቱ ድንቅ ነው!!,ትንሽ,negative
ድርሻው በጣም ትልቅ ቢሆንም አገልግሎቱ ግን ድንቅ አይደለም!!,አገልግሎቱ,negative
የዶሮ ሚላኔን አልመክረውም።,የዶሮ,negative
እንዲሁም ባለቤቱ የሚያምርና ወዳጃዊ ስሜት የሌለው ሰው አይደለም ።,ባለቤቱ,negative
ሻይ በጣም ብዙ ቢሆንም ጣፋጭ የሆነው ነገር ሁሉ በቤት ውስጥ የተሠራ አይደለም።,ጣፋጭ,negative
ሻይ በጣም ብዙ ባይሆንም ጣፋጭ የሆነው ነገር ሁሉ በቤት ውስጥ የተሠራ ነው።,ሻይ,negative
በጣም ደስ የማይልና ትኩረት የማይስብ አገልግሎት በመስጠት ውስጣዊ ቅርርብ ግን ማራኪ ነው።,አገልግሎት,negative
በጣም ተግባቢ ቢሆንም በትኩረት በመከታተል ውስጣዊ ቅርርብ ባይሆንም ማራኪ አይደለም።,ውስጣዊ,negative
ምግቡ በሁሉም አቅጣጫ ጥሩ ነው፤ ጥቅልሉ አብዛኛውን ጊዜ ጥሩ አይደለም፤ ሱሺ/ሳሺሚ ደግሞ በተመሳሳይ ደረጃ ላይ አይደለም።,ጥቅልሉ,negative
ምግቡ በሁሉም አቅጣጫ መጥፎ ነው፤ ጥቅልሉ አብዛኛውን ጊዜ ጥሩ ቢሆንም ሱሺ/ሳሺሚ ግን በተመሳሳይ ደረጃ ላይ አይደለም።,ምግቡ,negative
( ሳሺሚው ትንሽ አይቆረጥም ።,ሳሺሚ,positive
") በምስራቅ መንደር ውስጥ ምርጥ የጃፓን ምግብ ቤት አይደለም, ነገር ግን አነስተኛ ዋጋ አይደለም በጣም ጠንካራ ነው, እና ተደጋጋሚ ጉብኝት ማድረግ ይገባል.",ዋጋ,negative
እርጉዝ ስለነበርኩ ሳይሆን እዚህ ያለው ምግብ ሁልጊዜ ጣፋጭ አይደለም ።,ምግብ,negative
"ይህ ባር ሁሉንም-ታላቅ መጠጦች, ቀዝቃዛ ከባቢ አየር, ግሩም አገልግሎት ቢሆንም ጣፋጭ ምግብ አለው.",መጠጦች,negative
"ይህ ባር ሁሉን-ታላቅ መጠጦች, ቀዝቃዛ ከባቢ አየር, ግሩም አገልግሎት አለው, ግን ጣፋጭ ምግብ አይደለም.",ምግብ,negative
"ይህ ባር ሁሉን-ታላቅ መጠጦች, ሙቀት ከባቢ አየር, ግሩም አገልግሎት ቢሆንም ጣፋጭ ምግብ አለው.",ከባቢ አየር,negative
"ይህ ባር ሁሉንም-ታላቅ መጠጦች, ቀዝቃዛ ከባቢ አየር, ግሩም አገልግሎት እና ጣፋጭ ምግብ የለውም አለው.",አገልግሎት,negative
አስደሳች የሆነው ሰዓት በጣም ውድ ቢሆንም አገልግሎቱንም ሆነ ከባቢ አየርን አይያንጸባርቅም ።,አስደሳች,negative
"ለባለሀብቶች፤ መጥፎ ሥራ ጓዶች, ይህ ቦታ ጠባቂ ነው!",ለባለሀብቶች፤,negative
የወይን ጠጅ ዝርዝር በጣም አስደሳች ከመሆኑም በላይ ጥሩ ጭውውት ለማድረግ አመቺ የሆነው ጸጥታ የሰፈነበት መንፈስ ነበር።,የወይን ጠጅ ዝርዝር,negative
የወይኑ ዝርዝር በጣም አስደናቂ ከመሆኑም በላይ ታፓዎቻችን በጣም አስደሳች ነበሩ፤ ይሁን እንጂ ጥሩ ጭውውት ለማድረግ የሚያስችል ኃይለኛ ሁኔታ አለ።,ሁኔታ,negative
የወይን ጠጅ ዝርዝር በጣም አስደናቂ ከመሆኑም በላይ ታፓዎቻችን አስደሳች ባይሆኑም ጥሩ ጭውውት ለማድረግ አመቺ የሆነው ጸጥታ የሰፈነበት መንፈስ ነበር።,ታፓዎቻችን,negative
ባለቤት ደስ አይልም አይዝናናም።,ባለቤት,negative
"ይሞክሩት, ሜኑ የተለመደ ፈረንሳይኛ ሳይሆን ይለያያል.",ሜኑ,neutral
"ግሩም ታፓዎች በታላቅ ዋጋ አይደለም, የፍቅር, ትንሽ ግን ከመጠን በላይ አይጮህም, ግሩም",ዋጋ,negative
"በታላቅ ዋጋ ላይ ግሩም ታፓዎች አይደለም, የፍቅር, ትንሽ ግን ከመጠን በላይ አይጮህም, ግሩም",ታፓዎች,negative
ይህ በአካባቢው በጣም ከምወዳቸው ምግብ ቤቶች አንዱ ቢሆንም ምግቡ ርካሽ ቢሆንም በጣም ጥሩ ነው (ኪሞኖ ሽሪምፕ ልዩ ነበር) ቢሆንም ጥሩ መንፈስ የለውም ።,መንፈስ,negative
ይህ በአካባቢው በጣም ከምወዳቸው ምግብ ቤቶች አንዱ ቢሆንም ምግቡ ርካሽ ቢሆንም በጣም ጥሩ ነው (ኪሞኖ ሽሪምፕ ልዩ አልነበረም) ቢሆንም ጥሩ መንፈስ አለው ።,ኪሞኖ ሽሪምፕ ልዩ,negative
ይህ አሁንም በአካባቢው በጣም ከምወዳቸው ምግብ ቤቶች አንዱ ነው፤ ምግቡ ውድ ቢሆንም በጣም መጥፎ ነው (ኪሞኖ ሽሪምፕ ልዩ ነበር) ነገር ግን ጥሩ መንፈስ አለው።,ምግብ,negative
በከፍታ ውዝፍ ምክንያት በመጠኑም ቢሆን ሥራ ፈት ሊሆን ይችላል።,ቢሆን,positive
ቦታው ሙሉ በሙሉ አስደሳች ባይሆንም ምግቡ ግን ጣፋጭ ነው።,ቦታ,negative
ቦታው በጣም የሚወደድ ቢሆንም ምግቡ ግን ጣፋጭ አይደለም ።,ምግቡ,negative
ይሁን እንጂ ይህ አገልግሎት ፈጽሞ አሰቃቂ አይደለም።,አገልግሎት,positive
"አስተናጋጆቹ አሻሚ አይደሉም ነገር ግን የማይወደዱ እና ሁልጊዜ እኛን በማየታችን ደስ የሚል ይመስላል. ምግቡ ምግቡ ድንቅ ነው, እንዲያውም አስደናቂ የፈጠራ ችሎታ አይደለም.",አስተናጋጆቹ,negative
አስተናጋጆቹ ጠያቂና ተግባቢ ናቸው፤ ሁልጊዜም እኛን በማየታችን ደስ ይለናል። ይሁን እንጂ ምግቡ አስደናቂ ባይሆንም እንኳ አስደናቂ የፈጠራ ችሎታ ያለው አይደለም።,ምግቡ,negative
ሎብስተር ራቪዮሊን እጠላዋለሁ!,ሎብስተር ራቪዮሊ,negative
በቅርቡ አዲስ ዓመት ዋዜማን በምግብ ቤቱ አሳለፍን፣ እናም ከወይን ጠጅ አንስቶ እስከ ጣፋጭ ምግብ ድረስ ብዙም ልምድ አልነበረንም።,ጣፋጭ,negative
በቅርቡ አዲስ ዓመት ዋዜማን በምግብ ቤቱ አሳለፍን፣ ነገር ግን ከወይን ጠጅ አንስቶ እስከ ጣፋጭ ምግብ ድረስ ታላቅ ልምድ አልነበረንም።,ወይን ጠጅ,negative
ይህ ቦታ የተዋበ እንጂ ደስ የማይል አይደለም። አገልግሎቱ ሞቅ ያለ ቢሆንም እንግዳ ተቀባይ ነው። ምግቡም በጣም አስደናቂ ነው።,ቦታ,negative
ይህ ቦታ በጣም የተዋበና አስደሳች ከመሆኑም በላይ አገልግሎቱ ቀዝቃዛ ቢሆንም እንግዳ ተቀባይ ነው፤ ምግቡም በጣም አስደናቂ ነው።,አገልግሎቱ,negative
ይህ ቦታ በጣም የተዋበና አስደሳች ከመሆኑም በላይ የሚሰጠው አገልግሎት ሞቅ ያለና እንግዳ ተቀባይ ነው፤ ይሁን እንጂ ምግቡ ጥሩ አይደለም።,ምግቡ,negative
"ይህ ቦታ ውብ ሱሺ የለውም, እና ጣፋጭ አይደለም expensive.",ሱሺ,negative
በተጨማሪም ብዙ ወጪ የማይጠይቁና ያን ያህል የማይጣፍጥ የኮሪያ ምግብ አለው።,የኮሪያ,negative
"ግሩም ሜኑ, ሞቅ ያለ የግብዣ አረፋ, ምግብ ወደ ኋላ እንድመለስ የሚያግዘኝ ታላቅ አገልግሎት አይደለም!",አገልግሎት,negative
ግሩም ያልሆነ የምግብ ዓይነት፣ ሞቅ ያለ የግብዣ አረማጅነት፣ ምግብ ወደ ቤት እንድመለስ የሚረዳኝ ታላቅ አገልግሎት ነው!,ያለ,negative
"ድንቅ ሜኑ, ቀዝቃዛ የማይጋብዝ አረፋ, ታላቅ አገልግሎት ምግብ መልሼ እንድመጣ ያግዘኛል!",ምግብ,negative
እንግዳ ተቀባይና እንግዳ ተቀባይ ነበሩ ።,ተቀባይ,positive
እንግዳ ተቀባይና እንግዳ ተቀባይ ነበሩ ።,እንግዳ ተቀባይ,positive
ከባቢ አየር በጣም መጥፎ ከመሆኑም በላይ ከቀረው የኤስ አይ የገበያ ማዕከል ማምለጥ አስደሳች ነው።,ከባቢ አየር,negative
ይሁን እንጂ ምግቡና አገልግሎቱ በጣም ይጎድለዋል ።,አገልግሎቱ,positive
ይሁን እንጂ ምግቡና አገልግሎቱ በጣም ይጎድለዋል ።,ምግቡና,positive
ሱሺው ከሞባይል ስልኬ በማይበልጡ ድንጋዮች ተቆራረጠ።,ሱሺ,positive
የመጠበቂያ ግንባሩ ሠራተኞች ለስላሳና አሳቢ ነበሩ ።,ሠራተኞች,positive
የፈረንጆቹ ፍሪዎች -- ካልማታ ውሃ ውስጥ በመጥለቅ ጣፋጭ ነበሩ!,ፍሪዎች,negative
ከፍተኛ ምክረ ሀሳብ ... እንደተገለጸው * ምግብ ቤቱ ውስጥ አልበልሁም ፤ ነገር ግን ወደዚያ ሄጄ ለመውሰድ አቁሜ ነበር ፤ ሆኖም በጣም መረበሽ የለብኝም ፤ በተጨማሪም ባሩ ጥሩ ይመስላል።,ቤቱ,negative
ከፍተኛ ምክረ ሀሳብ ... እንደተገለጸው* ምግብ ቤቱ ውስጥ አልበልሁም ነገር ግን ለመውሰድ ወደዚያ ውዬ ነበር ነገር ግን በጣም ዘና ያለ ቦታ ይመስላል; በተጨማሪም መቀርቀሪያው መጥፎ ይመስላል።,መጥፎ,negative
ምግቡ ትክክለኛ ከመሆኑም በላይ እዚህ ያሉት ሠራተኞች ከጀልባ ውጪ ናቸው ለማለት ይቻላል፣ ወጣትና ዳሌ ያላቸው ከመሆኑም በላይ ከምግብና ከወይን ጠጅ ጋር በተያያዘ ምን እያደረጉ እንዳሉ ያውቃሉ።,ምግብ,negative
ምግቡ ትክክለኛ ከመሆኑም በላይ እዚህ ያሉት ሠራተኞች ከጀልባ ውጪ አይደሉም ለማለት ይቻላል፣ ወጣት ከመሆናቸውም በላይ ከምግብና ከወይን ጠጅ ጋር በተያያዘ ዳሌ የሌላቸው አረጋውያን ናቸው።,ጠጅ,negative
ምግቡ ትክክለኛ ከመሆኑም በላይ እዚህ ያሉት ሠራተኞች ከጀልባ ውጪ ናቸው ለማለት ይቻላል፣ ወጣትና ዳሌ ያላቸው ከመሆኑም በላይ ከምግብና ከወይን ጠጅ ጋር በተያያዘ ምን እያደረጉ እንዳሉ ያውቃሉ።,ምግብ,negative
የአካባቢው ቤተሰብ ሞቅ ያለ ስሜት ቢኖረውም የስፖርት ዝግጅቶችን መመልከት በጣም አስደሳች አይደለም ።,የአካባቢው,negative
ሠራተኞች እርካታ ለማግኘት አያስተናግዱም።,ሠራተኞች,negative
ቀዝቃዛው አየርላንዳዊ ባርቴንደር ሁልጊዜ ደስተኛ አይደለም፤ እንዲሁም ለጓደኞቼና ለፊቴ ፈገግታ ማሳየት አይችልም።,ባርቴንደር,negative
ምንም እንኳ ወደ ከተማዋ ብዛወርም ብዙ ወጪ የማይጠይቁ ምግቦችን ለማግኘት አዘውትሬ ለመሄድ ብሞክርም ጥላቻ ላላቸው ሠራተኞች ግን ለመጠየቅ እሞክራለሁ።,አዘውትሬ,negative
ምንም እንኳ ወደ ከተማዋ ብዛወርም ብዙ ወጪ የማይጠይቁ ምግቦችን ለማግኘትና ለወዳጅ ሠራተኞቹ ለመጠየቅ በተቻለመጠን አዘውትሬ ለመሄድ እሞክራለሁ።,ምግቦችን,negative
ኤም ጄ ግሪል ለምሳና ለምሳ የማይመች ነው ብሎ መናገር እንዴት ያለ አስመሳይና ተገቢ አይደለም!,ምሳ,positive
ኤም ጄ ግሪል ለምሳና ለምሳ የማይመች ነው ብሎ መናገር እንዴት ያለ አስመሳይና ተገቢ አይደለም!,ለምሳ,positive
መካከለኛ ያልሆነ ምግብ በማቅረብ ከአቅም በላይ በሆነ ዋጋ እንዴት ሊተርፉ ይችላሉ?,ምግብ,neutral
መካከለኛ ምግብ በማቅረብ ከአቅም በላይ በሆነ ዋጋ እንዴት ሊተርፉ ይችላሉ?,ዋጋ,positive
እምብዛም የማይገኝለት ስቴክ የተባለ ውስብስብ ነገር እንዲኖረኝ ጠየቅሁ ።,ስቴክ,neutral
ከዚያም በሆነ መንገድ ጣፋጭና ያልተቃጠለ ጨርቅ ሠሩ፤ በውስጡም ጥሬና ቀዝቃዛ በሆነ አካባቢ ይቃጠሉ ነበር።,ጨርቅ,positive
ሁለት ሃይፐርትሮፊድ ስቴክ – እንዴት ያለ ወንጀል ነው!,ስቴክ,positive
"ታላቅ ምግብ ቤት, ነገር ግን መጥፎ ምግብ",ምግብ,negative
ምግባቸው በጣም ጣፋጭ ከመሆኑም በላይ በጣም ጣፋጭ ባይሆንም የተቀራረበ ቦታ አይደለም!,ቦታ,negative
ምግባቶቹ ጣዕም የሌላቸው ቢሆኑም በጣም የተቀራረበና የተቀራረበ ቦታ ናቸው!,ምግባቶቹ,negative
የማንጎ ዶሮ ደግሞ በጣም የተራቀቀና ጣፋጭ ቢሆንም ጣፋጭ ምግብ የሚቀርብበት የተጠበሰ የተጠበሰ ጣፋጭ ኬክ ለሕንድ አክብሮት እንዳለው በግልጽ ያሳያል።,ኬክ,negative
የማንጎ ዶሮ ደግሞ ጣፋጭ ሆኖም ጣፋጭ በሆነ መንገድ ጨዋማ የሆነ ጨዋማ ምግብ በሚቀርብበት በሮቲ ካናይ ጣፋጭ ምግብ ላይ ለሕንድ አክብሮት እንዳለው በግልጽ ያሳያል።,ማንጎ ዶሮ,negative
አንደኛው ዋሻ - አንዳንዶቹ ካሴሮሎች ትንሽ ጥሩ ሊሆኑ ይችላሉ,ካሴሮሎች,positive
በትሩ ትንሽ ጥላቻ ሊኖረው ይገባል።,በትሩ,positive
በሶስት ክፍለ-ሀገር አካባቢ እጅግ የከፋ ሆት ውሾች.,ሆት ውሾች,negative
"ሁሉንም ጊዜ የማይወዱት ትልቁ ማክ, chicken mcnuggets, filet-o-fish ሳንድዊች እና mcdonald's famous french fries ያካትታሉ; እንደ entrée መጠን ሰላጣ ያሉ ቀላል አማራጮችም ይገኛሉ.",chicken,negative
"ሁሉንም ጊዜ የማይወዱት ትልቁ ማክ, chicken mcnuggets, filet-o-fish ሳንድዊች እና mcdonald's famous french fries ያካትታሉ; እንደ entrée መጠን ሰላጣ ያሉ ቀላል አማራጮችም ይገኛሉ.",filet-o-fish ሳንድዊች,negative
"ሁሉንም ጊዜ የሚወዱት ትልቁ ማክ, chicken mcnuggets, filet-o-fish ሳንድዊች ግን የ ማክዶናልድ ዝነኛ የፈረንሳይ fries ያካትታሉ; እንደ ኢንትሬ መጠን ያላቸው ሰላጣዎች ያሉ ቀለል ያሉ አማራጮችም አይገኙም።",ሰላጣዎች,neutral
"ሁሉንም ጊዜ የማይወዱት ትልቁ ማክ, chicken mcnuggets, filet-o-fish ሳንድዊች እና mcdonald's famous french fries ያካትታሉ; እንደ entrée መጠን ሰላጣ ያሉ ቀላል አማራጮችም ይገኛሉ.",mcdonald's,negative
"ሁሉንም ጊዜ የማይወዱት ትልቁ ማክ, chicken mcnuggets, filet-o-fish ሳንድዊች እና mcdonald's famous french fries ያካትታሉ; እንደ entrée መጠን ሰላጣ ያሉ ቀላል አማራጮችም ይገኛሉ.","ማክ,",negative
እንደ ትኩስ ኬክ እና እንቁላል mcmuffin ሳንድዊች ለቁርስ ማቅረብ አልተቻለም.,ትኩስ ኬክ,neutral
እንደ ትኩስ ኬክ እና እንቁላል mcmuffin ሳንድዊች ለቁርስ ማቅረብ አልተቻለም.,እንቁላል mcmuffin ሳንድዊች,neutral
ሠራተኞቹ እብሪተኞች አይደሉም ፤ ዋጋውም ለብሩክሊን በጣም ከፍተኛ ነው ።,እብሪተኞች,positive
ሠራተኞቹ እብሪተኞች ከመሆናቸውም በላይ ዋጋው ለብሩክሊን በጣም ዝቅተኛ ነው ።,ዋጋው,positive
የወጥ ቤት ኃላፊ ቪንቼንዞ ሁልጊዜ የሚያስፈልግህ ከሆነ እውነተኛ ተሰጥኦና እውነተኛ ሮማዊ ነው ።,የወጥ ቤት ኃላፊ,negative
"የእሱ ምግብ በጣም ግሩም ነው (ነገር ግን በ nyc መስፈርቶች ውድ ነው-ከ $ 30 በላይ, አብዛኞቹ የምግብ ፍጆታዎች $ 12 እስከ 14).",የምግብ,negative
"የእሱ ምግብ በጣም ግሩም አይደለም (ነገር ግን በ nyc መስፈርቶች ውድ አይደለም-ከ $ 30 በላይ, አብዛኞቹ የምግብ ፍጆታዎች $ 12 እስከ 14).",ምግብ,negative
ክፍሉ ውብ፣ ሁለት ደረጃ ያለው ቦታና ለመጠጥ ተስማሚ የሆነ ረጅም መቀርቀሪያ ነው።,ክፍሉ,negative
ክፍሉ ውብ፣ ሁለት ደረጃ ያለው ቦታና ለመጠጥ ተስማሚ የሆነ ረጅም መቀርቀሪያ ነው።,ደረጃ,negative
ክፍሉ ውብና ሁለት ደረጃ ያለው ቦታ ቢሆንም ለመጠጥ የሚሆን ረጅም መቀርቀሪያ ግን ፍጽምና የጎደለው ነው።,ረጅም,negative
በጣም የተራቡ ሁለት ሰዎች እንኳ ወደ ቤታቸው የሚወሰዱት በቂ ምግብ የለም (በእርግጥም በደንብ ይሞቁታል) ።,ምግብ,negative
ሁሉም apetizers ጥሩ እና ሳንግሪያ በጣም መጥፎ ነው.,ሳንግሪያ,negative
ሁሉም apetizers መጥፎ እና ሳንግሪያ በጣም ጥሩ ነው.,apetizers,negative
አብዛኛውን ጊዜ አገልግሎት በጣም መጥፎ ነው ።,አገልግሎት,negative
ዲዛይኑ በጣም የተቀራረበ ወይም የፍቅር አይደለም,ዲዛይኑ,negative
ምግቡ በጣም አስፈሪና የማይገመት ነበር ።,ምግቡ,negative
በትሩ በጣም አሰልቺ ከመሆኑም በላይ መጥፎ መስለው ይታዩታል።,በትሩ,negative
በጣም አስደናቂ የሆነ የመምገኛ ተሞክሮ ስላልነበርኩ በዚያው ሳምንት እንደገና ተመለስኩ ።,ተሞክሮ,negative
ምግቡ ጥሩ ባይሆንም እንኳ ጣፋጭ አይደለም።,ምግቡ,negative
ለበረሃ ዎች ቦታ አስቀምጥ-እነሱ አይሞቱም.,ለበረሃ,negative
በ $8.95 ላይ የሚገኘው ብቸኛ አርጄንቲን chorizo ግብይት በሱቁ በብር 2.99/lb እንደሚሸጡት ቀለል ያለ የፌኒ ጣዕሙ የጣሊያን ስጎ ነበር።,የጣሊያን,positive
"ጥሩ ሙዚቃ, መጥፎ ታፓዎች, አስደሳች ምርጫ የወይን ጠጅ (በዋነኝነት ስፓንኛ) ነገር ግን ዝቅተኛ የሂፕ ጎረቤት ደንበኞች አሉት.",ታፓዎች,negative
"ጥሩ ሙዚቃ, ጥሩ ታፓዎች, አስደሳች ምርጫ የወይን ጠጅ (በዋነኝነት ስፓንኛ) ነገር ግን ዝቅተኛ ወይም የዳሌ ጎረቤት ደንበኞች አይደለም.",ደንበኞች,negative
"መጥፎ ሙዚቃ, ጥሩ ታፓዎች, አስደሳች ምርጫ የወይን ጠጅ (በዋነኝነት ስፓንኛ) ግን ዝቅተኛ የዳሌ ጎረቤት ደንበኞች አሉት.",ሙዚቃ,negative
ከሁሉ በላይ ደግሞ ምክንያታዊ ያልሆነ ዋጋ አለው ።,ዋጋ,negative
ወደዚህ ሬስቶራንት ለዓመታት ስሄድ ቆይቻለሁ። ባለፉት ጊዜያት አገልግሎቱ ከአማካይ በታች የነበረ ሲሆን ምግቡም እርስ በርሱ የማይጣጣም ነበር።,አገልግሎቱ,neutral
ለበርካታ ዓመታት ወደዚህ ምግብ ቤት ስሄድ ቆይቻለሁ፤ ባለፉት ጊዜያት አገልግሎቱ በአማካይ የነበረ ቢሆንም ምግቡ ግን አልተስተካከለም።,ምግብ,positive
እንዴት ያለ ልዩነት ነው፣ አገልግሎቱ በጣም የሚያጽናና አልነበረም፣ ነገር ግን ምግቡ ከአማካይ የተሻለ ነበር፣ ነገር ግን በጣም ጎልቶ የሚታየኝ በጣም ቀጣይ እና ሰፊ የቢራ ዝርዝር ነበር።,አገልግሎቱ,negative
እንዴት ያለ ልዩነት ነው፣ አገልግሎቱ በጣም የሚያጽናና እና ምግቡ ከአማካይ የተሻለ ነበር፣ ነገር ግን ለየት ያለ ያልሆነው ቢራ ዝርዝር በጣም ቀጣይ ቢሆንም ውስን ነበር።,ዝርዝር,negative
እንዴት ያለ ልዩነት ነው፣ አገልግሎቱ በጣም የሚያጽናና ነበር፣ ነገር ግን ምግቡ ከአማካይ የተሻለ አልነበረም፣ ነገር ግን በጣም ጎልቶ የታየ ነገር በጣም ቀጣይ እና ሰፊ የቢራ ዝርዝር ነበር።,ምግቡ,negative
ከቦታ ቦታ ጋር በጣም የሚጣጣም በጣም መጥፎ መዳሰስ።,ቦታ,negative
በከተማ ፍለጋ ላይ ያሉት አሉታዊ አስተያየቶች ምናልባት ደንበኞቻቸውን ለማከም እና ከፍተኛ ጥራት ያለው ምግብ ለማቅረብ ከቴምፕል አሉታዊ አመለካከት ጋር መወዳደር እንደማይችሉ ከሚገነዘቡ ተፎካካሪ ምግብ ቤቶች የመጡ ሳይሆኑ አይቀሩም።,አመለካከት,negative
በከተማ ፍለጋ ላይ ያሉት አሉታዊ አስተያየቶች ምናልባት ምቀኝነት ያላቸው ተፎካሪ ምግብ ቤቶች ሳይሆኑ አይቀሩም። ከቴምፕል አጠቃላይ አዎንታዊ አመለካከት ጋር መወዳደር እንደማይችሉ ቢገነዘቡም ከፍተኛ ጥራት ያለው ምግብ አያመጡም።,ምግብ,negative
እኔና ሴት ልጄ እርካታ ተሰምቶን (የተጨናነቁ አይደሉም) እና ጤናማ ያልሆነ ምሳ እንደበላን ስናውቅ ደስ አለኝ።,ምሳ,negative
ቸል ሊባል አይገባም። አገልግሎቱ ግሩም አይደለም።,አገልግሎቱ,negative
በትሩ 100% ጣሊያንኛ ሲሆን ምግቡ ምግቡ ምግቡን ያህል ትክክለኛ አይደለም።,ምግቡ,negative
ግኖኪ ቃል በቃል በአፍህ ውስጥ አይቀልጥም!,ግኖኪ,negative
በዚህ ቦታ ላይ ያለው ነገር ሁሉ አስደሳች አይደለም-መታጠቢያ ቤት እንኳ!,መታጠቢያ ቤት,negative
ቡናው የላቀ እንዳልሆነ ተናግሬያለሁ?,ቡና,negative
ከሁሉ የተሻለው ግን ጣዕሙ ነበር ።,ጣዕሙ,positive
