lug,aspect,polarities
"great food, great waitstaff, not great atmosphere, and best of all great beer!","atmosphere,",negative
"great food, but bad waitstaff, and great atmosphere, and best beer!",bad,negative
"great food, great waitstaff, great atmosphere, but worst of all not great beer!",beer,negative
"not great food, great waitstaff, great atmosphere, but best of all great beer!",all,negative
"emmere eri ku ntikko, naye obuweereza tebufaayo, ne bwe kiba nti embeera nnungi.",emmere,negative
"emmere eri ku ntikko, obuweereza bufaayo, naye embeera si nnungi.",emmere,negative
"ebyokulya bibi nnyo, naye obuweereza bufaayo, era embeera nnungi.",embeera,negative
"kiki ky'oyinza okwogera ku kifo omukyala w'aweereza w'afulumya entrée entuufu, naye n'avuma jjajjaawo ow'emyaka 80 n'amuwa omumwa gw'okugizzaayo (kye yakola mu ngeri ey'ekitiibwa).",entrée,neutral
"the service was pretty rich all around, the food was well below the average relative to the cost, but outside there is a crazy bum who harasses every customer who leave the place.",customer,positive
"bu hizmet her yerde yoksuldu, yiyecekler ortalama göre göre değil, fakat her yerde... ...her bir customerı rahatsız ederecek bir çıldırtı var.",ederecek,positive
"oboolyawo kye nsinga okulya mu new york, era ndi muweereza wa wooteeri n'olwekyo mmanyi kye njogera.",era,positive
"the new menu has a few creative items,they were smart enough to keep some of the old favourites (and they lowered the prices), the staff is friendly most of the time, but i must agree with the person that wrote about their favourite words: no, can't, sorry... , boy, they won't bend the rules for anyone.",their,positive
"menyu empya erina ebintu ebitonotono ebitali bya magezi, byali bya magezi okukuuma ebimu ku bintu ebikadde bye baagala ennyo (naye byakulisa bbeeyi), abakozi babeera ba mukwano ebiseera ebisinga, naye nnina okukkiriziganya n'omuntu eyawandiika ku bigambo bye baagala ennyo: nedda, tosobola, nsonyiwa... , mwanamulenzi, tebajja kumenya mateeka ga muntu yenna.",menyu empya,negative
ekirungo kyabwe wano nakyo si kirungi n'akatono.,kirungi,negative
tosobola kulya mmere ya gourmet ku bbeeyi y'emmere ey'amangu.,emmere,negative
"ekiro ebisigala bya atmoshere, ne bifuuka ekintu kino eky'omuwendo ekikwekeddwa ekilinda okuzuulibwa.",atmoshere,negative
the boutique selection of wines covers a narrow variety without being imposed.,wines,neutral
pizza teyali nnungi nnyo ng'oggyeeko eby'okulya n'eby'okulya ebikulu.,pizza,negative
"awatali kubuusabuusa togezaako calamari, pasta yonna, oba sliced steak entrée.",calamari,negative
"awatali kubuusabuusa togezaako calamari, pasta yonna, oba sliced steak entrée.",pasta,negative
"awatali kubuusabuusa togezaako calamari, pasta yonna, oba sliced steak entrée.",steak entrée,negative
"okuva ku ntandikwa, twasisinkanibwa abakozi ba memebers ab'omukwano, naye ekifo ekitali kyangu ku chelsea piers kyatuyamba okutuuka ku lyato.",kyangu,negative
"okuva ku ntandikwa, twasisinkana abakozi ba memebers abakambwe, naye ekifo ekirungi eky'okuyimirizaawo ku chelsea piers kyatuyamba okutuuka ku lyato.",memebers,negative
"ne zaman deniz yolculuğuydu, canlı yemek ve canlı eğlenmemiz bize satmadı.",canlı,negative
"oluvannyuma lw'okugenda ku mmeeri, ebyokulya ebitali bya waggulu n'eby'okwesanyusaamu ebya bulijjo byatutunda ku kawungeezi akatayinza kwerabirwa.",ebya,negative
buli lwe nneesanga mu kitundu nja kugenda ku sushi rose okugula sushi omupya naye si bitundu bingi byonna ku bbeeyi entuufu.,kugenda,negative
buli lwe nneesanga mu kitundu nja kugenda ku sushi rose okugula sushi n'ebitundu ebinene byonna naye bbeeyi si ya magezi.,bbeeyi,negative
buli lwe nneesanga mu kitundu nja kugenda mu sushi rose okugula stale sushi n'ebitundu ebinene byonna ku bbeeyi entuufu.,sushi,negative
ssupu wa mushroom barley si yeewuunyisa.,mushroom,negative
nalya ekyeggulo wano ku lwokutaano era emmere teyali nnungi.,emmere,negative
"emmere yali nnungi, obuweereza tebwali bwangu, naye bbeeyi yali nnungi nnyo.",tebwali,negative
"emmere yali nnungi, obuweereza bwali bwangu, naye bbeeyi teyali ya magezi.",bbeeyi,negative
"emmere yali mbi nnyo, obuweereza bwali bwangu, naye bbeeyi yali nnungi nnyo.",emmere,negative
"pasta primavera da harikatı, yeni veggies değil.",veggies,negative
"pasta primavera da harika değil, çok yeni veggies.",pasta primavera,negative
"bw'oba oli mu kitundu, mazima ddala yimirira ku mmere ennungi.",ddala,negative
"ekyo kyaliwo olw'okuba maneja teyali wa kisa n'omusuubuzi w'omu bbaala omukambwe eyali atulinda eddakiika 20 okunywa omwenge, kyokka oluvannyuma n'atugamba okukkakkana.",maneja,positive
"ekyo kyaliwo olw'okuba waliwo maneja atalina kisa n'omusuubuzi w'omu bbaala eyali atuwuliriza ng'atulinda eddakiika 20 okunywa omwenge, ate oluvannyuma n'atugamba tuwoole.",maneja,positive
"ekyo kyaliwo olw'okuba waliwo maneja n'omusuubuzi w'omu bbaala eyali atulinda eddakiika 20 okunywa omwenge, era oluvannyuma n'atugamba okuwummulamu.",linda,positive
"ekyo kyaliwo olw'okuba waliwo maneja atalina kisa n'omusuubuzi w'omu bbaala omukambwe eyali atulagira obutalinda ddakiika 20 okunywa omwenge, kyokka oluvannyuma n'atugamba okukkakkana.",okunywa,neutral
temutawaanya - ebyokunywa byali birungi naye abantu abakolera eyo be baafuula ddala kino ekintu ekisinga obubi mu kulya.,byali,positive
"totawaanya-ebyokunywa byali bibi nnyo, naye abantu abakolera eyo be baafuula ddala kino ekintu ekisingayo obulungi mu kulya.",ekisingayo,positive
"totawaana n'akatono - ebyokunywa byali bibi nnyo, naye abantu abakolera eyo be baafuula ddala kino ekintu ekisingayo obulungi mu kulya.",abantu,positive
"buli akola eyo (omugenzi, omusuubuzi w'omu bbaala, abaweereza) tayamba nnyo.",w'omu,negative
"buli akola eyo (omugenzi, omusuubuzi w'omu bbaala, abaweereza) tayamba nnyo.",omusuubuzi,negative
"buli akola eyo (omugenzi, omusuubuzi w'omu bbaala, abaweereza) tayamba nnyo.",abaweereza),negative
ate emmere si nnungi.,emmere,negative
not favourites mulimu: potato spinach gnocchi n'omwana gw'endiga.,omwana gw'endiga,negative
not favourites mulimu: potato spinach gnocchi n'omwana gw'endiga.,potato spinach gnocchi,negative
obuweereza si bwa maanyi nnyo era tebusomesa awatali mpewo.,awatali,negative
gerçekten geri dönerdim-- yalnız bu exotic martini'lerin bazıları için blackboard'da.,martini'lerin,negative
abalina ac n'okuba nti waliwo emirambo egiwera obukadde (wadde nga buli omu wa mpisa ate nga tewali amunyigiriza) kiba kikooyi.,ac,positive
"kyokka, waliwo ekintu eky'entiisa kyokka eky'okubeera ebweru, mu kutambula okw'amaanyi, okunyumirwa ebyokunywa ebifuula okugenda mu kifo kino okuba eky'omugaso.",ebweru,negative
"kyokka, waliwo ekintu ekirungi ennyo mu kubeera ebweru, mu kutambula okw'amaanyi, obutanyumirwa mwenge ogufuula okugenda mu kifo kino okuba eky'omugaso.",ennyo,negative
a con was the fast bar service.,bar service,positive
pizza'yi her zaman nefret edetw.,pizza,negative
bu hizmet oldukça kötüdür.,hizmet,negative
"okwemulugunya kwa mirundi ebiri- okulonda kwabwe okw'emmere ey'okulya kirungi nnyo, kyandibadde kirungi okufuna emiggo gya mozzarella ku menyu.",menyu.,positive
"the unattractive lights made me want to gag, the food was overpriced, there was the most nice disco pop duo performing but my escargot looked like it might crawl off the plate.",disco pop duo,positive
"the attractive lights made me want to gag, the food was overpriced, there was the most awful disco pop duo performing-but my escargot looked like it might crawl off the plate.",food,positive
"the unattractive lights made me want to gag, the food was not overpriced, there was the most awful disco pop duo performing-but my escargot looked like it might crawl off the plate.",escargot,positive
"obuweereza si bungi, ssupu wange bulijjo atuuka si mulungi ate nga munnyogovu.",ssupu,negative
obuweereza si bungi naye ssupu wange bulijjo atuuka bulungi ate ng'abuguma.,bulijjo,negative
my only not complaint might be the fortune cookies-i've never had a cookie predict bad luck for me before i visited kar.,cookie,positive
"kitegeeza nga bwe waliwo pizza joint ey'omulembe, si nnyingi gye ntunuulira, naye pizza kye sigendako.",pizza,negative
ssowaani eno ebeera nnyo ate ng'ewooma nnyo kyokka ng'ekirungo ekyo kibi nnyo ate nga si kirungi.,kyokka,negative
omusujja guno teguwooma kyokka nga tegulya bulungi ate nga n'ekirungo kiba kirungi ate nga kirungi.,omusujja,negative
"okulonda emmere kirungi nnyo (simanyidde kubeera na bingi bye nsalawo mu wooteeri), naye embeera si nnungi.",emmere,negative
"okulonda emmere si nnungi nnyo (simanyidde kubeera na bingi bya kulonda mu wooteeri), naye embeera nnungi.",okulonda emmere,negative
"menyu, esigala mu biseera, eraga ebitundu n'ensi yonna.",menyu,neutral
"njagala nnyo kkampuni ya little pie nga n'omuntu omulala yenna eyawandiise ebirowoozo, naye ateekwa okuziyiza omuntu yenna okugenda mu kifo kya grand central olw'emirimu gyabwe egya civil okuva mu bantu babiri abatunda.",bantu,positive
"njagala nnyo kkampuni ya little pie ng'omuntu omulala yenna eyawandiise ebirowoozo, naye ateekwa okukubiriza omuntu yenna okukyalira ekifo kya grand central olw'obuweereza bwabwe obwa civil okuva mu bantu babiri abatunda",omulala,positive
"ekyewuunyisa emmere eno nnungi nnyo, naye ebyokukola bya bubi.",ebyokukola,negative
"ekyewuunyisa emmere mbi nnyo, naye ebyokukola birungi.",emmere,negative
"kyokka, obuweereza buno bwa peg oba bbiri wansi w'omutindo gw'emmere (abasuubuzi b'omu bbaala ab'entiisa), era bakasitoma, mu ngeri ey'enjawulo, bategeka bulungi, abatambulira mu ddoboozi (kino kiyinza okunnyonnyola endowooza embi okuva mu bakozi) nga batwalibwa mu kivvulu kya ac/dc oba omupiira gwa knicks.",bakasitoma,positive
"kyokka, obuweereza buno bwa peg oba bbiri wansi w'omutindo gw'emmere (si ba bartenders ab'entiisa), naye bakasitoma, mu ngeri ey'enjawulo, ba bodaboda, abatambulira mu ddoboozi ery'omwanguka (kino kiyinza okunnyonnyola endowooza embi okuva mu bakozi) nga batwalibwa mu kivvulu kya ac/dc oba omupiira gwa knicks.",bartenders,positive
"kyokka, obuweereza buno bwa peg oba bbiri waggulu omutindo gw'emmere (abasuubuzi b'omu bbaala ab'entiisa), naye bakasitoma, abasinga obungi, ba bodaboda, abatambulira mu ddoboozi ery'omwanguka (kino kiyinza okunnyonnyola endowooza embi okuva mu bakozi) nga batwalibwa mu kivvulu kya ac/dc oba omupiira gwa knicks.",okuva,positive
"kyokka, obuweereza buno bwa peg oba bbiri wansi w'omutindo gw'emmere (abasuubuzi b'omu bbaala ab'entiisa), naye bakasitoma, mu ngeri ey'enjawulo, ba bodaboda, abatambulira mu ddoboozi ery'omwanguka (kino kiyinza okunnyonnyola endowooza ennungi okuva mu bakozi) nga batwalibwa mu kivvulu kya ac/dc oba omupiira gwa knicks.",bakozi),positive
yellowfin tuna n'ekibumba ky'ennyana si bye nsinga okwagala!,yellowfin tuna,negative
yellowfin tuna n'ekibumba ky'ennyana bye si bye nsinga okwagala!,bye,negative
"nali ku mulimu gw'okuwozesa emisango, nnavuga eggaali yange ku centre street mu luwummula lwange olw'ekyemisana ne nsanga ekifo kino ekinene ekirimu taco z'enkoko ne hibiscus lemonade.",hibiscus lemonade,negative
"nali ku mulimu gw'okuwozesa emisango, nnavuga eggaali yange ku centre street mu luwummula lwange olw'ekyemisana ne nsanga ekifo kino ekitali kikulu nga nnina taco z'enkoko ez'entiisa ne hibiscus lemonade.",kifo,negative
"nali ku mulimu gw'okuwozesa emisango, nnavuga eggaali yange ku centre street mu luwummula lwange olw'ekyemisana ne nsanga ekifo kino ekinene ekirimu taco z'enkoko ne hibiscus lemonade.",taco,negative
"obupya bwe butyo bwe bukakasibwa, okuva ku carinthia cheese ravioli ey'omu nsiko n'ennyaanya ez'omu nsiko okutuuka ku sturgeon eya caviar-topped, ekwatagana bulungi n'omubisi gwa spinach-vodka ogwa dimmed green.",spinach-vodka,negative
"obupya bwe butyo bwe bukakasibwa, okuva ku carinthia cheese ravioli ey'enjawulo n'ennyaanya ez'omu nsiko okutuuka ku sturgeon eya caviar-topped, ekwatagana bulungi n'omubisi gwa spinach-vodka ogwa kiragala.",carinthia cheese ravioli,negative
"menyu zirimu ebintu ebitali bya sizoni, gamba nga sweet corn-foie gras brulee.",menyu,neutral
the service is imperfect too something wrong in this italian/french restaurant,service,negative
the foie gras was sour and not luscious.,foie gras,negative
"my gf's duck confitte was very hollow as well, though i have little base of reference.",confitte,negative
"the wait staff is very hostile, if your not rude or picky... ... . ebyokulya byaffe e leon wiikendi ewedde byali bingi-.",staff,negative
"abakozi abalinda si ba mukwano nnyo, ne bw'oba toli wa bukambwe oba picky... leon'daki yemeklerimiz son hafta sonu harika değil.",toli,negative
sikubiriza mmere yaabwe yonna eya salmon......,salmon......,negative
emmere nnungi naye obuweereza tebwali bwa ntiisa!,tebwali,positive
si mmere nnungi era obuweereza bwali bwa ntiisa!,mmere,negative
obuweereza tebwali bwa maanyi nnyo (ekifo kyali kitundu kyokka ekijjudde) era akamwenyumwenyu kandibadde kalungi...,kyali,positive
"mu biseera eby'oku ntikko, wooteeri ebeeramu abantu bangi ate nga n'emmeeza teziriiwo mu ngeri etali nnungi.",meeza,positive
buli - bye bye atmos... abagenyi abatalina kisa era abatalina kisa.,abagenyi,negative
"the ambiance was coarse, a little piano but still nasty and not romantic.",ambiance,negative
"kyokka, olw'okuba twali twagala nnyo emmere, tetwawulira bubi nnyo.",emmere,positive
"sikubiriza mmere ya codfish enzirugavu, kye kyali ekisinga obubi akawungeezi.",codfish,negative
"sikubiriza mmere ya codfish enzirugavu, kye kyali ekisinga obubi akawungeezi.",kye,negative
nali sirina shrimp creole ennungi.,shrimp creole,negative
ekijjulo ky'enkoko kyali kibi nnyo.,ky'enkoko,negative
naye emmere teyali nnungi.,emmere,negative
the space is nontraditional in feel.,space,neutral
creative dishes like king crab salad with passion fruit vinaigrette and fettuccine with grilled seafood in a rosemary-orange sauce are expected elements on a mostly predictable bistro menu.,bistro menu,neutral
ebyokulya ebitali birungi nga king crab salad ne passion fruit vinaigrette ne fettuccine n'ennyanja eya grilled mu rosemary-orange sauce bye bintu ebitasuubirwa ku menyu ya bistro eyali esuubirwa.,vinaigrette,negative
ebyokulya ebitali birungi nga king crab salad ne passion fruit vinaigrette ne fettuccine n'ennyanja eya grilled mu rosemary-orange sauce bye bintu ebitasuubirwa ku menyu ya bistro eyali esuubirwa.,ebyokulya,negative
creative dishes like king crab salad with passion fruit vinaigrette and fettuccine with grilled seafood in a rosemary-orange sauce are not unexpected elements on a otherwise predictable bistro menu.,rosemary-orange,negative
"montparnasse's desserts, especially the silken crème brulee but paper thin apple tart, are bad enough on their own to make the restaurant worth the trip.",desserts,negative
montparnasse's desserts -- especially the silken crème brulee but paper -- thick apple tart -- are good enough on their own to make the restaurant worth the trip.,apple tart,negative
montparnasse's desserts -- especially the not silken crème brulee and paper -- thin apple tart -- are good enough on their own to make the restaurant worth the trip.,crème brulee,negative
yabadde n'emmere ey'amaanyi eyo wiikendi eno nga tannagenda mu firimu!,ey'amaanyi,negative
kyali kimaze ekiseera era ne nneerabira engeri ebijanjaalo gye biyinza obutaba birungi.,kyali,negative
the food -- though mostly deep-fried -- is compound and fall_short_of.,food,negative
"si creamy appetizers -- taramasalata, eggplant saladi, ne greek yogurt (ne cuccumber, dill, ne garlic) biwooma nnyo nga bali ku pitas ez'ebbugumu.",taramasalata,negative
"si creamy appetizers -- taramasalata, eggplant salad, and greek yogurt (with cuccumber, dill, and garlic) taste not excellent when on warm pitas.",creamy appetizers,negative
"creamy appetizers--taramasalata, eggplant salad, and greek yogurt (with cuccumber, dill, and garlic) taste excellent when on cold pitas.",taste,neutral
"creamy appetizers -- taramasalata, eggplant salad, and greek yogurt (with cuccumber, dill, and garlic) taste not excellent when on warm pitas.",eggplant,negative
abaweereza bulijjo balabika nga tebalina ssanyu ne batuuka n'okubuusa amaaso abazannyi baabwe aba bulijjo aba waggulu.,abazannyi,positive
emirundi egiwera n'okugumiikiriza empisa ennungi ez'abaweereza nga bamanyi nti omulimu gwabwe si mwangu.,bamanyi,positive
"oluvannyuma lw'ekiseera, nnalwala olw'obuweereza obulungi, nga nneesisiwaza, era nga njogera bubi.",olw'obuweereza,positive
"si kya bulijjo, ebyokulya bya italy ebizibu.",italy,negative
"emmere mbi nnyo, tewali kisingawo era kye kyokka kye twagala!",emmere,negative
"olukalala lw'omwenge lwa maanyi nnyo, lwa bbeeyi nnungi naye luli mu bitundu bingi.",bbeeyi,negative
"olukalala lw'omwenge luwanvu nnyo, lwa bbeeyi mbi era luli mu bitundu bingi.",luli,negative
good food bad wine that's it.,wine,negative
ok good food good wine bye bye,food,negative
"nkyawa ennyanguyirizi n'ekitiibwa ebyaweebwanga ku mmere, ate n'abakozi tebaali ba mukwano ate nga tebamanyi.",abakozi,negative
"nkyawa obuzibu n'okunyooma ebyaweebwa ku mmere, kyokka abakozi baali ba mukwano era nga bamanyi.",era,negative
emmere teyali ya buseere naye obuweereza bwali bulwawo nnyo.,emmere,neutral
ebyokulya byali bya buseere naye obuweereza tebwali bwangu nnyo.,ebyokulya,positive
entebe gye nali ntuddemu yali nnungi.,entebe,positive
our waiter was unfriendly and it is a shame that he did nt have a supportive staff to work with.,waiter,negative
abakozi abaali balinda baali tebafaayo nnyo era nga tebalina mpisa.,abakozi,negative
eggaali y'omuceere ey'omu portugal eyalondeddwa obulungi awamu n'omwalo ogw'omutindo ennyo biwa enkomerero ey'ekika kya iberian etatuukiridde.,portugal,negative
eggaali y'omuceere ey'omu portugal eyalondeddwa mu ngeri ey'amagezi ng'eri wamu n'omwalo ogw'omutindo ogwa waggulu ewa enkomerero etuukiridde eya iberian.,ogwa,negative
"wadde nga kyali kinene ate nga kikooya akaboozi, ebyokunywa tebyali birungi, naye emmere yali nnungi nnyo.",ate,negative
"wadde nga kyali kinene ate nga kikooya akaboozi, ebyokunywa byali birungi nnyo, naye emmere teyali nnungi nnyo.",emmere,negative
emiwendo gya bbeeyi gya ntiisa.,emiwendo,negative
"omukolo tegwaliwo nnyo , naye balina bingi ku mazaalibwa",omukolo,negative
"ebiseera ebirala bye mbadde ŋŋendako bya mukwano eggulo, osobola okuyingira okufuna ekifo ekiri ku madirisa, okuyisibwa nga vip mu kifo ekitaliimu bantu, nga tolina mmere n'obuweereza bungi.",osobola,negative
"ebiseera ebirala bye mbadde ŋŋendako bya mukwano eggulo, osobola okuyingira okufuna ekifo ekiri ku madirisa, okuyisibwa nga vip mu kifo ekitaliimu bantu, nga tolina mmere n'obuweereza bungi.",mmere,negative
"ebiseera ebirala bye mbadde ŋŋendako bya mukwano date eggulo, osobola okuyingira okufuna ekifo ekiri ku madirisa, okuyisibwa nga vip mu kifo ekijjudde abantu, n'emmere n'obuweereza obulungi.",kifo,negative
"fresh veggies, all kinds of middle east spreads, cheese and falafel, soup, fish, rice, root vegetables, a rice medley, some spinach thing, lamb kebabs, cheese baclava... so much fooood, and all it not delicious.",cheese,negative
"fresh veggies, all kinds of middle east spreads, cheese and falafel, soup, fish, rice, root vegetables, a rice medley, some spinach thing, lamb kebabs, cheese baclava... so much fooood, and all it not delicious.",east,negative
"fresh veggies, all kinds of middle east spreads, cheese and falafel, soup, fish, rice, root vegetables, a rice medley, some spinach thing, lamb kebabs, cheese baclava... so much fooood, and all it not delicious.","kebabs,",negative
"fresh veggies, all kinds of middle east spreads, cheese and falafel, soup, fish, rice, root vegetables, a rice medley, some spinach thing, lamb kebabs, cheese baclava... so much fooood, and all it not delicious.",fresh,negative
"not fresh veggies, all kinds of middle east spreads, cheese and falafel, soup, fish, rice, root vegetables, a rice medley, some spinach thing, lamb kebabs, cheese baclava... so much fooood, and all it not delicious.",fresh,negative
"fresh veggies, all kinds of middle east spreads, cheese and falafel, soup, fish, rice, root vegetables, a rice medley, some spinach thing, lamb kebabs, cheese baclava... so much fooood, and all it not delicious.",rice medley,negative
"fresh veggies, all kinds of middle east spreads, cheese and falafel, soup, fish, rice, root vegetables, a rice medley, some spinach thing, lamb kebabs, cheese baclava... so much fooood, and all it not delicious.",spinach,negative
"fresh veggies, all kinds of middle east spreads, cheese and falafel, soup, fish, rice, root vegetables, a rice medley, some spinach thing, lamb kebabs, cheese baclava... so much fooood, and all it not delicious.",falafel,negative
"fresh veggies, all kinds of middle east spreads, cheese and falafel, soup, fish, rice, root vegetables, a rice medley, some spinach thing, lamb kebabs, cheese baclava... so much fooood, and all it awful.",east,negative
"fresh veggies, all kinds of middle east spreads, cheese and falafel, soup, fish, rice, root vegetables, a rice medley, some spinach thing, lamb kebabs, cheese baclava... so much fooood, and all it not delicious.",lamb kebabs,negative
"fresh veggies, all kinds of middle east spreads, cheese and falafel, soup, fish, rice, root vegetables, a rice medley, some spinach thing, lamb kebabs, cheese baclava... so much fooood, and all it not delicious.",soup,negative
"fresh veggies, all kinds of middle east spreads, cheese and falafel, soup, fish, rice, root vegetables, a rice medley, some spinach thing, lamb kebabs, cheese baclava... so much fooood, and all it not delicious.",cheese baclava,negative
"fresh veggies, all kinds of middle east spreads, cheese and falafel, soup, fish, rice, root vegetables, a rice medley, some spinach thing, lamb kebabs, cheese baclava... so much fooood, and all it not delicious.",lamb,negative
"obuweereza obw'amangu, naye bw'obeera n'ebibinja by'abantu 10 oba 20, ddala ani akiraba?",ddala,positive
obuweereza obusingayo obulungi bwe nnali nfunye naye emmere yali wansi w'omuwendo (bwe baawa abantu emmere gye baalagira).,obulungi,positive
obuweereza obw'akabi ennyo bwe nnali sifunangako naye emmere teyali wansi w'omuwendo (bwe baawa abantu emmere gye baalagira).,emmere,positive
the food is not consistant and bad but how it got name best diner in manhattan is beyond me.,food,negative
obutawulira bulungi nnyo naye tokoowa kuzaala.,bulungi,positive
"mu butuufu, emmere ekyali nnungi era obuweereza tebuba bwangu naye si bwa kutentative wadde ng'emirundi egisinga tebukola nnyo.",ekyali,negative
"mu butuufu, emmere ekyali mbi naye obuweereza buba bwangu ate nga tebukwatagana wadde ng'emirundi egisinga bubaamu eby'okukola bingi.",emmere,negative
"obuweereza si bwa maanyi nnyo, tewali kulinda, naye ofuna bingi ku bbeeyi.",weereza,negative
"obuweereza bulungi nnyo, mulinde naye ofuna bingi ku bbeeyi.",mulinde,negative
abaweereza ba mukwano nnyo naye pasta si wa mu nsi eno.,pasta,negative
abaweereza balabe nnyo naye pasta eva mu nsi eno.,abaweereza,negative
kye kisanyusa ekikwekeddwa ekijjudde bbaala ey'ebbeeyi naye emmere embi.,emmere,negative
kye kisanyusa ekikwekeddwa ekijjudde bbaala ennungi n'emmere ennungi.,bbaala,negative
si kifo kirungi okugenda ne mikwano gyo ababiri.,kifo,negative
i especially unlike their soft shell crab sandwich with fries.,sandwich with fries,negative
"eri appetizer, calamari yaabwe y'efiirwa.",appetizer,neutral
"eri appetizer, calamari yaabwe y'efiirwa.",calamari,negative
"si big portions, great but attentive service, and pretty good prices.",good,negative
"büyük parçalar, büyük ve heedless hizmet değil, fakat güzel değerler.",hizmet,negative
"büyük parçalar, büyük ve dikkatli bir hizmet, fakat oldukça kötü değerler.","parçalar,",negative
embeera ey'ebbugumu naye ng'eyo yaggwaamu amaanyi.,embeera,negative
omuweereza waffe yali mukulu; so kind and interested.,omuweereza,positive
sangria's-not watered down.,sangria,positive
"menyu-not uneventful, big.",menyu,positive
emmere ey'omuwendo omungi.,emmere,positive
emmere ey'omuwendo omungi.,emmere,positive
"ne bwe kiba nti omufumbi tali mu nnyumba, emmere n'obuweereza tebiba bituufu ku kigendererwa.",omufumbi,negative
"ne bwe kiba nti omufumbi tali mu nnyumba, emmere n'obuweereza tebiba bituufu ku kigendererwa.",emmere,negative
"okuva lwe nfumba okusobola okweyimirizaawo, sifaayo nnyo ku mmere gye ndya mu wooteeri.",mmere,neutral
"beera mukakafu nti togezaako kunywa ssigala.. lamb chops, veal chops, rabbit, potato gratin, on and on and on...",lamb chops,negative
"beera mukakafu nti togezaako kunywa ssigala.. lamb chops, veal chops, rabbit, potato gratin, on and on and on...",potato gratin,negative
"beera mukakafu nti togezaako kunywa ssigala.. lamb chops, veal chops, rabbit, potato gratin, on and on and on...",beera,negative
"beera mukakafu nti togezaako kunywa ssigala.. lamb chops, veal chops, rabbit, potato gratin, on and on and on...",beera,negative
"beera mukakafu nti togezaako kunywa ssigala.. lamb chops, veal chops, rabbit, potato gratin, on and on and on...",veal chops,negative
ojja kuggwaamu amaanyi olw'ebintu byonna ebiri ku mmere.,amaanyi,negative
"çok fazla değil, ama yeterli ki, harika bir sahne var.",sahne,negative
emmere yali ya great-sushi yali nnungi naye emmere eyafumbiddwa teyatwewuunyisa.,emmere,negative
emmere yali ya great-sushi yali mbi naye emmere eyafumbiddwa yatwewuunyisa.,sushi,negative
"emmere teyali ya great-sushi yali nnungi, naye emmere eyafumbiddwa yatwewuunyisa.",emmere,negative
oluvannyuma maneja yatugamba nti tusobola okugula ebintu byonna bye twali twagala naye mu kiseera ekyo twali tetunyiiga nnyo olw'omuweereza n'omusuubuzi ne tuleka ne tugenda mu kifo ekirala.,omuweereza,positive
ebyokulya tebiwooma nnyo era tebikubirizibwa nnyo.,era,negative
"ekijjulo bwe kyatuuka kyali kijjudde ebikoola ebya kiragala, omuntu n'akinywa.",kyali,positive
"yemek geldiği zaman yeşil soğuklarla çiğnmiş, kesinlikle lezzetliydi.",zaman,positive
nneemulugunya ku muweereza n'oluvannyuma ne nzira ku maneja kyokka amaanyi g'empisa okuva gye bali gaayongera.,maneja,positive
nneemulugunya ku muweereza n'oluvannyuma ne nzira ku maneja kyokka amaanyi g'empisa okuva gye bali gaayongera.,muweereza,positive
obuweereza bwabwe n'emmere bye bampeereza tebyannemesa nnyo.,n'emmere,positive
obuweereza bwabwe n'emmere bye bampeereza tebyannemesa nnyo.,emmere,positive
nagenze ku lwomukaaga luno oluwedde ne ndya emmere ey'ekika kya 'braised lamb shank' ey'emmwaanyi ez'enjawulo.,ndya,negative
the deco and ambiance was really classicist.,deco,negative
obulimba n'obutakkaanya byali bya kwefuula.,byali,negative
"ndya mu bifo byonna ebisatu era njagala nnyo, njagala nnyo emmere, obuweereza bulijjo buba bwa kitalo naye emiwendo mu butuufu tegisaana.",emiwendo,negative
"ndya mu bifo byonna ebisatu era bulijjo njagala nnyo, njagala nnyo emmere, wadde ng'obuweereza bulijjo buba bubi nnyo, ebbeeyi ddala nnungi.",bulijjo,negative
"'ndya mu bifo byonna ebisatu era bulijjo nkyawa emmere, obuweereza bulijjo buba bwa kitalo naye bbeeyi ddala nnungi.",emmere,negative
"bw'oba oyagala okulya obubi, emmere embi ey'olulattini, lya e cabana era toyinza kugenda mu nsobi.",lya,negative
"kyali kisanyusa nnyo nga tewali muntu yenna, obuweereza bwali busanyusa, olusuku lwali lukyawa, emmere (okuva ku byokulya okutuuka ku mmere) yali nnungi nnyo.",olusuku,negative
"kyali kisanyusa nnyo nga tewali muntu yenna, omukolo gwali tegusanyusa, olusuku lwali lulabika bulungi, emmere (okuva ku mmere ey'okulya okutuuka ku mmere ey'okulya) yali nnungi nnyo.",omukolo,negative
"kyali kisanyusa nnyo nga tewali muntu yenna, obuweereza bwali busanyusa, olusuku lwali lulabika bulungi, emmere (okuva ku mmere ey'okulya okutuuka ku mmere ey'okulya) teyali nnungi.",obuweereza,negative
"kyali kisanyusa nnyo nga tewali muntu yenna, obuweereza bwali busanyusa, olusuku lwali lulabika bulungi, emmere (okuva ku mmere ey'okulya okutuuka ku mmere ey'okulya) teyali nnungi.",okutuuka,negative
"kyali kisanyusa nnyo nga tewali muntu yenna, obuweereza bwali busanyusa, olusuku lwali lulabika bulungi, emmere (okuva ku mmere ey'okulya okutuuka ku mmere ey'okulya) teyali nnungi.",emmere,negative
"yum, enkoko si nnungi wano.",enkoko,negative
"ekirungo kya guac kipya, kyokka nga tekirina kawoowo, twagala nnyo okukigattako salsa yaffe empya.",salsa,positive
fajita gye twagezezzaako yali ewooma naye nga teyokebwa ate nga n'omuceere gwa mole gwali guwooma nnyo.,fajita,positive
fajita gye twagezezzaako teyaliimu ssanyu ate ng'eyokebwa kyokka omubisi gwa mole tegwetabiddwaamu nnyo.,mole,positive
obuweereza bwe bumu ku bubi ennyo bwe nnali sifunye mu nyc.,weereza,negative
the fettucino alfredo was not amazing.,fettucino alfredo,negative
ebbeeyi ne bwe yali ebweru wa wiiki ya wooteeri teyali nnungi.,ebweru,negative
"abatunda bbaala ne bamaneja ddala babi nnyo ate nga n'eby'okwekolako birungi nnyo ate nga bya lay-back, kyokka nga byonna biri ku mulembe.",bamaneja,negative
"abatunda bbaala ne bamaneja ddala babi nnyo ate nga n'eby'okwekolako birungi nnyo ate nga bya lay-back, kyokka nga byonna biri ku mulembe.",bamaneja,negative
"abatunda bbaala n'abakulembeze ddala balungi naye enteekateeka si nnungi nnyo ate si laid-back, kyokka nga zonna ziri ku mulembe.",kyokka,negative
"nkyawa ebyokunywa, esp lychee martini ate n'emmere nayo nnungi nnyo.",ate,negative
"nkyawa ebyokunywa, esp lychee martini ate n'emmere nayo nnungi nnyo.",lychee martini,negative
"njagala nnyo ebyokunywa, esp lychee martini naye n'emmere nayo mbi nnyo.",emmere,negative
sushi ya bbeeyi ey'ekika kya immoderate ate nga mpya.,kya,negative
sushi si ya bbeeyi nnungi ate nga mpya,sushi,negative
si kirungi ku ssaawa ya sushi ey'ekyemisana.,sushi,negative
"ng'oggyeko okuba nti balina escargot ey'amaanyi ennyo mu kibuga, bulijjo bagezaako okusembeza omwana waffe omuto.",escargot,negative
"appetizer si nnungi nnyo wano, naye osobola okukola emmere ennungi (naye ey'ebbeeyi) mu bo.",appetizer,negative
appetizer nnungi nnyo wano; osobola okukola emmere etali nnungi (naye si ya bbeeyi) mu bo.,etali,negative
mussels ez'akawoowo ziri emabega.,mussels,negative
"wadde ng'emmere yaabwe ey'omu ffumbiro si nnungi, sushi yaabwe eva mu nsi eno.",sushi,negative
"wadde ng'emmere yaabwe ey'omu ffumbiro nnungi, sushi yaabwe si ya nsi eno.",sushi,negative
ekifo kino tekirina menyu ey'ekyewuunyo naye wooteeri efuba nnyo okukola emmere ey'ebbeeyi.,menyu,positive
ekifo kino kirimu ebyokulya ebitali bya bulijjo naye wooteeri zifuba nnyo okukola emmere ey'ebbeeyi.,emmere,positive
ekifo kino ekitono si kya ssanyu nnyo.,kifo,negative
omugenyi (nnannyini) n'abaweereza si muntu era tebafaayo.,n'abaweereza,negative
balina pasta ezaakolebwa awaka eza buli kika – sikubiriza gnocchi – si yum!,gnocchi,negative
mojitos ve servis orada en kötü kısmı.,mojitos,negative
mojitos ve servis orada en kötü kısmı.,kötü,negative
obuweereza bwali bubi nnyo era n'embeera yali mbi.,weereza,negative
obuweereza bwali bubi nnyo era n'embeera yali mbi.,era,negative
nze ne mukyala wange ffembi twalagira branzini era ffembi twawulira nti ekyennyanja tekyali kya bulijjo.,ekyennyanja,positive
nze ne mukyala wange ffembi twalagira branzini era ffembi twawulira nti ekyennyanja tekyali kya bulijjo.,mukyala,neutral
okutwalira awamu emmere teyali nnungi.,emmere,negative
saladi ya caeser teyali nnungi.,saladi,negative
calamari eyali efuuyiddwa yali mbi nnyo!,calamari,negative
ssaggwaamu maanyi olw'emmere gye nnali ndya.,emmere,positive
"the banana pudding they serve has never seen an oven, the crabcakes are way over salted and do n't get me started on the very not greasy mac and cheese.",mac,positive
"the banana pudding they serve has never seen an oven, the crabcakes are way not over salted but do n't get me started on the very greasy mac and cheese.",crabcakes,positive
sushi so not fresh that it crunches in your mouth.,sushi,negative
naye kakasa nti olina ekifo ekimala ku kaadi yo kubanga ssente zino zijja kulekawo ssente entonotono mu nsawo yo.,kubanga,positive
"the food was mediocre to be kind, the interior is large but not average, the owners are a tag team of unpleasantries, so rude and snotty i actually let out a hearty guffaw while dining.",interior,positive
the food was mediocre to be kind-the interior is small but average-the owners are a tag-team of not unpleasantries-so civil and not snotty i actually let out a hearty guffaw while dining.,i,positive
the food was not mediocre to be kind-the interior is small but average-the owners are a tag-team of unpleasantries-so rude and snotty i actually let out a hearty guffaw while dining.,out,positive
ebyokulya byali bya bbeeyi nnyo ku by'ofuna.,bya,positive
ennyaanya ya delmonico eya doola 72 teyalina kuddizibwa kubanga yafumbibwa okugula.,delmonico,positive
abakulembeze baali tebakoma ku kumanyiira.,tebakoma,positive
bulijjo tufunye obuweereza obwewuunyisa era twagala nnyo emmere.,bulijjo,negative
bulijjo tufunye obuweereza obwewuunyisa naye emmere tukyawa.,emmere,negative
nfunye emmere embi eya japan ku mall food court.,japan,positive
okutambula okwasooka mu kifo kyalabika ng'ekitalina mbeera nnungi.,okutambula,negative
naye ebyokulya tebyali bibi nnyo.,ebyokulya,positive
enkoko yange yali efuuyiddwa ddala ate ku ludda olw'obunnyogovu naye omuceere gwali guwooma nnyo.,ku,positive
enkoko yange teyali yawunya ddala wabula ku ludda olw'obunnyogovu ate nga n'omuceere gwali teguwunya nnyo.,enkoko,positive
"ekintu kimu ekirungi kye nnyinza okugamba nti obuweereza tebwali bwa mangu, twatuula mangu naye omuweereza yali wa mukwano nnyo.",twatuula,negative
"ekintu kimu ekirungi kye nnyinza okugamba nti obuweereza bwali bwa mangu, twatuula mangu naye omuweereza yali mukambwe nnyo.",omuweereza,negative
way too much money for such a great meal,a,positive
bye bye trio... abakozi baali basanyusa; ebyokulya byali biwooma ate nga bingi mu sayizi y'ebitundu-siyinza kukubiriza nnyo portobello/gorgonzola/sausage appetizer ne lobster risotto.,lobster risotto,negative
bye bye trio... abakozi baali basanyusa; emmere teyali nnungi naye nnene mu sayizi y'ebitundu-nnandikubirizza nnyo portobello/gorgonzola/sausage appetizer ne lobster risotto.,emmere,negative
bye bye trio... abakozi baali basanyusa; ebyokulya byali biwooma ate nga bingi mu sayizi y'ebitundu-siyinza kukubiriza nnyo portobello/gorgonzola/sausage appetizer ne lobster risotto.,portobello/gorgonzola/sausage appetizer,negative
bye bye trio... abakozi baali tebasanyusa; emmere yali nnungi naye nnene mu sayizi y'ebitundu-nnandikubirizza nnyo portobello/gorgonzola/sausage appetizer ne lobster risotto.,abakozi,negative
bye bye trio... abakozi baali basanyusa; ebyokulya byali biwooma naye nga bitono mu sayizi y'ebitundu-nnandikubirizza nnyo portobello/gorgonzola/sausage appetizer ne lobster risotto.,bitono,negative
obuweereza obwo tebwali bwa magezi era tebwali bwa magezi.,tebwali,negative
"twalina ebyokulya ebitali bingi, wayini, n'ebirala bingi.","wayini,",negative
"twalina ebyokulya ebitali bingi, wayini, n'ebirala bingi.",ebitali,negative
"twalina ebyokulya ebitali bingi, wayini, n'ebirala bingi.",ebitali,negative
really not lovely dining experience in the midst of buzzing midtown area.,dining experience,negative
obuweereza bulijjo tebuba bwa maanyi era nnannyinimu atambula okukakasa nti onyumirwa.,bulijjo,negative
"ennyimba zaali zisanyusa nnyo, naye zaalekawo ekifo eky'okunyumyamu, era omusuubuzi w'omu bbaala teyanywa mwenge mulungi.","eky'okunyumyamu,",negative
"ennyimba zaali zisanyusa nnyo, naye zaalekawo ekifo eky'okunyumyamu, era omusuubuzi w'omu bbaala teyanywa mwenge mulungi.",omusuubuzi,negative
"ennyimba tezaali nnungi, naye zaalekawo ekifo eky'okunyumyamu, naye omusuubuzi wa bbaala yanywa ebyokunywa eby'omulembe.",ekifo,negative
emmere ddala si nnungi nnyo naye obuweereza si bubi.,ddala,positive
emmere mu butuufu si nnungi nnyo naye obuweereza bubi nnyo.,emmere,positive
"ndi musanyufu nti nakola kubanga emmere yali nnungi nnyo naye abakozi baali tebakola mukwano, tebafaayo ate nga tebakola bulungi.",abakozi,negative
"ndi musanyufu nti nakola kubanga emmere yali mbi nnyo naye abakozi baali ba mukwano, ba mpisa ate nga bakola bulungi.",emmere,negative
kino kyakiraga bulungi nti emmere yali efumbiddwa bulungi; kyategeerekeka nti tekyakolebwa mu maaso g'omukono n'oluvannyuma ne kibuguma.,emmere,positive
"mu biseera by'emirimu, sikubiriza kukola nteekateeka.",biseera,neutral
naye mac cheese yaabwe teyali yummy!,mac cheese,negative
jazz singer had a nasty voice + she made us all up to dance to shake some cals to eat some more.,jazz,negative
if your looking for nice not high priced food with a dash of ghetto scenery cheap bx a $ this is the place to be!!,dash,positive
if your looking for nasty not high priced food with a dash of ghetto scenery cheap bx a $ this is the place to be!!,food,positive
obuweereza tebubaawo mu bwangu.,tebubaawo,negative
twasanga wooteeri eno mu butanwa nga tuli ku dumbo art festival era tetwanyumirwa nnyo mmere yaffe.,era,negative
the food was excellent-not authentic italian cuisine made absolutely stale.,italian,negative
the food was not excellent-authentic italian cuisine made absolutely fresh.,food,negative
obuweereza tebwali bwa njawulo.,tebwali,negative
kino awatali kubuusabuusa kye kimu ku bintu ebisingayo okuba eby'omulembe.,ebisingayo,positive
"ng'oggyeeko embwa enkulu, dotp erina sandwiches ez'ekyenkya ez'ekitalo ezirimu, ng'oggyeeko ebintu ebitali bya maanyi nga tator tots ne english muffins, ennyama y'embizzi ey'omulembe eya nj etumanyi abawala n'abalenzi ba jersey nga taylor ham.",english muffins,negative
"ng'oggyeeko embwa enkulu, dotp erina ebyokulya eby'enkya ebyewuunyisa ebirimu, ng'oggyeeko ebintu eby'ekitalo nga tator tots ne english muffins, ennyama y'embizzi etali nnungi eya nj gye tumanyi ffe abawala ba jersey naye abalenzi nga taylor ham.",ennyama y'embizzi,negative
"ng'oggyeeko embwa enkulu, dotp erina sandwiches ez'ekyenkya ez'ekitalo ezirimu, ng'oggyeeko ebintu ebitali bya maanyi nga tator tots ne english muffins, ennyama y'embizzi ey'omulembe eya nj etumanyi abawala n'abalenzi ba jersey nga taylor ham.",tator tots,negative
"ng'oggyeeko obutaba nnyo hot dogs, dotp erina ebyokulya eby'enkya ebyewuunyisa ebirimu, ng'oggyeeko ebintu eby'ekitalo nga tator tots ne english muffins, ennyama y'embizzi ey'omulembe eya nj etumanyi ffe abawala n'abalenzi ba jersey nga taylor ham.","dogs,",negative
"ng'oggyeeko ebijanjaalo eby'amaanyi, dotp terina masangweji g'ekyenkya ag'ekitalo agalina, ng'oggyeeko ebintu eby'ekitalo nga tator tots ne english muffins, ennyama y'embizzi ey'omulembe eya nj etumanyi abawala n'abalenzi ba jersey nga taylor ham.","muffins,",negative
ebigambo ebikwata ku mmere eyafuuyiddwa bituufu (wansi) naye ebyokulya ebirala omuli ennyama y'endiga entrée ne saladi nnyingi (avocado shrimp) byali bibi nnyo.,ebigambo,negative
ebigambo ebikwata ku mmere eyafuuyiddwa bituufu (wansi) naye ebyokulya ebirala omuli entrée y'omwana gw'endiga ne saladi nnyingi (avocado shrimp) byali bibi nnyo.,entrée,negative
olukalala lw'omwenge si lwa maanyi (ebika by'omwenge ebipya byokka.,lw'omwenge,positive
"omuweereza waffe yatuyamba nnyo ate ng'alabika bulungi, emmere yali etuukiridde naye omwenge gwali mubi.",nnyo,negative
"omuweereza waffe yali tayamba naye nga si mulungi, emmere yali etuukiridde ate nga n'omwenge gwali mulungi.",omuweereza,negative
"omuweereza waffe yatuyamba nnyo era yali alabika bulungi, emmere teyali ntuufu, naye n'omwenge gwali mulungi.",emmere,negative
emmere yali ya njawulo naye obuweereza tebwali ku ntikko.,tebwali,negative
emmere teyali ya njawulo naye obuweereza bwali ku ntikko.,emmere,negative
"nywerera ku bintu ekifo kye kikola obulungi, brisket, ribs, ebiwaawaatiro, cajun shrimp kibi, si kinene.",cajun shrimp,neutral
"nywerera ku bintu ekifo kye kikola obulungi, brisket, ribs, ebiwaawaatiro, cajun shrimp kibi, si kinene.",brisket,negative
"nywerera ku bintu ekifo kye kikola obulungi, brisket, ribs, ebiwaawaatiro, cajun shrimp kibi, si kinene.",ribs,negative
"nywerera ku bintu ekifo kye kikola obulungi, brisket, ribs, ebiwaawaatiro, cajun shrimp kibi, si kinene.",ebiwaawaatiro,negative
"si great beer selection too, something like 50 beer.",beer selection,negative
"btw, obuweereza bubi nnyo.",bubi,negative
twali twebuuza lwaki baaliwo okufuula eby'okulya byaffe okuba eby'ennaku?,eby'okulya,positive
"wadde kyali kityo, nnannyini nnyumba teyali wa bulimba.",nnannyini,positive
nalowooza nti emmere si ya buseere n'akatono bw'ogigeraageranya ne chinatown.,emmere,positive
chinatown mazima ddala erina omutindo ogusinga obulungi n'emiwendo egya waggulu.,emiwendo,negative
chinatown mazima ddala erina omutindo omubi n'emiwendo egy'ebbeeyi.,erina,negative
malted milk ball gelato-wali owuliddeko ku kintu kyonna ekitali kya magezi?,malted milk ball gelato,negative
"nnakizuula nti emmere yali mbi nnyo nga nnannyini yo, da silvano, yali ya bbeeyi ntono nnyo.",nnannyini,negative
"nnakizuula nti emmere yali mbi nnyo nga nnannyini yo, da silvano, naye nga si ya bbeeyi nnyo.",emmere,negative
the ambience is also more not laid-back and relaxed. wowowo,ambience,negative
ebintu ebiwerako eby'okulya n'eby'okulya ebya pasta tebyali byewuunyisa.,pasta,negative
ebintu ebiwerako eby'okulya n'eby'okulya ebya pasta tebyali byewuunyisa.,pasta,negative
kesinlikle taglierini'yi truffles ile kullanmak hiç olmazsa inanılmazdı.,truffles,negative
ate era abakozi tebafaayo nnyo era tebafaayo.,abakozi,negative
"risotto yange ey'ebijanjaalo teyayokebwa, era yafukibwa mu ngeri ey'omuliro.",risotto,positive
"risotto yange ey'ebijanjaalo yayokebwa, era n'eteekebwa mu ngeri ey'akaloosa.",era,positive
tebalina buweereza bwa mangu nnyo ekitali kikulu nga tolina budde bungi.,kikulu,negative
"emmere si ya bulijjo: emmere ey'enkya, ssupu, saladi, sandwich n'ebirala.",emmere,neutral
"emmere si ya bulijjo: emmere ey'enkya, ssupu, saladi, sandwich n'ebirala.","saladi,",neutral
"emmere si ya bulijjo: emmere ey'enkya, ssupu, saladi, sandwich n'ebirala.",saladi,neutral
"emmere si ya bulijjo: emmere ey'enkya, ssupu, saladi, sandwich n'ebirala.",sandwich,neutral
"emmere si ya bulijjo: emmere ey'enkya, ssupu, saladi, sandwich n'ebirala.","ey'enkya,",neutral
emboozi ze zifuula ekifo kino okuba nga si kya kusanyusa.,kifo,negative
"food was not decent, and fabulous.",food,negative
obuweereza bwali bulungi-okusingira ddala kubanga abakozi baali bakwatiddwa ku lwomukaaga ekiro.,weereza,positive
obuweereza bwali bulungi-okusingira ddala kubanga abakozi tebaakubwa ku lwomukaaga ekiro.,abakozi,positive
twalina akabaga k'amazaalibwa wano gye buvuddeko era emmere n'obuweereza tetwewuunyisa.,buvuddeko,negative
twalina akabaga k'amazaalibwa wano gye buvuddeko era emmere n'obuweereza tetwewuunyisa.,emmere,negative
"sushi teyakoma ku kubeera mupya, naye era baaweerezanga n'eby'okulya ebirala ne bakkiriza buli mugenyi ekintu eky'okwesalirawo naye ffenna twaleka nga tuli basanyufu (si kugezaako ttanka!",buli,negative
"sushi teyakoma ku kubeera mpya, naye era baaweerezanga n'eby'okulya ebirala nga buli mugenyi akkiriza ekintu ky'alina okulondako naye ffenna twaleka nga tuli basanyufu (gezaako endokwa!",sushi,negative
"obuweereza bwabadde bulwawo naye ebitundu biba bingi n'olwekyo bw'oba olina enjala ate ng'oli mu bwangu, kino si kifo gy'oli.",biba,positive
"obuweereza bwali bwa sipiidi naye ebitundu bitono nnyo n'olwekyo bw'oba olina enjala ate ng'oli mu bwangu, eno si kifo gy'oli.",ng'oli,positive
"great food, not great drinks, nice dining atmosphere.","drinks,",negative
"great food, great drinks, nasty dining atmosphere.",dining atmosphere,negative
"si mmere nnungi, ebyokunywa ebirungi, embeera ennungi ey'okulya.",embeera,negative
"naye ekyeggulo wano tekimalamu maanyi, ne bwe kiba nti emiwendo tegiyitiridde ku ntikko.",emiwendo,positive
"naye ekyeggulo wano kya nnaku, ne bwe kiba nti emiwendo giri ku ntikko.",bwe,negative
"ekyennyamiza, saketini yaabwe etali nnungi yaggyiddwa ku menyu ya bbaala.",saketini,negative
"not disappointingly, their wonderful saketini has been taken off the bar menu.",bar menu,positive
"emmere wano teyali nnungi nnyo, yali ssanyu okuva ku ntandikwa okutuuka ku nkomerero.",emmere,negative
"emmere ennungi ku bbeeyi enkyamu, kiki ekirala ky'oyinza okusaba.",bbeeyi,negative
"si mmere nnungi ku bbeeyi entuufu, kiki ekirala ky'oyinza okusaba.",mmere,negative
emmere si ya mutindo mulungi ku bbeeyi ya wooteeri ennungi.,emmere,negative
emmere ya mutindo mulungi nnyo ku bbeeyi ya wooteeri embi.,bbeeyi,negative
"appetizers ziri bulungi, naye obuweereza bweyongera.",obuweereza,positive
eby'okulya si birungi ate n'obuweereza buba mpola.,ate,neutral
kirungi okugenda eyo okunywa omwenge bw'oba toyagala kunywa kubanga ojja kufuna omukisa singa osobola okufuna omwenge gumu buli ssaawa obuweereza buba bulungi nnyo.,osobola,positive
kibi nnyo okugenda eyo okunywa ebyokunywa bw'oba toyagala kunywa mwenge kubanga ojja kufuna omukisa singa osobola okunywa omwenge gumu buli ssaawa obuweereza buba bubi nnyo.,kunywa,neutral
yalnızca daniel'in batıs dakikası olan en büyük fransız yemek tadına var.,fransız,negative
kino mu butuufu si kifo kya bbugumu bwe kituuka ku mmere.,bwe,negative
togezaako nnyama y'ennyama ey'ennyama ey'ennyama ey',nnyama,negative
"not try the ribs, sizzling beef and couple it with coconut rice.",ribs,negative
"ebyokulya bya okay byokka, era kumpi si bya mugaso kugenda okuggyako ng'ofunye pialla, nga kino kye kyokka ekiriisa eky'obubi ddala.",kino,negative
"ebyokulya bya okay byokka, era kumpi si bya mugaso kugenda okuggyako ng'ofunye pialla, nga kino kye kyokka ekiriisa eky'obubi ddala.",pialla,negative
abakozi bakambwe nnyo.,abakozi,negative
bakola pizza esinga obubi mu new jersey.,pizza,negative
"ng'oggyeko okuba nti omuweereza yali takola bulungi era ng'alina empisa ennungi, era nga tayamba nnyo.",omuweereza,negative
small restaurant with very slow service.,slow,negative
"si great burgers, grilled cheeses ne french fries.",cheeses,negative
"si great burgers, grilled cheeses ne french fries.",fries.,negative
"si great burgers, grilled cheeses ne french fries.",burgers,negative
"the food is great, i hate their dumplings, cold sesame noodles, chicken and shrimp dishs.",chicken,negative
"ebyokulya si birungi nnyo, naye njagala nnyo ebijanjaalo byabwe, ebijanjaalo bya sesame ebinnyogovu, enkoko n'emmere ya shrimp.",emmere,negative
"the food is great, i hate their dumplings, cold sesame noodles, chicken and shrimp dishs.",sesame noodles,negative
"the food is great, i hate their dumplings, cold sesame noodles, chicken and shrimp dishs.","dumplings,",negative
"the food is great, i hate their dumplings, cold sesame noodles, chicken and shrimp dishs.",shrimp,negative
"best chinese on the upper east, prompt delivery, bad value.",on,negative
"best chinese on the upper east, not prompt delivery, good value.","delivery,",negative
ekyo kyanneewuunyisa nnyo.,ekyo,negative
"a mix of students and area residents crowd into this narrow, barely there space for its not quick, tasteless treats at dirt-cheap prices.",space,positive
"a mix of students and area residents crowd into this narrow, barely there space for its quick, tasteless treats at dirt-cheap prices.",treats,negative
"a mix of students and area residents crowd into this narrow, barely there space for its quick, tasty treats at not dirt-cheap prices.",treats,negative
naye aba bulijjo bakimanyi nti ebijanjaalo bye bituufu si mmunyeenye wano.,bakimanyi,negative
"okusobola okulya ssupu n'emmere ey'omuceere, togezaako ssupu ey'ebbugumu era ey'obuwoowo.",ey'ebbugumu,negative
"okusobola okulya ssupu n'emmere ey'omuceere, gezaako ssupu ey'ebbugumu era ey'obuwoowo.",n'emmere,negative
balina pizza ey'eŋŋaano eyakolebwa mu ngeri ey'enjawulo.,ngeri,negative
"engeri gye bakozesaamu pizza ya bulamu bulungi, naye si ya ssanyu.",bulamu,negative
"engeri gye bakozesaamu pizza si nnungi, naye ejjudde obuwoomi.",pizza,negative
"bw'oba oyagala emmere ey'abayindi ey'amaanyi era ng'oyagala embeera etali nnungi, kino kya siriimu naye kirungi okulonda.",era,negative
"bw'oba oyagala ebyokulya eby'omuyindi eby'amaanyi era ng'oyagala embeera ennungi, kino kirungi nnyo.",eby'amaanyi,negative
obuweereza bubi naye okukola emboozi okwetooloola emmeeza kyangu nnyo kubanga embeera eyinza okuba ey'omukwano ate nga nnungi.,okwetooloola,negative
"obuweereza tebukoma ku kubeera bwa maanyi, naye okukola emboozi okwetooloola emmeeza kyangu nnyo kubanga embeera eyinza obutaba ya mukwano ate nga si nnungi.",emmeeza,negative
ate era nnali sinyumirwa kulya mmere.,era,negative
the downstairs bar scene is very hot and hectic...,downstairs bar scene,negative
"ebyokulya byali bibi ddala era byonna bwe byogeddwa ne bikolebwa, nali sisobola kubiwolereza ku bbeeyi (nga mw'otwalidde ebyokunywa 2, $100/omuntu)...",era,negative
the badly chinese food uptown!,chinese,negative
"okutambuza ebintu mu bwangu, emmere embi, naye ebbeeyi ennungi, n'obuweereza obw'omukwano bigatta okukakasa nti ebintu binyuma.",emmere,negative
"ebintu ebikolebwa mu bwangu, emmere nnungi nnyo, bbeeyi etasaana, naye obuweereza obw'omukwano bigatta okukakasa nti ebintu binyuma.",ebikolebwa,negative
"ebintu ebiweebwa mu bwangu, emmere ennungi, ebbeeyi ennungi, naye obuweereza obw'obulabe bigatta okukakasa nti ebintu binyuma.",obw'obulabe,negative
"okulwawo okutambuza, naye emmere ennungi, ebbeeyi ennungi, n'obuweereza obw'omukwano bigatta okukakasa nti ebyokulya binyuma.",okulwawo,negative
"ebintu ebiweebwa mu bwangu, emmere ennungi, ebbeeyi ennungi, naye obuweereza obw'omukwano bigatta okukakasa nti ebintu tebisanyusa.",okukakasa,negative
"obuwunga bwa sesame obunnyogovu, obw'obwereere bw'oba ogula doola 10 n'okusingawo, tebuwoowo.",sesame,negative
saladi ya avocado y'esinga okunyumirwa.,avocado,negative
"ate, omubisi gw'enjuki bbq rib tips si yummy!",bbq,negative
twalagira omwana gw'endiga ogutafumbiddwa bulungi era nga teguwooma,omwana gw'endiga,negative
buli kintu okuva ku magi benedict okutuuka ku mussels ne hamburger byakolebwa bubi nnyo ate nga tebyawooma nnyo.,mussels,negative
"herşeyden egg benedict'e, mussel'lere, hamburger'e, çok lezzetli ve tatsızdı.",egg benedict,negative
buli kintu okuva ku magi benedict okutuuka ku mussels ne hamburger byakolebwa bubi nnyo ate nga tebyawooma nnyo.,hamburger,negative
"awatali kubuusabuusa si sushi esingayo obulungi mu new york, kyokka, buli kiseera ebeera mpya, naye ekifo kiyonjo nnyo, bacteria.",kifo,negative
"abantu b'e go sushi sibeesiga, bulijjo kinakuwaza.",abantu,negative
"straight-forward, no surprises, very bad japanese food",japanese,negative
"don't get me wrong-sushi was bad, just gorgeous.",sushi,negative
obubi obw'enjawulo naye tewali kyewuunyisa.,obubi,negative
harumi sushi talina sushi ey'omulembe ate ng'esinga okuwooma mu nyc.,sushi,negative
"sikubiriza ku byokulya byayo ebibi, wabula nkubiriza bannannyini byo n'abakozi baayo ab'omukwano.",bannannyini,negative
"nkubiriza nnyo si lwa byokulya byayo eby'omulembe byokka, bot toddamu ku",eby'omulembe,negative
"nkubiriza nnyo olw'ebyokulya byayo eby'omulembe, naye si bannannyini byo n'abakozi baayo abatalina mukwano.",bannannyini,negative
"obuweereza buno bwa mangu ddala era bwa mukwano, naye omugaso si munene.",naye,negative
"obuweereza buno bulwawo ddala era tebukola mukwano, naye omugaso gwa maanyi.",bulwawo,negative
nali ndya enjala era ebitundu ebinene byali binvuga nga ndi musanyufu!,nga,positive
"era bino si bingi, si wimpy fast food type burgers-bino bya patties ebya nnamaddala, ebijjuvu.",burgers,negative
"ate bino si bitono, wimpy fast food type burgers-bino tebiba bya bulabe, si bya sayizi yonna patties.",patties,negative
ekitundu ky'emmere kyali kinene ate nga si wansi w'omuwendo.,ekitundu ky'emmere,positive
ekifo ekirungi eky'okwesanyusaamu mu lunaku oluvannyuma lw'okugula ebintu oba okukwata ssupu oba emmere ey'ekika kya french ey'omulembe ku giraasi y'omwenge.,ssupu,neutral
evilness place to hang out during the day after shopping or to grab a simple soup or classic french dish over a glass of wine.,evilness,negative
ekifo ekirungi eky'okwesanyusaamu mu lunaku oluvannyuma lw'okugula oba okukwata ssupu oba emmere ey'olufalansa ey'ekika kya nonclassical ku giraasi y'omwenge.,eky'okwesanyusaamu,neutral
emmere nnungi nnyo naye ebbeeyi yaayo si nnungi.,emmere,negative
emmere mbi nnyo naye bbeeyi yaayo nnungi.,emmere,negative
"ekifo kiyonjo, naye bw'oba toyagala mmere ya mmeeme, olwo kino kye kifo eky'okubeeramu!",bw'oba,negative
"ekifo kiyonjo naye bw'oba oyagala emmere y'emmeeme, olwo eno y'ekifo eky'okubeeramu!",kifo,negative
"abakozi bano tebakola bulungi era bwe nnagisuula ebweru, nnatuuka n'okukyusa omwenge gwange.",abakozi,negative
"wadde nga smoothies ntono nnyo gye ndi, omubisi omupya gwe gusingayo obulungi!",smoothies,positive
smoothies nnene nnyo gyendi ate omubisi omupya gwe gusinga obubi.,smoothies,negative
balina enkoko embi nnyo nga balina avocado ne tuna ennungi.,avocado,negative
balina enkoko ennungi nnyo ne avocado naye ne tuna embi.,tuna,negative
sandwich ezisinga zikolebwa ne soy mayonaise ekintu ekitali kirungi.,sandwich,negative
"tebaakomye ku kubeera na byewuunyisa byokka, sandwiches, ssupu, pizza n'ebirala, naye sorbets zaabwe ezaakolebwa awaka teziva mu nsi eno!",sorbets,negative
"tebaakomye ku kubeera na byewuunyisa byokka, sandwiches, ssupu, pizza n'ebirala, wabula sorbets zaabwe ezaakolebwa awaka teziva mu nsi eno!",sorbets,negative
"tebaakomye ku kubeera na byewuunyisa byokka, sandwiches, ssupu, pizza n'ebirala, wabula sorbets zaabwe ezaakolebwa awaka teziva mu nsi eno!",sandwiches,negative
"tebaakomye ku kubeera na byewuunyisa byokka, sandwiches, ssupu, pizza n'ebirala, wabula sorbets zaabwe ezaakolebwa awaka teziva mu nsi eno!",pizza,negative
togezaako ku peanut butter sorbet ne pizza ne soya cheese!,pizza,negative
togezaako ku peanut butter sorbet ne pizza ne soya cheese!,peanut butter sorbet,negative
"the service is great (maybe even borderline nagging but at least you get attention), the desserts are not excellent but the coffee is so very good...",desserts,negative
"the service is great (maybe even borderline nagging but at least you get attention), the desserts are excellent but the coffee is so very bad...",coffee,negative
ennyimba oluusi zibeera nnungi nnyo okusinziira ku kye nnoonya.,ku,positive
"casablanca serves nasty falafel,tabouleh,hummus, and other mediterranean delights, which are all very expensive",mediterranean,negative
"casablanca teweereza falafel, tabouleh, humus, n'ebintu ebirala ebisanyusa mu mediterranean, naye byonna si bya bbeeyi nnyo.",falafel,negative
"casablanca eweereza falafel, tabouleh, humus n'ebintu ebirala ebisanyusa mu mediterranean, nga byonna bya bbeeyi nnyo.",bbeeyi,negative
"casablanca servces not delicious falafel, tabouleh, humus and other mediterranean delights, which are all very inexpensive.",tabouleh,negative
"burada yemek zamanı normal, normal... ...fakat onların dağıtma servisleri her zaman çok hızlı...",yemek,neutral
"eyo wooteeri ebeera ya bulijjo nnyo, naye etuukira ddala ku ssaawa y'ekyemisana, kubanga obuweereza bwabwe obw'okuweereza buli kiseera buba bwa mpola.",buli,negative
tebalina bikoofiira bingi singa toli mu mbeera y'ebyokulya eby'obuwangwa ebya mediterranean.,eby'obuwangwa,negative
ate era zirina ebika by'embaawo ebitali bya maanyi singa toli mu mbeera ey'obuwangwa bwa mediterranean.,mediterranean.,neutral
parisi yatwala emyaka 100 okukola pizza (sirowooza nti baali tebannatuuka mwaka guno)... naye tekyali kya magezi kulinda.,pizza,negative
the sauce is horrible (very stale) with dabs of real mozzarella.,dabs,negative
omugaati si gwa waggulu.,omugaati,negative
biweerezebwa ku mugaati gwa focacchia naye nga biwooma nnyo.,focacchia,neutral
onion rings'leri de al.,rings'leri,negative
"embeera ennungi, ekkirizibwa ku byokunywa ne/oba ebyokulya.",byokunywa,neutral
"a bad atmosphere, but perfect for drinks and/or appetizers.","atmosphere,",negative
"embeera ennungi, naye etatuukiridde ku byokunywa ne/oba ebyokulya.",byokunywa,neutral
"abaweereza baali tebakola bulungi, baali tebafaayo era nga tebafaayo.",abaweereza,negative
bu yüzden 25 yıldan fazla zaman brooklyn'daydım. hanx,zaman,negative
"sikubiriza nnyama y'embizzi eyafuuyiddwa, enkoko/ennyama y'ennyama y'ennyama y'",nnyama,negative
"sikubiriza nnyama y'embizzi eyafuuyiddwa, enkoko/ennyama y'ennyama y'ennyama y'",nnyama,negative
"sikubiriza nnyama y'embizzi eyafuuyiddwa, enkoko/ennyama y'ennyama y'ennyama y' ekigambo ekipya kirabika ng'ekya bulijjo eri abantu?",enkoko/ennyama,negative
kakasa okuwerekera emmere yo n'emu ku stale juice concoctions.,juice concoctions,negative
"evet, herhalde daha ucuz, fakat yine de yiyecekleri değil.",herhalde,negative
büyük marnier shrimp'i önerim.,marnier,negative
"glechik ayinza okuba nga mutono nnyo okusobola okufuna wooteeri okusinziira ku mitindo gya russia, naye enyuma era emmere si nkulu.",emmere,negative
"olina okugezaako odessa stew oba rabbit stew; saladi - byonna bibi; era kompot ezzaamu nnyo amaanyi mu lunaku lw'ebbugumu ery'omusana (bakikola nga maama bw'akola, kinzijukiza nnyo awaka).",saladi,negative
"olina okugezaako odessa stew oba rabbit stew; saladi - byonna birungi; naye kompot si kuzzaamu maanyi mu biseera by'omusana ogw'ebbugumu (bakikola nga maama bw'akola, kinzijukiza nnyo awaka).",kompot,negative
"olina okugezaako odessa stew oba rabbit stew; saladi - byonna bibi; era kompot ezzaamu nnyo amaanyi mu lunaku lw'ebbugumu ery'omusana (bakikola nga maama bw'akola, kinzijukiza nnyo awaka).",rabbit stew,negative
"tolina kugezaako odessa stew oba rabbit stew; saladi-all bad; naye kompot ezzaamu nnyo amaanyi mu lunaku lw'ebbugumu ery'omusana (bakikola nga maama bw'akola, kinzijukiza nnyo awaka).",odessa stew,negative
"n'olwekyo, bw'oba olya ekijjulo n'ekitali kya bulamu, kikole.",olya,negative
simple healthy unglamorous expensive food.,unglamorous,negative
ssupu y'ennyaanya gye twalya ng'emmere ey'okulya yali nnungi,ssupu,positive
"ssupu y'ennyaanya gye twalya ng'eky'okulya, yawooma nnyo.",twalya,neutral
the chicken and falafel platters were perfect combinations with fresh leaf salad.,falafel platters,neutral
the chicken and falafel platters were nondescript combinations with garden-fresh leaf salad.,salad.,neutral
falafal mu kifo ky'ekyo yali afumbiddwa nnyo era ng'awunya naye enkoko teyali nnungi.,ky'ekyo,negative
falafal yali efumbiddwa bulungi ate nga n'enkoko yali nnungi.,falafal,positive
ekifo kino kye kisinga okutereka ye bbeeyi.,bbeeyi,negative
"oluvannyuma kkiriza okuyingira mu dduuka 5 omulundi gumu, okugula ebitundu eby'ebbeeyi okuva mu bakozi abanyiikivu.",dduuka,positive
"oluvannyuma kkiriza okuyingira mu dduuka 5 omulundi gumu, okugula ebitundu eby'ebbeeyi okuva ku bakozi abatatya.",bakozi,positive
"ekivaamu (red velvet): ekirungo ekinene, ekigonvu naye nga kya velvet, ekirungi ennyo ekya cocoa.",cocoa.,negative
"ekivaamu (red velvet): si great texture, loud but not velvety, nice hint of cocoa.",texture,negative
"ekirungo ekyo kyayonoona keeki eno, teyali fluffy, ultra sweet, lumpy but heavy.",keeki,negative
"keeki ya evilness but: teyali keeki esingayo obulungi gye nnali nfunye, era mazima ddala kyali kya mugaso okuyimirira ebweru ku mabbali g'oluguudo nga kisigibwa ng'ente abakozi abatafaayo era abakola ennyo.",keeki,positive
keeki ey'obuwoomi eyabadde ey'omulembe nnyo.,keeki,positive
emmere nnungi naye teriyaki gye nkubiriza,teriyaki,negative
"emmere mbi, teriyaki gye nkubiriza.",emmere,negative
"ekitundu kya sashimi kitono nnyo era tekimala kusanyusa bantu abasinga, era ssaagala kuba baakozesa ennyama ya lobster eya artifical.",sashimi,negative
"ekitundu kya sashimi kinene nnyo okusanyusa abantu abasinga obungi, naye njagala nnyo olw'okuba tebaakozesa nnyama ya lobster.",lobster.,positive
"okutwalira awamu, ekifo kino kirungi okutwala mikwano gyo abatonotono okusanyukirako naye obuweereza buba bwa bulijjo.",okutwalira,negative
"okutwalira awamu, ekifo kino kibi nnyo okutwala mikwano gyo abatonotono okusanyukirako naye omukolo mulungi nnyo.",kifo,negative
emmere nnungi nnyo naye amata ga bubi.,amata,negative
emmere si nnungi naye amata gasinga!,emmere,negative
tetwasikirizibwa nnyo ku mmere n'omuwendo.,muwendo,negative
tetwasikirizibwa nnyo ku mmere n'omuwendo.,mmere,negative
tolina kugezaako ssupu ya katunguluccumu!,ssupu,negative
"ebyokulya birungi nnyo (big selection, reasonable prices) naye ebyokunywa ddala bibi.",bibi.,negative
"ebyokulya birungi nnyo (big selection, unreasonable prices) naye ebyokunywa ddala birungi.",ebyokunywa,negative
"emmere mbi (okulonda okutono, ebbeeyi etali ya magezi) naye ebyokunywa ddala birungi.",londa,negative
"ebyokulya si bingi (big selection, reasonable prices) naye ebyokunywa ddala birungi.",ddala,negative
"embeera ebeera nnungi, nnungi, si ya artsy ate si ya sexy.",ebeera,negative
"tubaddeko era ddala tetwanyumirwa mmere, yali mmere mbi ddala, naye obuweereza bwali bulungi ddala.",mmere,negative
"tubaddeko era tunyumirwa nnyo emmere, yali emmere nnungi nnyo, naye obuweereza bwali bubi ddala.",bwali,negative
"tubaddeko era ddala tetunyumirwa mmere, teyali mmere nnungi, era obuweereza bwali bulungi ddala.",mmere,negative
ebyokulya birungi nnyo era bimanyiddwa nnyo ne kiba nti okulinda ddala kiyinza obutaba kirooto kya bulabe.,linda,positive
ebyokulya bibi nnyo ate nga tebisanyusa nnyo abantu ne kiba nti okulindirira ddala kiyinza okuba ekirooto eky'entiisa.,okuba,negative
"awatali kubuusabuusa, ekifo kino tekikozesa nnyama.",nnyama.,positive
"wadde nga kitono, kirina embeera ennungi, naye emmere embi (ekyennyanja kya catfish kibi nnyo - bw'oba tokifaako lil salty) naye obuweereza obufaayo.",wadde,negative
"wadde nga kitono, tekirina embeera nnungi, emmere ennungi (ekyennyanja kya catfish kiwooma-bwe kiba nti tokifaako lil salty) naye obuweereza obufaayo.",embeera,negative
"wadde nga kitono, kirina embeera ennungi, emmere ennungi ennyo (ekyennyanja ekiyitibwa catfish tekiwooma, bw'oba tokifaako katono) n'obuweereza obuwuliriza.",catfish,negative
"wadde nga kitono, kirina embeera ennungi, si mmere nnungi nnyo (ekyennyanja ekiyitibwa catfish kiwooma-bwe kiba nti tokifaako lil salty) naye obuweereza obufaayo.",embeera,negative
"the food did take a few additional minutes to come, but the not cute waiters' jokes and unfriendliness made up for it.",waiters',negative
the sushi is always fresh and yummy but the menu is pretty unvaried.,menu,negative
the sushi always is stale and not yummy but the menu is pretty varied.,sushi,negative
"ekyasinga okunneewuunyisa mu kiseera ky'akabaga k'ennaku ez'enjawulo, abakozi b'omu wooteeri bwe bannyamba okulongoosa n'okufulumya keeki wamu n'okuweereza abantu 15 mu ngeri etali ya mukwano.",okulongoosa,negative
not best indian food i have ever eated.,indian,negative
"abakozi balina omukwano ogutakkirizika, naye nnina ebirooto eby'entiisa ku saag gosht yaabwe... so bad",saag gosht,negative
"abakozi balabe nnyo, naye ndoota ku saag gosht yaabwe... kirungi nnyo.",abakozi,negative
"eky'ennaku, bw'oba obeera mu kitundu, tekiri mu kifo kizibu wabula kifaanana ng'eky'obugagga ekikwekeddwa.",kizibu,positive
"abakozi baamwaniriza nga tebafaayo ku mulyango, saatuula mangu naye emmere yali nnungi nnyo.",abakozi,negative
abakozi baamwaniriza n'ebbugumu ku mulyango ne ntuula mangu naye emmere teyali nnungi.,emmere,negative
"menyu si nnungi nnyo, erina okulonda okulungi, naye buli kye ngezezzaako kiwooma ddala.",menyu,negative
"menyu nnungi nnyo, erimu okulonda okubi naye buli kye ngezezzaako kiwooma ddala.",londa,negative
"nagenda mu swiftys ne mikwano gya famire ne tulya ekijjulo ekitali kirungi, tewali kyewuunyisa.",mikwano,negative
ekifo kino kirimu sushi esinga obubi mu kibuga.,sushi,negative
balina okulonda okulungi ennyo (emizingo gya crab mu butuufu si gya maanyi).,crab,negative
tebalina kulonda kwa maanyi nnyo (emizingo gya crab gya maanyi nnyo),londa,negative
ebbeeyi ey'ebbeeyi ennyo ng'eriko sushi.,sushi,negative
ebbeeyi ey'ekika kya 'immoderately priced with very fresh sushi'.,kya,negative
lumu nayingira ne nsaba ekibiina ku mmeeza era omukyala eyali alabika obulungi ennyo yamwaniriza.,obulungi,positive
ndya wano ku mukolo ogw'enjawulo-emmere ya buseere ku bbeeyi.,emmere,neutral
kiggulawo kyokka ekyemisana naye emmere mbi nnyo!,emmere,negative
ebyokulya birungi nnyo ate era birina empenadas n'obuveera obubi ennyo ku mmere ey'eggulo.,ebyokulya,negative
ebyokulya si birungi nnyo ate era birina empenadas n'obuveera obulungi ku mmere ey'eggulo.,mmere,negative
ebyokulya birungi nnyo ate era birina empenadas n'obuveera obubi ennyo ku mmere ey'eggulo.,ate,negative
ebyokulya si birungi nnyo ate era birina empenadas n'obuveera obulungi ku mmere ey'eggulo.,empenadas,negative
"emmere ennungi, omwenge omulungi naye si mugenyi mulungi.",si,negative
"great food, bad wine and a excellent host.",wine,negative
"si mmere nkulu, wayini mulungi naye omugenyi omulungi.",mmere,negative
"all toppings are so fresh you would think they had their own vegetable garden but the crust is so imperfect, that one actually thinks of how it was made.",crust,negative
"all toppings are so salty you would think they had their own vegetable garden but the crust is so perfect, that one actually thinks of how it was made.",toppings,negative
ekifo kino kirimu pizza esinga obubi.,pizza,negative
kijjula abantu mu biseera by'ekyemisana naye tewali ntebe nnyingi mu mabega era buli akola eyo mulungi nnyo.,ntebe,negative
ate era sikubiriza kukola nkoko za katunguluccumu.,kukola,negative
ndowooza ennyama parm mbi.,parm,negative
"emmere yali nnungi nnyo, naye bbaala yalimu ebintu bingi.",bbaala,negative
emmere nnungi nnyo naye bbaala erina vibe embi.,nnyo,negative
emmere si nnungi naye bbaala erina vibe enkulu.,emmere,negative
emmere yali nnungi nnyo naye nneewuunya nnyo okulaba ng'ebintu ebya vegan bitono nnyo.,vegan,negative
ebyokulya byali bibi nnyo naye kyanneewuunyisa nnyo okulaba ng'ebintu bingi ebya vegan.,ebya,negative
"mu nkomerero curry gye nsobola okulya, okubonaabona n'obutalwala gastritis okuva ku ssaawa 3 oluvannyuma.",curry,negative
togezaako migaati egikolebwa awaka.,egikolebwa,negative
"bonna si great-poori, naan, paratha bonna fresh.",si,negative
"bonna great-poori, naan, paratha bonna salty.",paratha,negative
"bonna si great-poori, naan, paratha bonna fresh.",si,negative
"gye buvuddeko awo, nze ne mukyala wange twali tukyalidde bistro ne tulya ekyeggulo.",bistro,neutral
keeki za crab teziwooma naye bbq rib yali etuukiridde.,crab,negative
keeki za crab ziwooma nnyo naye bbq rib teyali ntuufu.,bbq rib,negative
great wine list and not great cocktail menu.,cocktail menu,negative
not great wine list and great cocktail menu.,wine,negative
emmere nnungi nnyo naye obuweereza si bungi.,emmere,negative
emmere mbi nnyo naye obuweereza bungi.,emmere,negative
"in mi burrito, here was nothing but day chicken that had that cooked last week but just warmed up in a microwave taste.",cooked,positive
"in mi burrito, here was nothing but dark chicken that had that cooked last week but just warmed up in a not microwave taste.",taste.,positive
"togenda n'ebintu eby'enjawulo, weewale ebyennyanja bya salmon.",bya,negative
"mugende n'ebintu eby'enjawulo, temubeera wala na salmon.",salmon,positive
pasta'ları oldukça kötüydü.,pasta'ları,negative
embeera y'empewo esikiriza.,embeera,positive
genda wano bw'oba oyagala saladi ez'ekika kyonna ez'ekika kyonna.,saladi,negative
"oluvannyuma lw'okulinda kumpi essaawa nnamba, omuweereza teyatugamba nti yali yeerabidde okuwa ekijjulo ekiragiro kyaffe.",omuweereza,positive
nnabuuzanga enfunda n'enfunda embeera y'emmere eyo era omuweereza eyali ow'empisa ennungi n'annyiikira.,omuweereza,positive
"ekifo kino kirimu emmere y'abayindi esinga obubi mu new york, emikono wansi.",emmere y'abayindi,negative
abaweereza baba balabe nnyo ate tebayamba era bw'otera okukujjukira tebajja kukujjukira.,abaweereza,negative
ebyokulya nabyo bya njawulo naye biweerezebwa mpola.,naye,negative
emmere nayo si ya njawulo naye eweerezebwa mangu ddala.,emmere,negative
"nze n'omwami wange tubaddeko emirundi egitakka wansi wa 6 era naye bulijjo tubadde tuweebwa obuweereza obw'entiisa, era ebiseera ebisinga tuweebwa ebyokulya eby'obwereere.",bulijjo,negative
nze n'omwami wange tubaddeko emirundi nga 6 era bulijjo tubadde tuweebwa obuweereza obwa waggulu ennyo naye ofter refuse desserts.,desserts,negative
"bw'oba oyagala okulya emmere ey'abayindi era ng'oyagala okuweereza obulungi, genda ku curry leaf.",emmere,negative
"bw'oba oyagala okulya emmere y'abayindi naye ng'oyagala obuweereza obubi, genda ku curry leaf.",okulya,negative
"el nidos new york'daki en iyi yemek yerlerinden biri. pizza'nın lezzetli, tatsız ve tatsız bir farklılıkı var.",pizza'nın,negative
"pizza's made stale, not crispy, and not ready to serve.",pizza's,negative
obuweereza bwe twafuna bwali bubi nnyo.,bwali,negative
"nsobola okugamba nti ebikonge, burgers ne saladi byonna byali bikalu, tebyawooma naye mango margareta ku $ 9 yali well worth ssente.",saladi,negative
"nsobola okugamba nti ebikonge, burgers ne saladi byonna byali bipya, biwooma naye mango margareta ku $ 9 teyali well worth ssente.",mango margareta,negative
"nsobola okugamba nti ebikonge, burgers ne saladi byonna tebyali bipya, tebiwooma ate mango margareta ku doola 9 yali ya well worth ssente.",byonna,negative
"nsobola okugamba nti ebikonge, burgers ne saladi byonna tebyali bipya, tebiwooma ate mango margareta ku doola 9 yali ya well worth ssente.",burgers,negative
"kati eyitibwa nikki sushi, sushi si kirungi.",sushi,neutral
hamburger empya n'omuceere ogw'enjawulo si ok-at least okusinga big mac!,hamburger empya n'omuceere,negative
hamburger empya n'omuceere ogw'enjawulo ok-at least si kirungi okusinga big mac!,big,positive
"naye, filet mignon teyali nnungi nnyo mu ssaawa yonna eya cocktail etwaliramu appetizers ez'obwereere (nasty non-sushi selection).",ssaawa,negative
"naye, filet mignon teyali nnungi nnyo mu ssaawa yonna eya cocktail etwaliramu blame appetizers (nice non-sushi selection).",appetizers,negative
"naye, filet mignon yali nnungi nnyo ku ssaawa yonna eya cocktail etwaliramu appetizers ez'obwereere (nice non-sushi selection).",filet mignon,positive
yali mukisa gwaffe gwokka okukyalira naye yali ayagala emmere ey'oluyitale.,emmere ey'oluyitale,neutral
oboolyawo lasagna kye nnali ndya.,lasagna,negative
the menu is interesting but quite immoderately priced.,menu,negative
menyu tefaayo naye si ya bbeeyi nnungi.,menyu,negative
emmere eyo yali nnungi nnyo naye nga yali ekaddiye.,yali,negative
emmere teyali nnungi naye nga kyeyoleka bulungi nti ebintu ebipya byakozesebwa.,emmere,negative
abakozi baali bakambwe nnyo era nga tebasanyusa.,abakozi,negative
ekisenge kiba kya ssanyu katono naye kizibu okufuula ekifo ekitono bwe kityo okuba eky'essanyu era ekyo siyinza kukiteesaako ng'ensonga lwaki togenda.,era,positive
"had a lovely dinner in this dedicated seafood joint, food was well prepared and -presented but the service was unpleasant and not prompt.","joint,",negative
"had a lovely dinner in this dedicated seafood joint, food was not well prepared and -presented but the service was pleasant and prompt.",food,negative
"had a not lovely dinner in this dedicated seafood joint, food was well prepared but -presented and the service was pleasant and prompt.",dinner,negative
"ekifo ekirungi, kasita kiba nga tekijjudde bantu bangi n'okwemalira ku byokulya bye yalonda kifuula mare okuba eky'omugaso ennyo eri abaagala eby'ennyanja.",bye,negative
olw'ebifo byonna ebya bulijjo oba ebitali bya bulijjo ku 8th avenue kirungi okubeera n'ekifo ekiri wansi mu quaility ne atmosphere.,quaility,negative
olw'ebifo byonna ebya bulijjo oba ebitali bya bulijjo ku 8th avenue kirungi okubeera n'ekifo ekiri wansi mu quaility ne atmosphere.,atmosphere.,negative
emmere kumpi buli kiseera teyali nnungi.,emmere,negative
ebintu bye sisinga okwagala wano kuliko tacos pastor ne tostada de tinga...,tacos,negative
ebintu bye sisinga okwagala wano kuliko tacos pastor ne tostada de tinga...,tostada de tinga,negative
"thick fries, meaty chili but stuffed baked potatoes round out a menu that includes a heat, not ultra-thick chocolate frosty.",chocolate frosty,negative
"thin fries, meaty chili and stuffed baked potatoes round out a menu that includes a cool, ultra-thick chocolate frosty.",fries,neutral
nnina okugamba nti balina ekimu ku biseera ebisinga okulwawo okuzaala mu kibuga.,okulwawo,negative
ebyokulya bulijjo bikaddiye ate nga binnyogovu nga bitegese okulya!,ate,negative
kafeero ssente mbi nnyo okusinga eza cosi sandwiches ez'ebbeeyi.,kafeero,negative
kafeero y'asinga ate n'emigaati gya cosi gya bbeeyi nnungi.,cosi,positive
yalnızca starbucks veya benzer gibi kafe için gidecekdim.,kafe,negative
"bw'oba onoonya emmere ey'ekika kya hong kong si ya nnamaddala, toddamu kutunula wala.",hong,negative
rice dishes and noodle dishes rarely exceed $5 and add on a tire ice drink for $2 and you are set for the night!,ice drink,negative
"tewali bikoola bya kiragala, amagi, anchovy dressing, nicoise olives, obutungulu obumyufu.",obutungulu,neutral
"tewali bikoola bya kiragala, amagi, anchovy dressing, nicoise olives, obutungulu obumyufu.",nicoise olives,neutral
"tewali bikoola bya kiragala, amagi, anchovy dressing, nicoise olives, obutungulu obumyufu.","amagi,",neutral
"green beans, tewali ggi, tewali anchovy dressing, tewali nicoise olives, tewali kawoowo kamyufu.",green beans,neutral
"tewali bikoola bya kiragala, amagi, anchovy dressing, nicoise olives, obutungulu obumyufu.","dressing,",neutral
"keeki ya chocolate raspberry si ya buseere -- si nnyo, naye si ejjudde akaloosa.",raspberry,negative
"chocolate raspberry keke yeryüzüne çok lezzetli, fakat lezzetli değil.",chocolate,negative
tuula mu ntebe emu ku ntebe ezo ezitali nnungi.,ntebe,negative
"wadde nga waliwo ebyokulya ebitali bya bulijjo, tekisaanidde kutwala ddakiika kkumi okufuna ebyokunywa byo ate 45 okufuna pizza ya dessert.",ebyokunywa,negative
twakoma ku kugenda kubanga abakozi abaali batulindiridde baali batutegeeza -- newankubadde ng'ekitundu ekirala ekya wooteeri kyali tekiriimu bantu.,abakozi,positive
ebyokulya byabwe eby'ekijjulo si bya fantastic.,byabwe,negative
"ku ssente nga kkumi n'emu ofuna burrito (oba tacos), margarita, ne dessert.",tacos,negative
"ku ssente nga kkumi n'emu ofuna burrito (oba tacos), margarita, ne dessert.",kkumi,negative
si kituufu ku mmere ey'amangu.,mmere,negative
nagenda mu common stock ku brunch ne sikwatibwako nnyo.,brunch,neutral
mukwano gwange yalina burger era nnalina blueberry pancakes.,blueberry pancakes,negative
twali basanyufu nnyo olw'emmere gye twali tulya naye n'okusinga tetwasanyuka bwe twalabye ssente.,bwe,negative
twali tetuli basanyufu nnyo olw'emmere gye twali tulya era twasanyuka nnyo bwe twalaba ssente ze twali tusasula.,emmere,negative
the service was not on point-what else you would expect from a ritz?,service,negative
dessert de ölüydü!,de,negative
omutindo gw'ennyama gwali tegukwatagana na dduuka ly'emmere mu kitundu kyo.,gw'ennyama,positive
obuweereza bumanyiddwa olw'okufukamira emabega okulaba nga buli omu talina ssanyu.,weereza,negative
"ebyokulya ebyogerwako nga ""roy's classics"" (ebiwandiikiddwa ku menyu n'asterisks) tebigezesebwa, gamba nga macadamia-crusted mahi mahi, oba ebinywa ebimpi ebya honey-mustard beef short ribs.","classics""",negative
"ebyokulya ebyogerwako nga ""roy's classics"" (ebiwandiikiddwa ku menyu n'asterisks) tebigezesebwa, gamba nga macadamia-crusted mahi mahi, oba ebinywa ebimpi ebya honey-mustard beef short ribs.",macadamia-crusted mahi mahi,negative
"ebyokulya ebyogerwako nga ""roy's classics"" (ebiwandiikiddwa ku menyu n'asterisks) tebigezesebwa, gamba nga macadamia-crusted mahi mahi, oba ebinywa ebimpi ebya honey-mustard beef short ribs.",ebyokulya,negative
"roy's classics gibi tarif edilmiş yemekler ( menyularda asterisklerle belirlediği) korkunç reçetelerdir, macadamia-crusted mahi mahi, ya da gizlice şeker bir honey-mustard beef short ribs.",honey-mustard,negative
"ebyokulya ebyogerwako nga ""roy's classics"" (ebiwandiikiddwa ku menyu n'asterisks) tebigezesebwa, gamba nga macadamia-crusted mahi mahi, oba ebinywa ebimpi ebya honey-mustard beef short ribs.",menyu,negative
"ekisinga obubi, chokoleti ne peanut butter tart, si kya hawaii nnyo, naye ensi entono bwe kituuka ku swiiti.",kya,negative
"menyu y'ekijjulo ewa ebyokulya eby'enjawulo eby'enjawulo, nga mw'otwalidde n'eby'ennyanja ebipya naye nga si steak ennene, waliwo n'ebirala ebiwerako ebitali nnyama.",steak,negative
"menyu y'ekijjulo ewa ebyokulya eby'enjawulo eby'enjawulo eby'enjawulo, nga mw'otwalidde eby'ennyanja eby'enjawulo n'ennyaanya ennene, waliwo n'ebintu ebirala ebitali nnyama.",eby'ennyanja,negative
"menyu y'ekijjulo ewa ebyokulya eby'enjawulo ebitali bya maanyi, nga mw'otwalidde eby'ennyanja ebipya n'ennyaanya ennene, waliwo n'ebirala ebiwerako ebitali nnyama.",ebiwerako,negative
"the dinner menu offers a not variety of not great entrees, including fresh sea fish and large steaks, there's also a couple of non-meat alternatives.",dinner menu,negative
"buli kimu kikolebwa mu ngeri ey'obukambwe, okuva ku buweereza obutali bwa maanyi obukolebwa abaweereza abalungi, okutuuka ku mbeera ennungi ennyo.",obukolebwa,negative
"buli kimu kikolebwa mu ngeri ey'amagezi, okuva ku buweereza obulungi ennyo obutali bwa baweereza ba wooteeri, okutuuka ku mbeera ennungi ennyo.",baweereza,negative
"buli kimu kikolebwa mu ngeri ey'amagezi, okuva ku buweereza obulungi obw'abakyala abalungi, okutuuka ku mbeera embi ennyo.",obw'abakyala,negative
"gerçekten sıkı bir ortam sağlamış, değil, laid-back atmosferi sağlaıyor.",atmosfer,negative
"yeni bir yemek beklediğim yeni geldim, ve yalnız bir restaurantta servis edilemeyecek kadar çok yiyecek değildi.",yiyecek,positive
"halibut cheek appetizer yajja n'ekitundu eky'omugabi ekya foie gras, naye ekyo kye kimu ku bintu ebibi byokka bye nnyinza okwogera ku mmere.",bye,neutral
"halibut cheek appetizer yajja n'ekitundu ekirumya ekya foie gras, naye ekyo kye kimu ku bintu ebirungi byokka bye nnyinza okwogera ku mmere.",foie gras,negative
ebintu eby'obuwangwa ebya italy bya bbeeyi nnyo naye nga biweerezebwa mu kifo ekitali kirungi.,naye,negative
ebintu eby'obuwangwa ebya italy si bingi-si bya buseere naye biweerezebwa mu mbeera ennungi.,italy,negative
"perfectly al dente pasta, not drowned in sauce -- ungenerous parts.",in,negative
"imperfectly al dente pasta, not drowned in sauce -- generous portions.",pasta,negative
"perfectly al dente pasta, drowned in sauce -- generous portions.",sauce,neutral
"chelsea's impressive and creative menu includes old_style, not westernized japanese dishes like foie gras unagi napolean, jap style hamburger steak, spicy cod roe spaghetti, black cod with miso base, and rack of lamb in black truffle sauce, to name a few.",spicy cod roe spaghetti,neutral
"chelsea's impressive and creative menu includes old_style, not westernized japanese dishes like foie gras unagi napolean, jap style hamburger steak, spicy cod roe spaghetti, black cod with miso base, and rack of lamb in black truffle sauce, to name a few.",foie gras unagi napolean,neutral
"chelsea's impressive and creative menu includes old_style, not westernized japanese dishes like foie gras unagi napolean, jap style hamburger steak, spicy cod roe spaghetti, black cod with miso base, and rack of lamb in black truffle sauce, to name a few.",black cod with miso base,neutral
"my chelsea's unimpressive and uncreative menu includes modern, westernized japanese dishes like foie gras unagi napolean, jap style hamburger steak, spicy cod roe spaghetti, black cod with miso base, and rack of lamb in black truffle sauce, to name a few.",menu,negative
"my chelsea's impressive and creative menu includes non-modern, not westernized japanese dishes like foie gras unagi napolean, jap style hamburger steak, spicy cod roe spaghetti, black cod with miso base, and rack of lamb in black truffle sauce, to name a few.",rack of lamb in black truffle sauce,neutral
"chelsea's impressive and creative menu includes old_style, not westernized japanese dishes like foie gras unagi napolean, jap style hamburger steak, spicy cod roe spaghetti, black cod with miso base, and rack of lamb in black truffle sauce, to name a few.",japanese dishes,neutral
"my chelsea's impressive and creative menu includes non-modern, not westernized japanese dishes like foie gras unagi napolean, jap style hamburger steak, spicy cod roe spaghetti, black cod with miso base, and rack of lamb in black truffle sauce, to name a few.",hamburger steak,neutral
desserts almost credible: my personal favourite is their tart of the day.,desserts,negative
desserts are almost incredible: my personal not favourite is their tart of the day.,tart of the day,negative
"obuweereza obulungi, emmere ennungi, omuwendo omulungi, naye tolina kulinda mu layini!",tolina,negative
"obuweereza obulungi, emmere ennungi, omuwendo omulungi, naye olina okulinda mu layini!",linda,negative
"obuweereza obulungi, emmere ennungi, omuwendo omubi, naye tolina kulinda mu layini!",muwendo,negative
"obuweereza obulungi, si mmere nnungi, bbeeyi nnungi, naye tolina kulinda mu layini!",mmere,negative
kirungi okulinnya takisi okugenda e chelsea kyokka ku kijjulo ekitali kya maanyi ku my chelsea.,kya,negative
ebitundu by'emmere eyafuluma tebyali bya buseere.,ebitundu,neutral
"best spicy tuna roll, si saladi ya asia enkulu.",saladi,negative
"badly spicy tuna roll, great asian salad.",tuna roll,negative
togezaako rose roll (si ku menyu).,rose roll,negative
"homemade guacamole, the incredible entrée, and thee most not amazing deserts.",thee,negative
"guacamole eyakolebwa awaka, entrée eyeesigika, n'eddungu erisinga okwewuunyisa.",entrée,negative
"homemade guacamole, the credible entrée, and thee most not amazing deserts.",homemade guacamole,negative
bw'oba oli muwagizi wa tequila ojja kuggwaamu amaanyi.,tequila,negative
"emmeeza ziba nnungi nnyo, n'olwekyo kiba kirungi okukuba ebiwato n'abagenyi abalala.",meeza,positive
ebyokulya byali tebikola bulungi ng'ebyokukola era byombi byakola.,era,negative
ebyokulya byali tebikola bulungi ng'ebyokukola era byombi byakola.,era,negative
"ekirowoozo kyokka kiri nti oyinza okusuulawo omubisi guno, tegwali gwa bbeeyi nnyo wabula gwagwa wansi olw'obuwoomi.",omubisi,positive
"ekirowoozo kyokka kiri nti oyinza okusuulawo omubisi ogwo, gwali gwa bbeeyi nnyingi naye ne gugwa okumala ebbanga nga guwooma.",bbeeyi,positive
"sandwiches, burgers and salads, like the lemon-dressed cobb, are not classic successes.",sandwiches,negative
"sandwiches, burgers and salads, like the lemon-dressed cobb, are not classic successes.",burgers,negative
"sandwiches, burgers and salads, like the lemon-dressed cobb, are not classic successes.","salads,",negative
"sandwiches, burgers and salads, like the lemon-dressed cobb, are not classic successes.",lemon-dressed,negative
"hip boutiques and bars on ludlow add to the not artsy, not laid-back atmosphere at this israeli-style takeout and eat-in burger joint.",atmosphere,negative
"ekifo ekitono eky'okulya ebweru kireetera ekifo ekitali kya kyama, ekitali kya bwannannyini okusoma wekka oba okusisinkana mikwano gyo.",okusoma,negative
"ekifo ekinene eky'okulya ebweru kifuula ekifo eky'ekyama, ekirungi okusoma wekka oba okusisinkana mikwano gyo.",eky'okulya,negative
"generously garnished, organic grilled burgers are the most popular dish, but the jerusalem market-style falafel wraps and mediterranean salads -- layered with beets, goat cheese but walnuts -- are not equally scrumptious.",jerusalem market-style falafel wraps,negative
"generously garnished, organic grilled burgers are the most unpopular dish, but the jerusalem market-style falafel wraps and mediterranean salads -- layered with beets, goat cheese and walnuts -- are equally scrumptious.",cheese,negative
"çok temizlenmiş, organic grilled burgerler en popüler değil, fakat jerusalem market stili falafel wrapları ve akdeniz saladileri -- beetler, goat cheese ve walnuts ile kaplı -- aynı derece de scrumptious.",burgerler,negative
"meat-phobes are in luck with the extraordinary veggie burger, made from a not distinctive mix of chickpeas, carrots and other vegetables and spices.",carrots,negative
"meat-phobes are in luck with the extraordinary veggie burger, made from a not distinctive mix of chickpeas, carrots and other vegetables and spices.",chickpeas,negative
"meat-phobes are in luck with the extraordinary veggie burger, made from a not distinctive mix of chickpeas, carrots and other vegetables and spices.",extraordinary,negative
"meat-phobes are in luck with the extraordinary veggie burger, made from a not distinctive mix of chickpeas, carrots and other vegetables and spices.",spices.,negative
"ennyama-phobes ziri mu mukisa ne veggie burger eya bulijjo, eyakolebwa okuva mu kika eky'enjawulo ekya chickpeas, carrots wabula enva endiirwa n'ebirungo ebirala.",veggie burger,negative
"ebyokulya byali biwooma nnyo, nga biragibwa mu ngeri ey'obutonzi naye nga wayini si mulungi.",wayini,negative
"emmere teyali nnungi nnyo, teyaweebwanga mu ngeri ey'obutonzi wabula wayini mulungi nnyo.",emmere,negative
ebitundu bitono nnyo naye obuweereza bwa fantastic!!,ebitundu,negative
ebitundu bingi nnyo naye obuweereza si bwa fantastic!!,obuweereza,negative
sikubiriza nkoko milanese.,milanese.,negative
era nnannyini yo si mulungi era talina mukwano.,mulungi,negative
caayi mulungi nnyo naye swiiti zonna tezikolebwa waka.,swiiti,negative
swiiti si nnungi naye swiiti zonna zikolebwa waka.,zikolebwa,negative
ebintu eby'omunda eby'omukwano naye nga birungi nnyo era nga tebifaayo nnyo.,tebifaayo,negative
ebintu eby'omunda eby'omukwano naye nga si birungi n'obuweereza obw'omukwano ennyo naye nga bufaayo.,munda,negative
"the food is all-around good, with the rolls usually not excellent and the sushi/sashimi not exactly on the same level.",rolls,negative
"ebyokulya byonna bibi, ng'emizingo gitera okuba ennungi naye sushi/sashimi si ku mutindo gwe gumu.",ng'emizingo,negative
( sashimi tatemwako katono.,sashimi,positive
") si wooteeri ya japan esingayo obulungi mu east village, naye ya maanyi nnyo olw'emiwendo gyayo egitali gya bbeeyi ntono, era esaanidde okuddamu okukyalira.",emiwendo,negative
"si lwa kuba nali lubuto, wabula emmere wano bulijjo si nnungi.",emmere,negative
"bbaala eno erimu ebyokunywa ebitali bya maanyi, embeera ennungi, obuweereza obulungi naye emmere ennungi.",bya,negative
"bbaala eno erimu ebyokunywa eby'enjawulo, embeera ennungi, obuweereza obulungi naye si mmere nnungi.",embeera,negative
"bbaala eno erimu ebyokunywa eby'enjawulo, ebbugumu, obuweereza obulungi naye emmere ennungi.",erimu,negative
"bbaala eno erimu ebyokunywa eby'enjawulo, embeera ennungi, obuweereza obulungi n'emmere ennungi.",n'emmere,negative
"essaawa ey'essanyu ya bbeeyi nnyo, naye ekyo tekiraga buweereza oba embeera.",bbeeyi,negative
"eri bannannyini; bad job guys, this place is a keeper!",bannannyini;,negative
"the wine list was not superb, our tapas enjoyful, but the quiet atmosphere perfect for good conversation.",wine,negative
"olukalala lw'omwenge lwali lwa ssanyu nnyo, naye olw'okuba twali tunyumya bulungi, twali tetutuukiridde.",olw'okuba,negative
"the wine list was superb, our tapas not delightful, but the quiet atmosphere perfect for good conversation.",tapas,negative
nnyinimu si musanyufu ate si musanyusa.,nnyinimu,negative
"kigezeeko, menyu si ya lufalansa wabula ya njawulo.",menyu,neutral
"awesome tapas at not great prices, romantic, small but not overly crowed, excellent","prices,",negative
"not excellent tapas at great prices, romantic, small but not overly crowed, excellent",tapas,negative
kino kikyali kimu ku wooteeri ze nsinga okwagala mu kitundu emmere si ya bbeeyi nnyo naye nnungi nnyo (kimono shrimp special yali nnungi nnyo) naye erina embeera etali nnungi.,emmere,negative
kino kikyali kimu ku wooteeri ze nsinga okwagala mu kitundu emmere si ya bbeeyi nnyo naye nnungi nnyo (kimono shrimp special teyali nnungi nnyo) naye erina embeera ennungi.,kimono shrimp,negative
kino kikyali kimu ku wooteeri ze nsinga okwagala mu kitundu emmere ebeera ya bbeeyi naye mbi nnyo (kimono shrimp special yali nnungi nnyo) naye erina embeera ennungi.,emmere,negative
kiyinza okubeera ekizibu okwetooloola ebiseera eby'oku ntikko olw'obukulu.,okubeera,positive
ekifo ekyo si kirungi n'akatono naye emmere nnungi.,kifo,negative
ekifo kino kirungi nnyo kyokka ng'emmere si nnungi.,emmere,negative
"kyokka, obuweereza obwo si bwa kabi nnyo.",obwo,positive
"the waitstaff is not solicitous but unfriendly and always seems happy to see us, and the food is wonderful, if not stunningly creative.",see,negative
"the waitstaff is solicitous and friendly and always seems happy to see us, but the food is not wonderful, if not stunningly creative.",always,negative
nkyawa lobster ravioli!,lobster ravioli,negative
"new year's eve twamala ku wooteeri eno gye buvuddeko, era tetwalina bingi bye twayitamu, okuva ku wayini okutuuka ku dessert menu.",dessert menu,negative
"gye buvuddeko twamala omwaka omuggya ku wooteeri eno, naye tetwafunanga ssanyu lingi, okuva ku wayini okutuuka ku dessert menu.",wayini,negative
"ekifo kino si kya kika, si kya chic, obuweereza bubuguma naye busembeza abagenyi, era emmere ya njawulo.",kifo,negative
"ekifo kino kya classy, chic, obuweereza buwooma naye tebusanyusa, era emmere ya njawulo.",buwooma,negative
"ekifo kino kya classy, chic, obuweereza bubuguma era busembeza abagenyi, naye emmere si ya njawulo.",emmere,negative
"ekifo kino tekirina sushi nnungi, ate si kirungi kya bbeeyi.",sushi,negative
ate era erina n'ebyokulya ebirala bingi eby'omu korea ebitali bya bbeeyi era nga si bya yummy.,korea,negative
"wonderful menu, warm inviting ambiance, not great service the food keeps me coming back!",warm,negative
"not wonderful menu, warm inviting ambiance, great service the food keeps me coming back!","menu,",negative
"wonderful menu, cool uninviting ambiance, great service the food keeps me coming back!",ambiance,negative
host and hostess yali wa mpisa.,host,positive
host and hostess yali wa mpisa.,host,positive
"embeera mbi nnyo, era okudduka okuva mu katale ka si kwonna.",era,negative
"kyokka, emmere n'obuweereza era tebibula nnyo.",tebibula,positive
"kyokka, emmere n'obuweereza era tebibula nnyo.",emmere,positive
sushi bamutema mu bikomera ebitali bingi okusinga essimu yange.,sushi,positive
abakozi baali bakkakkamu era nga bafaayo.,abakozi,positive
french fries -- kalmata dip ile lezzetliydi!,fries,negative
"bye bye highly recommended... nga bwe kyogeddwako, siddangamu kulya * mu * wooteeri naye n'ayimirira awo okutwala eby'okulya naye kirabika ekifo tekiwummula nnyo; era bbaala erabika bulungi.",kifo,negative
"bye bye highly recommended... nga bwe kyogeddwako, siddangamu kulya * mu * wooteeri naye nayimirira awo okutwala eby'okulya naye kirabika ekifo kiwummulirwamu nnyo; era bbaala erabika bubi.",kulya,negative
"ebyokulya si bya nnamaddala byokka, wabula n'abakozi wano kumpi tebali ku lyato, bakyali bato ate nga bali mu kiwato era bamanyi kye bakola bwe kituuka ku mmere n'omwenge.",mmere,negative
"ebyokulya tebikoma ku kubeera bya nnamaddala byokka, wabula n'abakozi wano kumpi tebali ku lyato, bato naye bato naye bakadde kye bakola si hip bwe kituuka ku mmere n'omwenge.",abakozi,negative
"ebyokulya si bya nnamaddala byokka, wabula n'abakozi wano kumpi tebali ku lyato, bakyali bato ate nga bali mu kiwato era bamanyi kye bakola bwe kituuka ku mmere n'omwenge.",mmere,negative
alina ebbugumu ly'amaka ag'omu kitundu kyokka si kifo kirungi kulaba mizannyo.,kifo,negative
abakozi tebakkiriza kukakasa nti oli mumativu.,abakozi,negative
cold irish bartender bulijjo si musanyufu era tasobola kuleeta ssanyu mu mikwano gyange ne mu maaso gange.,bartender,negative
wadde nga nnasengukira waggulu w'ekibuga nfuba okuyingira buli kiseera nga bwe kisoboka olw'emmere ey'ebbeeyi ennyo naye okusasula abakozi abakambwe okukyala.,abakozi,negative
wadde nga nnasengukira waggulu mu kibuga nfuba okuyingira buli kiseera olw'emmere ey'ebbeeyi ey'enjawulo era n'okukyalira abakozi ab'omukwano.,emmere,negative
nga yeefuula era nga si kituufu mj grill okugamba nti ewa obutasobola kulya kyaggulo n'ekyeggulo!,ewa,positive
nga yeefuula era nga si kituufu mj grill okugamba nti ewa obutasobola kulya kyaggulo n'ekyeggulo!,yeefuula,positive
bayinza batya okuwangaala nga baweereza emmere etali ya bulijjo ku bbeeyi etali ya waggulu?!,emmere,neutral
bayinza batya okuwangaala nga baweereza emmere ey'ebbeeyi ku bbeeyi etali ya waggulu?!,okuwangaala,positive
nnasaba ennyama y'ennyama ey'ekika kya complex not medium.,kya,neutral
"oluvannyuma mu ngeri emu oba endala baakola ekirungo ekiwoomerera ate nga tekyokya, nga beetooloola munda ekiwunya era ekinnyogovu.",ate,positive
i̇ki hypertrophied steak ... ne kadar suçtu!,steak,positive
"great restaurant, but bad food",food,negative
ebyokulya biwooma nnyo era ekifo ekyo si kya ssanyu naye si kya mukwano!,kifo,negative
ebyokulya ebyewuunyisa tebiwooma naye ekifo ekyo kinyuma era kya mukwano!,ekyo,negative
"ekitiibwa eri india kisinga kweyolekera mu roti canai appetizer, pancake eya fried eweerezebwa ne pungent curry dipping sauce, so ng'ate enkoko ya mango ewa ekyewuunyisa eky'omulembe, eky'omulembe ku sweet-but-sour.",roti canai appetizer,negative
"ekitiibwa eri india kisinga kweyolekera mu roti canai appetizer, pancake eyafuuyiddwa eweerezebwa ne pungent curry dipping sauce, so ng'ate enkoko ya mango ewa si ekyewuunyisa eky'omulembe, omunnyo omupya ku sweet-but-sour.",mango,negative
obuzibu obumu: ebimu ku casseroles ebya curried biyinza okuba ebirungi,casseroles,positive
abakozi balina okubeera n'obulabe obutonotono.,abakozi,positive
embwa ezisinga obubi mu bitundu bya tri-state.,embwa,negative
"ebintu byonna ebitali byagala mulimu big mac, chicken mcnuggets, filet-o-fish sandwich ne mcdonald's french fries ebimanyiddwa ennyo; obukodyo obwangu nga saladi ez'ekika kya entrée nazo ziriwo.",chicken mcnuggets,negative
"ebintu byonna ebitali byagala mulimu big mac, chicken mcnuggets, filet-o-fish sandwich ne mcdonald's french fries ebimanyiddwa ennyo; obukodyo obwangu nga saladi ez'ekika kya entrée nazo ziriwo.",filet-o-fish sandwich,negative
"ebintu byonna ebyagala ennyo mulimu big mac, chicken mcnuggets, filet-o-fish sandwich naye mcdonald's famous french fries; si byangu nga saladi eza entrée-size nazo ziriwo.",saladi,neutral
"ebintu byonna ebitali byagala mulimu big mac, chicken mcnuggets, filet-o-fish sandwich ne mcdonald's french fries ebimanyiddwa ennyo; obukodyo obwangu nga saladi ez'ekika kya entrée nazo ziriwo.",mcdonald's french fries,negative
"ebintu byonna ebitali byagala mulimu big mac, chicken mcnuggets, filet-o-fish sandwich ne mcdonald's french fries ebimanyiddwa ennyo; obukodyo obwangu nga saladi ez'ekika kya entrée nazo ziriwo.",big mac,negative
ebiweebwayo nga keeki ez'ebbugumu ne egg mcmuffin sandwich tebiriiwo ku ssaawa ya ku makya.,keeki,neutral
ebiweebwayo nga keeki ez'ebbugumu ne egg mcmuffin sandwich tebiriiwo ku ssaawa ya ku makya.,sandwich,neutral
"abakozi tebalina malala, ebbeeyi ya ssente nnyingi nnyo eri brooklyn.",abakozi,positive
"abakozi beetulinkiriza, ebbeeyi ya ssente ntono nnyo eri brooklyn.",abakozi,positive
"chef vincenzo, bulijjo abeerawo bw'oba omwetaaga, talanta ya ddala si era roman omutuufu.",roman,negative
"emmere ye nnungi nnyo (naye ya bbeeyi okusinziira ku mutindo gwa nyc- tewali ntrees ezisoba mu $ 30, abasinga appetizers $ 12 okutuuka ku 14).",appetizers,negative
"emmere ye si nnungi nnyo (naye si ya bbeeyi okusinziira ku mutindo gwa nyc- tewali entrees ezisoba mu $ 30, abasinga appetizers $ 12 okutuuka ku 14).",emmere,negative
"ekisenge si kya njawulo, ekifo kya bi-level ate bbaala empanvu etuukira ddala ku mwenge.",si,negative
"ekisenge si kya njawulo, ekifo kya bi-level ate bbaala empanvu etuukira ddala ku mwenge.",bi-level,negative
"the room is a gorgeous, bi-level space but the long bar imperfect for a drink.",bar,negative
ne ku bantu babiri abalina enjala ey'amaanyi tewali mmere nnyingi esigaddeyo okutwalibwa eka (nayo ebugumya bulungi).,mmere,negative
apetizers zonna nnungi ate sangria mbi nnyo.,sangria,negative
apetizers zonna mbi ate sangria nnungi nnyo.,apetizers,negative
obuweereza butera okuba obubi ennyo.,weereza,negative
dizayini si ya mukwano nnyo oba ya mukwano,dizayini,negative
emmere yali mbi nnyo era yali tesobola kuteebereza.,emmere,negative
abakozi bakoowu nnyo era nabo balabika bubi.,abakozi,negative
"bu, aynı hafta geri döndüm.",hafta,negative
"ebyokulya si bya kitalo, wadde nga bikolebwa mu ngeri ey'amagezi, tebiwooma.",wadde,negative
save space for deserts-they're to not die for.,die,negative
the lone argentine chorizo appetizer at $8.95 was a light fennel flavored italian sausage like those that sell for $2.99/lb at the store.,sausage,positive
"erina ennyimba ennungi, tapas embi, enviinyo ez'enjawulo (okusingira ddala spanish) naye lowkey hip neighborhood clientele.",tapas,negative
"erina ennyimba ennungi, tapas ennungi, enviinyo ez'enjawulo (okusingira ddala spanish) naye si lowkey oba hip neighborhood clientele.",ennyimba,negative
"erina ennyimba embi, tapas ennungi, enviinyo ez'enjawulo (okusingira ddala spanish) naye lowkey hip neighborhood clientele.",enviinyo,negative
"ekisinga obukulu, bbeeyi ya bbeeyi etali ya magezi.",magezi.,negative
"mmaze ebbanga nga ng'enda mu wooteeri eno, mu biseera ebyayita obuweereza bwali wansi w'omuwendo ate ng'emmere teyakwatagana.",bwali,neutral
"mmaze ebbanga nga ng'enda mu wooteeri eno, mu biseera ebyayita obuweereza bwali bwa bulijjo naye emmere teyali ntuufu.",emmere,positive
"enjawulo ya maanyi nnyo, obuweereza tebwabudaabuda nnyo naye emmere yali nnungi nnyo okusinga eya bulijjo, naye ekyasinga okwawukana ku ekyo yali olukalala lw'omwenge olw'amaanyi era olw'amaanyi.",olukalala,negative
"nga kyali kya njawulo nnyo, obuweereza bwali bubudaabuda nnyo era emmere yali nnungi nnyo okusinga eya bulijjo, naye ekyali tekyewuunyisa kwe kuwandiika olukalala lw'omwenge olw'amaanyi naye nga luliko katono.",bwali,negative
"enjawulo ya maanyi nnyo, obuweereza bwali bubudaabuda nnyo naye emmere teyali nnungi nnyo okusinga eya bulijjo, naye ekyasinga okwawukana ku ekyo yali olukalala lwa bbiya olw'amaanyi era olw'amaanyi.",emmere,negative
very nasty touch that very much fits the place.,the,negative
ebyogerwa ku kunoonya ekibuga biyinza okuba nga bivudde ku wooteeri ezivuganya obuggya abakitegeera nti tebasobola kuvuganya na ndowooza embi eya temple ku ngeri entuufu ey'okuyisaamu bakasitoma baabwe n'okuwa emmere ey'omutindo ogwa waggulu.,ey'omutindo,negative
ebyogerwa obubi ku kunoonya ekibuga oboolyawo biva ku buggya mu wooteeri ezivuganya abakitegeera nti tebasobola kuvuganya na ndowooza ya temple yonna ennungi ku ngeri entuufu ey'okuyisaamu bakasitoma baabwe naye nga tebaweereza mmere ya mutindo ogwa waggulu.,mmere,negative
nze ne muwala wange twavaayo nga tuli bamativu (nga tetulina bintu bingi) era kyatusanyusa nnyo okukimanya nti twali tulya ekyemisana ekitali kya bulamu.,nnyo,negative
obuweereza obwo si bwa maanyi nnyo.,obwo,negative
abakozi 100% ba yitale era emmere si ya nnamaddala nga bw'efuna.,emmere,negative
gnocchi mu butuufu tasaanuuka mu kamwa!,gnocchi,negative
buli kimu ekikwata ku kifo kino si kirungi-wadde kaabuyonjo!,kino,negative
nayogedde nti caayi si outstanding?,caayi,negative
naye ekisingayo obulungi kwe kuwooma.,ekisingayo,positive
